zone_id,id,landuse,name
6738778,6738778,residential,Regency Pinnacle Heights
13942356,13942356,commercial,RMZ Eco World
13971623,13971623,commercial,Geological Survey of India
14015120,14015120,residential,Adarsh Palm Retreat
15256372,15256372,residential,DRDO Residential Colony
15454011,15454011,commercial,nan
15841419,15841419,residential,Mantri Webcity Parcel 3
15989825,15989825,residential,Sobha Emerald
16284031,16284031,residential,Krishna Nagar Apartments
17077499,17077499,residential,Adarsh Palm Retreat Villas
17101059,17101059,commercial,North Gate Business Park
17143468,17143468,commercial,Prestige Tech Forest
17205663,17205663,commercial,Kalyani Vista
17344746,17344746,residential,Srinivasa Reddy S Property
17948650,17948650,residential,Brigade Lavelle
18066770,18066770,residential,Shriram Samruddhi
18451756,18451756,residential,nan
19756720,19756720,residential,Century Renata
20266116,20266116,residential,Sobha Dew Flower
20266117,20266117,residential,nan
20357587,20357587,residential,Halcyon at Brigade Cornerstone Utopia
23029693,23029693,commercial,nan
23030046,23030046,commercial,nan
24349811,24349811,residential,SJR Eastwood
24349812,24349812,residential,Whisper Woods
24349879,24349879,residential,Ozone Evengreen Apartments
24364894,24364894,residential,Ozone Residenza
24364895,24364895,commercial,CPR Arcade
24365453,24365453,residential,Royal Placid Phase 2
24365454,24365454,residential,Reliable Lakedew Residency
24450423,24450423,residential,Silver Meadows
24450430,24450430,residential,Green Meadows
24579798,24579798,residential,SJR Verity
24579799,24579799,residential,Confident Phoenix
24579800,24579800,residential,Owners Court West
24579802,24579802,residential,Owners Court East
26399624,26399624,commercial,ITPB
26399625,26399625,commercial,GR Salarpuria Tech Park
26399626,26399626,residential,Prestige Langleigh
27931605,27931605,residential,Koramangala National Games Village
27994647,27994647,residential,Shanti Park Apartments
28110531,28110531,commercial,Bosch RBEI
28126293,28126293,commercial,Raheja Arcade
28444513,28444513,residential,Diamond District
28451526,28451526,commercial,nan
28453260,28453260,residential,ISRO Quarters
28453293,28453293,residential,Natasha Golfview Apartment
28453683,28453683,commercial,Embassy GolfLinks Business Park
30212088,30212088,residential,Mantri Splendor
30800487,30800487,residential,Golden Enclave
30801153,30801153,commercial,Leela Palace
32260141,32260141,residential,LIC Colony
32260174,32260174,residential,Jeevan Surabhi Apartments
32316800,32316800,residential,Raheja Residency Apartments
33300477,33300477,commercial,Dell Services
34121900,34121900,commercial,Manyata Tech Park
34167482,34167482,residential,SLV Spring Fields
35192889,35192889,residential,Sanchar Nagar
35213754,35213754,residential,Bhagyashree Royale
35215317,35215317,residential,Veeranna Garden
35279855,35279855,commercial,Golf View Campus
35901713,35901713,residential,Platinum City
35909118,35909118,residential,Ashalaya Layout
35909738,35909738,residential,Woods Enclave
35910071,35910071,residential,BDS Gardens
35912577,35912577,residential,Premier Park
35927712,35927712,residential,Subin Apartments
35933157,35933157,residential,nan
35933173,35933173,residential,nan
35933495,35933495,residential,Ferns Meadows
36328304,36328304,commercial,LIC Civil Station East (Old Reserve Bank)
36328305,36328305,commercial,Prestige Towers
36970831,36970831,commercial,Vishweshwariah Towers
36982699,36982699,commercial,Doordarshan Kendra
37338859,37338859,commercial,Bangalore Medical College Hospitals
37595128,37595128,commercial,Saiacs CEO Centre
37786545,37786545,residential,Adugodi Police Quarters
37825675,37825675,residential,Hennur Gardens
37829612,37829612,residential,Trinity Orchard
37829851,37829851,residential,Bens Sathya Enclave
37838292,37838292,residential,nan
38415417,38415417,residential,Yash Classic Enclave
38416183,38416183,residential,Jal Vayu Vihar
38420676,38420676,residential,Anugraha Lotus
38536361,38536361,residential,Mantri Greens
38758048,38758048,commercial,BEML Head Quarter Offices
38758705,38758705,commercial,Bruhat Bengaluru Mahanagara Palike
38772824,38772824,commercial,State Bank of India Complex
38773290,38773290,commercial,UB City
38870571,38870571,commercial,The Lalit Ashok
38870577,38870577,residential,Embassy Habitat
38870579,38870579,residential,RBI Quarters
38871248,38871248,commercial,Jawaharlal Nehru Planetarium
38871249,38871249,commercial,nan
38872927,38872927,commercial,Taj West End
38872969,38872969,commercial,Fun World
38978560,38978560,residential,Railway Quarters
39541558,39541558,commercial,Keppel Bangalore Tower
40631129,40631129,commercial,BDA Complex
40631634,40631634,commercial,Subramanya Arcade
40631635,40631635,residential,Sobha Magnolia
40633849,40633849,residential,Sobha Opal
40633868,40633868,residential,BSNL Quarters
40633869,40633869,residential,Adarsh Gardens
41184090,41184090,residential,Karnataka State Reserve Police Quarters
41206236,41206236,residential,nan
41744637,41744637,residential,Mahaveer Tuscan
41748192,41748192,residential,Spring Beauty
41752462,41752462,residential,Kristal Citrine Apartment
41752739,41752739,residential,Ittina Akkala
42013540,42013540,commercial,HMT Commercial Complex
42014444,42014444,residential,HMT Quarters
42014445,42014445,residential,HMT Quarters
42027291,42027291,residential,Prime Blue Forest Apartment
42396273,42396273,commercial,Indian Space Research Organisation - ISRO Vijinapura Campus
42396274,42396274,residential,IISc Quarters
42850914,42850914,residential,nan
42851262,42851262,residential,nan
42851263,42851263,residential,nan
42851273,42851273,residential,nan
42857418,42857418,residential,nan
42857478,42857478,residential,nan
43102214,43102214,residential,nan
43317315,43317315,residential,nan
43317324,43317324,residential,nan
43321727,43321727,residential,nan
43363673,43363673,residential,nan
43363681,43363681,residential,nan
43363684,43363684,residential,nan
43363723,43363723,residential,nan
43364155,43364155,residential,nan
43364349,43364349,residential,nan
43364350,43364350,residential,Kogilu Layout
43364352,43364352,residential,nan
43608453,43608453,residential,Jayantinagara
43609753,43609753,residential,nan
43609761,43609761,residential,Agrahara Layout
43825207,43825207,residential,nan
43825209,43825209,residential,nan
43990790,43990790,residential,nan
43990803,43990803,residential,nan
44165758,44165758,commercial,Commerce House
44768628,44768628,residential,nan
44945498,44945498,residential,nan
45096250,45096250,commercial,Tata Elxsi
45185773,45185773,commercial,UNI Buildings
45267145,45267145,residential,Loco Shed Quarters
45267554,45267554,residential,nan
45528591,45528591,residential,Kupempu Layout
45528593,45528593,commercial,Biozeen
45740313,45740313,commercial,BDA Complex
45740328,45740328,commercial,Patel's Inn Resort
45740329,45740329,residential,Whitehouse Apartments
46228626,46228626,residential,TATA Aquila Heights Apartments
46228627,46228627,residential,ISRO Quarters
46229299,46229299,residential,AFTC Quarters
46229341,46229341,commercial,nan
46229454,46229454,residential,Shriram Sadhana Apartments
46244855,46244855,residential,Prestige Kensington Gardens
46245005,46245005,residential,Prestige Wellington Park
46251254,46251254,residential,MTRDC Enclave
46554633,46554633,residential,Canopy Apartments
46922189,46922189,residential,Golden Grand
48396748,48396748,residential,Mahaveer Kings Place Apartments
50891866,50891866,residential,CPRI Staff Colony
51130872,51130872,residential,Sethna Power Tower
51868686,51868686,commercial,JP Techno Parks
52033438,52033438,commercial,nan
52033918,52033918,commercial,nan
52050266,52050266,commercial,New Public Offices
52050275,52050275,commercial,nan
52059209,52059209,commercial,nan
52063527,52063527,commercial,nan
52242929,52242929,commercial,Basava Bhavan
52244612,52244612,commercial,nan
52244622,52244622,residential,nan
52244638,52244638,commercial,Aravind Bhavan
52245042,52245042,commercial,nan
52246043,52246043,commercial,nan
52246045,52246045,commercial,nan
52464006,52464006,residential,Akshaya
53264749,53264749,commercial,nan
53849357,53849357,residential,Police Quarters
53859282,53859282,residential,Railway Quarters
56180200,56180200,commercial,Centre for Development of Advanced Computing
57885751,57885751,commercial,Raheja Plaza
58517044,58517044,residential,Police Quarters
59358775,59358775,commercial,nan
60118137,60118137,residential,Vijaya Bank Colony
63707694,63707694,residential,Rohan Vasantha
68680160,68680160,residential,DSR Green Vista
70807228,70807228,residential,Purva Rivera
70809516,70809516,commercial,BSNL Telephone Exchange and CSC
73954248,73954248,commercial,Genisys
73954250,73954250,commercial,Molex Toolking India
82432653,82432653,residential,Rail Wheel Factory West Colony
82486702,82486702,residential,Mahaveer Regal Apartments
83231745,83231745,commercial,Bhoruka Tech Park
83356936,83356936,residential,SMR Vinay Galaxy
83694092,83694092,residential,DNA Oaksville
83694285,83694285,residential,Casa Gopalan
84086381,84086381,commercial,L&T Mind Tree
84271198,84271198,residential,Total Environment Windmills Of Your Mind
84514506,84514506,residential,Gopalan Grandeur
84514507,84514507,residential,Golden Star
85265737,85265737,residential,Sunnyvale Apartment
85392306,85392306,residential,Sterling Brookside
85568486,85568486,residential,Orchid Woods
86309369,86309369,residential,Vasvani Bella Vista Villas
86310221,86310221,commercial,B.S.A. Tech Park
89797678,89797678,residential,Golden Blossom
89932989,89932989,residential,Vaswani Pinnacle
89933144,89933144,residential,Sobha Rose
89933436,89933436,residential,Brigade Harmony
89933990,89933990,residential,Spectra Cypress
89934224,89934224,residential,Sumadhura Sandoval
89934530,89934530,residential,Gayatri Ocean Blues
89935112,89935112,residential,Vishnu Residency
90177974,90177974,residential,NCC Maple Heights
90178625,90178625,residential,DSR Elite
90292572,90292572,residential,UKN Esperanza
90298952,90298952,residential,Maangalya Suryodaya
90300009,90300009,residential,Oasis Breeze Apartments
90389093,90389093,residential,Purva Parkridge Villas
90816891,90816891,residential,Sobha Dahlia
90816893,90816893,residential,Sobha Carnation
90817457,90817457,residential,Sobha Mayflower
90817790,90817790,residential,Sobha Jasmine
90957022,90957022,residential,Salarpuria Sanctity
90999557,90999557,residential,SJR Brooklyn
91000291,91000291,residential,AKME Encore
91237236,91237236,commercial,Bagmane World Technology Center
91374395,91374395,commercial,ITC Gardenia Royal
93023034,93023034,residential,Adarsh Palm Meadows
93210953,93210953,residential,Arya Lotus Apartments
93211238,93211238,residential,Ittina Anu
93340455,93340455,residential,Renaissance Jagriti
93712855,93712855,residential,TATA Sherwood Apartments
93715006,93715006,residential,Vijetha Elysium
93715439,93715439,residential,Chaitanya Oakville Villas
93716004,93716004,residential,Hyde Park Villas
93719029,93719029,residential,Jatti Dwarakamai Villas
93738604,93738604,residential,Ittina Arni Apartments
93887340,93887340,commercial,RMZ Titanium
94119915,94119915,residential,Keerthi Signature
94125754,94125754,residential,Citilights Rustique Apartments
94126062,94126062,residential,Prestige Bougainvillea
94685714,94685714,commercial,Tesco
94711583,94711583,residential,Nitesh Hyde Park Apartments
94712245,94712245,residential,Mantri Residency
94718540,94718540,residential,Prestige Notting Hill
94719031,94719031,residential,Klassik Benchmark
94728213,94728213,residential,Purva Skywood Apartments
94947648,94947648,residential,Mahaveer Ridge Apartments
94959297,94959297,residential,Sobha Suncrest Apartments
94960539,94960539,residential,Sobha Sunscape Apartments
94961207,94961207,residential,Sobha Forest View Apartments
95214236,95214236,residential,Sumadhura Anandam
95384317,95384317,residential,Sobha Sunbeam-I Apartments
95384464,95384464,residential,Sobha Sunbeam-II Apartments
95384729,95384729,residential,Sobha Chrysanthemum Apartments
95385125,95385125,residential,Sobha Ruby Apartments
95385691,95385691,residential,Sobha Althea Apartments
95385956,95385956,residential,Sobha Azalea Row Houses
95507930,95507930,residential,Pebble Bay Apartments
95508167,95508167,residential,Whispering Meadows Apartments
95639943,95639943,commercial,TATA Xylem
95799812,95799812,residential,Ranka Heights Apartments
95799861,95799861,residential,Ranka Nest Apartments
96542822,96542822,residential,Vaswani Bel Air Villas
96567778,96567778,residential,Mahaveer Marvel Apartments
96568555,96568555,residential,Radiant Enclave Apartments
96682580,96682580,residential,Renaissance Temple Bells Apartments
96707218,96707218,residential,Godrej Woodsman Estate Apartments
96710695,96710695,residential,Kendriya Vihar Apartments
96778576,96778576,residential,Nitesh Central Park Apartments
96787265,96787265,commercial,Khanija Bhavan
97062992,97062992,residential,Mantri Tranquil Apartments
97087325,97087325,residential,Suraj Ganga Socrates Apartments
97087564,97087564,residential,Mantri Paradise
97088324,97088324,residential,Mantri Terrace Apartments
97088785,97088785,residential,Epitome Crowne Apartments
97200163,97200163,residential,Kristal Dolomite Apartments
97200383,97200383,residential,Gopalan Jewels Apartments
97200523,97200523,residential,Gopalan Temple Trees Apartments
97200573,97200573,residential,Purva Belmont Apartments
97200646,97200646,residential,NCC Nagarjuna Premier Apartments
97200769,97200769,residential,Maya Indraprastha Apartments
97210062,97210062,residential,Ranka Corner Apartments
97215870,97215870,residential,Sterling Sharda Nivas
97215871,97215871,residential,Gopalan Admiralty Square Apartments
97215872,97215872,residential,Gopalan Manor Apartments
97215874,97215874,residential,Gopalan Admiralty Avenue Apartments
97343843,97343843,residential,SJR Luxuria Apartments
97374147,97374147,residential,Gopalan Urban Woods Row Houses
97557678,97557678,residential,Sobha Cinnamon & Sobha Saffron
97676801,97676801,residential,nan
97676940,97676940,residential,Oxford Manor Flats
97846124,97846124,residential,Rohan Mihira
97991407,97991407,residential,Sun City Euphoria
100584019,100584019,commercial,Regent Gateway
101345895,101345895,residential,Prestige Ozone
101346040,101346040,residential,Nusa Dua
101573097,101573097,residential,Rainbow Drive Layout
101677661,101677661,residential,Sumadhura Sawan
101966136,101966136,commercial,RMZ Infinity
101966149,101966149,commercial,Salarapuria Nova
102934591,102934591,residential,Skylark Arcadia Villas
104963266,104963266,residential,Vithola Apartments
105018167,105018167,residential,Rohan Ashima Apartments
105201140,105201140,residential,Indus Signature Apartments
105318891,105318891,residential,ISRO Quarters
105318893,105318893,residential,DCA Quarters
105318895,105318895,residential,BDA MIG Flats
105318896,105318896,residential,ISRO Newland Housing Colony
105318899,105318899,residential,DAD Quarters
105322106,105322106,commercial,Sasken
105322146,105322146,residential,Orchard Green
105322161,105322161,residential,Victorian Haven Apartments
107240640,107240640,commercial,JW Marriott
111087597,111087597,residential,Surakshaa Fair View Ville
111563731,111563731,residential,ND Passion Apartments
111564222,111564222,residential,Sobha Daffodil Apartments
112143823,112143823,residential,Vanshee Richfields
112243713,112243713,residential,nan
112380259,112380259,residential,nan
112380272,112380272,residential,nan
112462013,112462013,residential,"Police Quarters, Jakkasandra"
112565251,112565251,residential,KempFort Apartments
112579232,112579232,residential,CPWD Quarters
112647576,112647576,commercial,RMZ Millenia
113287087,113287087,residential,nan
113311401,113311401,residential,Pride Apartments
114786294,114786294,residential,Panchavati
115837331,115837331,commercial,Coffee Board of India
116070091,116070091,commercial,DivyaSree NR Enclave
116070394,116070394,commercial,Rajesh Exports Limited
116071523,116071523,commercial,Flowserve
116350203,116350203,residential,Rajarajeshwari Nivasa
116475321,116475321,residential,Meenakshi Residency
116595473,116595473,residential,Mantri Premero
116708075,116708075,residential,Manar Silver Shadow Apartments
116709140,116709140,residential,Golden Woods Row Houses
116709178,116709178,residential,Oceanus Monarda
116709886,116709886,residential,Coronet Green Apartments
117067887,117067887,residential,Gokulam Apartments
117154068,117154068,residential,Sriram Spurthi
117166791,117166791,residential,Sai Poorna High End
117173138,117173138,residential,SLS Serenity Apartments
117313552,117313552,residential,Sterling Shalom
117313586,117313586,commercial,Brigade Tech Gardens
117318672,117318672,residential,Gopalan Aristocrat Apartments
117318695,117318695,residential,Jal Vayu Towers
117340617,117340617,residential,BVL Serene Apartments
117341722,117341722,residential,Satko Palm Tree
117350537,117350537,residential,Skylark Esta
117351176,117351176,residential,Pavani Prestige
117757759,117757759,residential,SJR Watermark
118415617,118415617,residential,HM World City
118895504,118895504,residential,Golden Palms Apartments
118907944,118907944,residential,L&T South City
118927038,118927038,residential,Krishvi Orange Tree
119145155,119145155,residential,Plama Heights Apartments
119330921,119330921,commercial,Tyco Electronics
119980906,119980906,residential,Sraddha Silver Spring
120108487,120108487,residential,Nandi Gardens Apartments (Phase-1)
120108496,120108496,residential,Nandi Garden Apartments (Phase-2)
120108573,120108573,residential,IMG Elite Apartments
120115591,120115591,residential,White Acres Residential Villas
121000806,121000806,commercial,Royal Meenakshi Mall
121004026,121004026,commercial,Honeywell Technology Solutions Lab Pvt Ltd
121004115,121004115,commercial,Kalyani Kalamandira
121005197,121005197,commercial,Salarpuria Symbiosys
121883113,121883113,residential,nan
121981976,121981976,residential,Pashmina Waterfront Apartments
122146913,122146913,residential,nan
122146915,122146915,commercial,Transtree Corporate Guest Houses
122146928,122146928,residential,Deccan Fields
122151911,122151911,residential,SJR Spencer
122270533,122270533,residential,Bhadra Brookefields
122270537,122270537,residential,Sobha Lotus
122278924,122278924,commercial,nan
122278941,122278941,residential,Sobha Daisy
122403366,122403366,commercial,Mindlogix
122403371,122403371,commercial,Maruthi Onyx
122409738,122409738,residential,Citylights Liberty
122424491,122424491,residential,Chaithanya Armadale
122668435,122668435,commercial,Larsen & Toubro Infotech Ltd
122668438,122668438,commercial,Prestige Featherlite Tech Park
122668448,122668448,commercial,nan
122668449,122668449,commercial,Manhattan Associates India Development Center
122668454,122668454,commercial,RMZ Centennial
122668456,122668456,commercial,Microchip Tech Park
122668462,122668462,commercial,nan
122668472,122668472,commercial,Secon Surveys Private Limited
122668477,122668477,commercial,Whitefield Palms
122686412,122686412,residential,Krishna Brookefields
122686415,122686415,residential,Citilights Knights Bridge Apartments
122686448,122686448,residential,Renaissance Rainbow Apartments
122691467,122691467,residential,Gopalan Apartments
122701298,122701298,commercial,Wabtec Corporation
122701299,122701299,commercial,Nethra Tech Park
122701300,122701300,commercial,Adarsh Eco Place
122701301,122701301,commercial,Wabtec Corporation
122701312,122701312,commercial,nan
122737527,122737527,commercial,nan
122737532,122737532,residential,Prestige Shantiniketan Residential Complex
122738032,122738032,residential,Brigade Metropolis
122899909,122899909,residential,Balaji Sapthagiri
122899919,122899919,residential,Prism Sovereign
122900608,122900608,residential,Shraddha Vrindavan Apartments
123103813,123103813,commercial,Fortune Select Trinity
123103814,123103814,commercial,Radha Hometel
123594079,123594079,residential,Karnataka State Reserve Police 9th Battalion
123613244,123613244,commercial,SJR iPark
123613246,123613246,commercial,SAP Labs
123613252,123613252,commercial,Gopalan Global Axis
123613255,123613255,commercial,RMZ NXT
123613260,123613260,commercial,First Technology Place
123613262,123613262,commercial,Lemon Tree Hotel
123613263,123613263,commercial,Ionidea
124079086,124079086,residential,Shriram Spandana Apartments
124079093,124079093,residential,Vayu Vihar
124079095,124079095,residential,nan
124388475,124388475,residential,Madhuranagara Colony
124418328,124418328,commercial,nan
124537328,124537328,residential,nan
124537360,124537360,residential,HAL Employees Quarters
124760636,124760636,commercial,Embassy Icon
124779974,124779974,residential,Purva Highlands Apartments
124779981,124779981,residential,Vakil Garden City
124779986,124779986,residential,Suvidha Retirement Village
124782789,124782789,commercial,nan
124782793,124782793,commercial,nan
125111017,125111017,residential,Trinity Meadows Apartments
125173717,125173717,commercial,nan
128211143,128211143,commercial,Gold Hill Square
128211193,128211193,residential,Alpine Park Apartments
128252510,128252510,commercial,Saroj Square
128510748,128510748,commercial,Domlur BDA Complex
128510770,128510770,commercial,nan
128510771,128510771,residential,BDA Flats
128515251,128515251,residential,nan
128515255,128515255,commercial,nan
128515890,128515890,residential,CPWD Complex
128515892,128515892,residential,nan
128886906,128886906,commercial,BWSSB Malleswaram
129438439,129438439,residential,Nagarjuna Greenridge Apartments
129491516,129491516,residential,Pioneer Fortune Squares
129732438,129732438,residential,Greenwood Regency
130121749,130121749,commercial,Sterlings Mac
130160819,130160819,residential,Presige LakeVista
130510277,130510277,commercial,Hindustan Unilever Research Centre
131284500,131284500,residential,Sadananda Nagar
131487378,131487378,residential,Concorde Midway City Apartments
131610639,131610639,residential,Prestige St. Johns Woods
131663189,131663189,residential,Prestige - The Elgin
132417298,132417298,residential,Chartered Jardin
132782112,132782112,commercial,WeWork Galaxy
133020696,133020696,commercial,Modern Foods
133021451,133021451,residential,Best Apartments
133021679,133021679,commercial,Virtual Logic Systems Pvt. Ltd.
133117257,133117257,commercial,VRL Bus Depot
133117493,133117493,residential,Brigade Gateway
133189469,133189469,residential,Golden Corner
133256306,133256306,commercial,Spar
133296529,133296529,residential,Purva Atria Apartments
133524189,133524189,residential,Purva Fairmont
133524190,133524190,residential,Purva Vantage
133524193,133524193,residential,Vensa Residensy
133630420,133630420,residential,Prestige Waterford
133630422,133630422,residential,Prestige Whistling Palms
133751394,133751394,residential,BTM Residency Phase 2
133752863,133752863,residential,Banashankari Balaji Paradise
133881874,133881874,commercial,Brigade South Parade
133881876,133881876,commercial,BSNL CGM Office
133881878,133881878,commercial,nan
133883061,133883061,commercial,Brigade Twin Towers
133940637,133940637,residential,Kolte Patil Surabhi Apartments
133940681,133940681,residential,Majesitc Residency
133945834,133945834,residential,Jains Prakriti Apartments
134099953,134099953,commercial,ITC
134100146,134100146,commercial,Gopalan Arcade Mall
134195645,134195645,residential,Unitech Deja View
134910209,134910209,residential,Sai Poorna Heights
134987795,134987795,residential,Salarpuria Magnifica Apartments
134987838,134987838,residential,Skyline Atlantis Apartments
135078007,135078007,commercial,"Government Hospital, K.R. Puram"
135167309,135167309,residential,Prestige Park View
135262256,135262256,commercial,nan
135262275,135262275,commercial,nan
135265533,135265533,residential,nan
135266041,135266041,residential,Duo Harmony
135266043,135266043,commercial,George Thangiah Complex East
135271153,135271153,residential,Prestige White Meadows
136052794,136052794,residential,Sai KSD Serenity Apartments
136052795,136052795,residential,Jai Gardenia
136052796,136052796,residential,Shakthi Highlands Apartment
136997475,136997475,commercial,Brigade IRV Center
137068510,137068510,residential,Laughing Waters
137223439,137223439,residential,Regent Place
137772088,137772088,commercial,SJR Primeco Union City
137772257,137772257,commercial,Bio Plus
137775971,137775971,residential,Sai Poorna Paradise Apartments
137776371,137776371,residential,Sraddha Fairmount Apartments
137776431,137776431,residential,SVR Flora Apartments
137804510,137804510,residential,Balaji Elegance
137804511,137804511,residential,MIMS Gulmohar Villas
137804571,137804571,residential,Prestige Palms
137804668,137804668,residential,Spectrum Ambara
137804669,137804669,residential,Swarna Heavens
137812657,137812657,residential,Saranya Sarovar Apartments (u/c)
138123923,138123923,residential,ETA Star The Gardens
138222884,138222884,residential,Brigade Paramount
138222895,138222895,residential,Celestial Greens Apartments
138223970,138223970,residential,Ranka Park Apartments
138290173,138290173,residential,Esteem Heritage Apartments
138290174,138290174,residential,Esteem Park Apartments
138290207,138290207,residential,Sobha Tulip Apartments
138391763,138391763,residential,Skyline City Apartments
138714896,138714896,residential,Dattaprasad Cooperative Apartments
138952985,138952985,residential,Nitesh Caesar's Palace Apartments
138953342,138953342,residential,Mantri Serenity
138991391,138991391,residential,nan
138991394,138991394,commercial,Karnataka State Road Transport Corporation - KSRTC HQ
138991396,138991396,commercial,nan
139238787,139238787,commercial,nan
139372747,139372747,residential,Shanders Springdale
139502949,139502949,residential,Aisshwarya Excellency Apartments
139503153,139503153,residential,Embassy Pristine Apartments
139504303,139504303,residential,Chaithanya Swojas
139635565,139635565,residential,Samhita Rainbow MTB
139639601,139639601,residential,Pavani Oakridge Apartments
140022954,140022954,commercial,Tata Consultancy Services
140235891,140235891,residential,Godrej United
140752857,140752857,residential,"Income Tax Layout, Sadananda Nagar, NGEF Layout"
140872075,140872075,residential,SRK Gardens Apartments
141211672,141211672,residential,August Park Apartments
141211814,141211814,residential,Saimitra Meadows Apartments
141626681,141626681,residential,Salarpuria Sattva Gold Summit Apartments
142141356,142141356,residential,Kumar Prince Town Apartments
142262217,142262217,residential,Oasis Regency Apartments
142262298,142262298,residential,Manish Classic Apartments
142262401,142262401,residential,Manpho Pavilion Apartments
142262525,142262525,residential,Raj Paradise Apartments
142263405,142263405,residential,Esteem Enclave
142374252,142374252,residential,Salarpuria Silverwoods
142374613,142374613,residential,Salarpuria Cambridge Residency
142469141,142469141,residential,Ranka Court Apartments
142740903,142740903,residential,Lakshmi Devi Nagar Slum Board Quarters
143368247,143368247,commercial,nan
144771898,144771898,commercial,St. Patrick's Complex
144771903,144771903,commercial,Richmond Towers
144771904,144771904,commercial,nan
144963286,144963286,residential,Goodwill Appartments
145128188,145128188,commercial,Shell
145130697,145130697,commercial,HM Tech Park
145224051,145224051,residential,Elita Promenade Phase 2
145265487,145265487,residential,Mantri Lakeview
145495707,145495707,commercial,Nandi Infrastructure Corridor Enterprises Ltd.
146202211,146202211,residential,Salapuria Splendor
146202214,146202214,commercial,Old Britannia Headquarters
147230027,147230027,residential,MIMS Rose Dale
147260919,147260919,residential,Sunny Bliss
147268882,147268882,residential,Ushas Apartments
147614265,147614265,residential,Habitat Aster Apartments
148075558,148075558,residential,Sterling Park
148075563,148075563,residential,Beary's Lakeside Habitat
149420817,149420817,commercial,nan
149517584,149517584,residential,Renaissance Park 2
149517585,149517585,residential,Reniassance Park 3
149517592,149517592,residential,Renaissance Park 1
150593034,150593034,residential,SS Felicity Homes
151191144,151191144,residential,SJR Vogue Residences
152426499,152426499,residential,Embassy Heritage Apartments
152426534,152426534,residential,Salarpuria Luxuria Apartments
153929118,153929118,residential,Shriram Suhaana Apartments
154094631,154094631,residential,Adarsh Residency
154662156,154662156,residential,Abshot Layout
155147355,155147355,residential,Shoba Habitech Apartments
155167163,155167163,residential,Cambridge Layout
155272120,155272120,residential,Purva Seasons
155417240,155417240,residential,SV Milan
155417500,155417500,residential,DSR Sunrise Apartments
155417956,155417956,residential,3G Crimson Villas
155973106,155973106,residential,Dodsworth Enclave
156547661,156547661,residential,Meenakshi Classic Apartments
156959704,156959704,commercial,nan
157083018,157083018,residential,KSR Cordelia Apartments
157204431,157204431,residential,Whitefield Ville
157204436,157204436,residential,Balaji Pristine
157835869,157835869,residential,McKinley's Pembrook
158027742,158027742,residential,Ittina Sarva 1 Aparments
158701327,158701327,residential,nan
159031320,159031320,residential,Rahat Gardenia
159853877,159853877,commercial,IOCL Office
159875836,159875836,residential,Chitramala Appartments
160011306,160011306,residential,Sri Devi Anugraha
160326964,160326964,residential,Royal Legend Apartments
160398774,160398774,residential,Canopy Dwellings
163201014,163201014,residential,The Residences
164598328,164598328,residential,Block 1
164598369,164598369,residential,Block 2
164598397,164598397,residential,Block 3
164598428,164598428,residential,Block 4
164598623,164598623,residential,Block 5
166560364,166560364,residential,Pride Picassa
166560434,166560434,residential,nan
166560435,166560435,residential,nan
166560436,166560436,residential,nan
166560437,166560437,residential,nan
166560439,166560439,residential,nan
166560440,166560440,commercial,nan
166560441,166560441,residential,nan
166611418,166611418,residential,Shapoorji Pallonji Parkwest
166611437,166611437,residential,SBI Quarters
168384742,168384742,commercial,Sharana Seva Samaja
168968264,168968264,residential,Oakyard Apartment
169709333,169709333,commercial,Salarpuria Cambridge
169711287,169711287,commercial,Conrad Bengaluru
169801513,169801513,residential,Raheja Arcade
169812187,169812187,residential,Koncept Nest
169814465,169814465,residential,Bindu Anmol Apartments
169816703,169816703,residential,Vaishnavi Paradise
169817244,169817244,residential,Gopalan Residency
169817456,169817456,residential,Bysani Skyway
169817498,169817498,residential,Mantri Gardens
169818351,169818351,commercial,SJM Towers ( Tata Consultancy Services )
169825867,169825867,commercial,Shikshakara Bhavana
169827685,169827685,residential,Trinity Enclave
169827688,169827688,commercial,L & T
170199729,170199729,residential,Reliance Nest
170199731,170199731,residential,Navarathna
170338925,170338925,residential,KHB Flats
172468949,172468949,residential,Purva Fountainsquare
172883335,172883335,commercial,Commercial Tax Offices
172903815,172903815,commercial,nan
172903817,172903817,residential,Field Marshal Cariapa Colony
172920305,172920305,commercial,Jayamahal Palace Hotel
172947356,172947356,commercial,Salarpuria Arena
173006679,173006679,commercial,nan
173006680,173006680,residential,nan
173006682,173006682,commercial,nan
173435203,173435203,commercial,Oberoi Hotel
173435228,173435228,commercial,Taj MG Road
173435229,173435229,residential,nan
173435230,173435230,residential,nan
173470562,173470562,residential,nan
173574697,173574697,commercial,Sharada Towers
173577477,173577477,residential,Gopalan Brindavan Apartments
174038181,174038181,residential,Prestige Ferns Residency
175060857,175060857,commercial,JSS Educational Institutions
175061142,175061142,residential,nan
176068555,176068555,residential,ITC Nitesh Garden Enclave
176341868,176341868,residential,Janapriya Heavens
176342025,176342025,residential,Anria Appartments
176770894,176770894,residential,Candeur Carlisle
177929895,177929895,commercial,nan
178914761,178914761,residential,nan
179640626,179640626,residential,MIMS Springdale Villas
180205464,180205464,residential,Ittina Sarva 2 Apartments
181331890,181331890,commercial,Silver Software
181461600,181461600,commercial,Divyashree Technopark
181466412,181466412,commercial,Ginger
181544627,181544627,commercial,Skora Tech Park
181695458,181695458,commercial,nan
181695461,181695461,commercial,Capgemini
181699297,181699297,commercial,Embassy Crest
182038132,182038132,residential,nan
182175815,182175815,residential,Police Quarters
182175819,182175819,commercial,Shell
182177274,182177274,residential,Eden Au Lac Apartments
182486346,182486346,commercial,nan
182819734,182819734,commercial,Cauvery Ford
184387456,184387456,residential,Brigade Gardenia Park
184759328,184759328,commercial,M S Ramaiah Convention Centre
184946109,184946109,residential,MSR Northcity
185975068,185975068,residential,Adithya Elan Apartments
185975845,185975845,residential,Mahaveer Tranquil
185977461,185977461,residential,Trifecta Sollievo
186248629,186248629,residential,Raaga Apartments
186866772,186866772,residential,MJR Pearl Apartments
187400967,187400967,residential,Gopalan Atlantis
187765472,187765472,residential,Bren Avalon
187765614,187765614,residential,Adithya Elixir
187767259,187767259,residential,Sobha City
188171495,188171495,residential,Adarsh Vista Villas
188208032,188208032,residential,Prisha Orchids
188209553,188209553,residential,Devin Paradise Enclave
188212105,188212105,residential,Nikoo Homes Apartments
188430969,188430969,residential,Judicial Layout Phase II
188431718,188431718,commercial,Nandi Toyota
188434386,188434386,residential,DRDO Phase 1
188623964,188623964,residential,Chaitanya La Grove
188893527,188893527,residential,SLS Square
188895370,188895370,commercial,Tulip Data Center
189046488,189046488,residential,Big Banyan Roots Apartments
190141669,190141669,residential,Sumadhura Vasantham
190144812,190144812,commercial,nan
190144828,190144828,residential,Prestige Misty Waters
190387170,190387170,residential,Mahaveer Mapple
191035688,191035688,commercial,Karnataka Slum Clearance Board
191035693,191035693,residential,Police Quarters
192032069,192032069,commercial,ITC Windsor
192032074,192032074,commercial,Salarpuria Dominion
193664737,193664737,residential,Rohan Jharokha
194059735,194059735,residential,Rohan Avriti
194580931,194580931,residential,SNN Clermont
194600686,194600686,residential,SNN Raj Serenity Apartments
195278102,195278102,residential,Mangam Pride Apartments
195842851,195842851,residential,Sumadhura Madhuram
196302460,196302460,residential,G R Lavender
197986146,197986146,residential,Keerthi Surya Shakti Towers
198048173,198048173,residential,Adarsh Palace
200130973,200130973,residential,Tropical Paradise Layout
200750242,200750242,commercial,Geneva Industries Limited
201253299,201253299,commercial,Unique ID authority of India - UIDAI
201762062,201762062,residential,Krishna Kuteer Villas
202063467,202063467,residential,nan
202063468,202063468,residential,nan
202063469,202063469,residential,nan
202063472,202063472,residential,nan
202662174,202662174,residential,BMRCL Relocated Colony
204266412,204266412,commercial,BBMP
204414356,204414356,commercial,nan
208686727,208686727,commercial,High Court of Karnataka
208686729,208686729,commercial,nan
208686730,208686730,residential,nan
208693358,208693358,commercial,nan
208693753,208693753,commercial,"Radisson Blu Hotel, Atria"
208697532,208697532,commercial,nan
208697536,208697536,commercial,nan
208699640,208699640,commercial,nan
208699641,208699641,residential,nan
208699642,208699642,residential,Deauville Apartments
208699644,208699644,commercial,nan
208699646,208699646,commercial,nan
208699647,208699647,commercial,nan
208701340,208701340,commercial,nan
208701341,208701341,residential,nan
208701342,208701342,residential,nan
208701343,208701343,commercial,nan
208701345,208701345,commercial,nan
208701346,208701346,commercial,nan
208701347,208701347,commercial,nan
208701348,208701348,commercial,nan
208745482,208745482,commercial,nan
208745483,208745483,commercial,nan
208745487,208745487,commercial,nan
208745488,208745488,commercial,nan
208745491,208745491,commercial,nan
208745493,208745493,commercial,nan
208746625,208746625,residential,nan
208746626,208746626,residential,nan
208746628,208746628,residential,nan
208746629,208746629,commercial,Hulkul Brigade Center
208746630,208746630,commercial,nan
208827398,208827398,commercial,Halasuru Gate Traffic Police Station
208827401,208827401,commercial,nan
208827402,208827402,commercial,nan
208827403,208827403,commercial,nan
208827405,208827405,commercial,nan
208827406,208827406,commercial,nan
208827407,208827407,commercial,nan
208827410,208827410,commercial,High Court of Karnataka Administrative Block
208827413,208827413,commercial,nan
208957570,208957570,residential,Purple Garden Apartment
215972588,215972588,residential,Aditya Vintage
217529756,217529756,residential,nan
217536629,217536629,residential,Zen Gardens Apartments
217566868,217566868,residential,CPWD Quarters
217566878,217566878,commercial,Divyasree Greens
217566879,217566879,commercial,Fairway Business Park
217566881,217566881,commercial,nan
217566882,217566882,commercial,nan
217566884,217566884,commercial,nan
217566885,217566885,commercial,Hotel Royal Orchid
217566886,217566886,commercial,nan
217566887,217566887,residential,nan
217572291,217572291,commercial,nan
217572292,217572292,commercial,nan
218642149,218642149,commercial,IIM Telephone Exchange
218907532,218907532,residential,VRR Heritage
218907558,218907558,residential,Vidya Heritage Plaza Appartment
218907561,218907561,residential,Innovative Petal
218907562,218907562,commercial,nan
218911639,218911639,residential,Ferns Habitat
218919366,218919366,commercial,BBMP office Arekere
219000787,219000787,residential,Akme Ballet
219000802,219000802,residential,nan
219016891,219016891,residential,Aakhruthi Homes
219016893,219016893,residential,Alpine Eco
219016895,219016895,residential,Ferns City
219016896,219016896,residential,Ferns Paradise
219016905,219016905,residential,Sankrupa Elite
219016924,219016924,residential,Flushing Meadows
219381649,219381649,residential,CPWD Quarters
219618390,219618390,commercial,MFAR Wilshire III
219618391,219618391,commercial,PPS Ford
219618418,219618418,residential,NCC Urban Ivory Heights
219618419,219618419,commercial,nan
219618421,219618421,residential,Police Quarters Singayyanapalya
221313795,221313795,residential,Skyline Magnolia
223045623,223045623,residential,Sanjay Nagar
224621538,224621538,commercial,nan
226065770,226065770,commercial,Bangalore Development Authority
226529040,226529040,residential,NCC Urban Aster Park
227096526,227096526,residential,Purvi Prestine Apartments
227097031,227097031,residential,Foyer Infinity
227097740,227097740,residential,Krishna Gardens Incity Layout
227098151,227098151,residential,ACAS Cresent Square Apt
229037226,229037226,residential,Sri Krishna Sai Enclave Apartments
229037337,229037337,residential,Sai Yahvi Apartments (u/c)
229628369,229628369,residential,Brigade Lakefront
230229162,230229162,commercial,Wipro SJP2
230468433,230468433,residential,nan
230469051,230469051,residential,Sri Sai Royale
230469462,230469462,commercial,nan
230863017,230863017,residential,Purva Venezia
231521949,231521949,residential,Golden Park Apartments
231529153,231529153,residential,Pavani Pleasant
231529158,231529158,residential,nan
232235456,232235456,residential,Fernhill Apartments
232238868,232238868,residential,Oman Topaz
232238869,232238869,residential,Sobha Oryx
232239478,232239478,residential,Mantri Sarovar
232327875,232327875,residential,Sobha Garnet
232329241,232329241,commercial,Salarpuria Softzone
232332726,232332726,residential,Sobha Hibiscus
232333306,232333306,residential,Sobha Quartz
232333307,232333307,residential,Sobha Aquamarine
232430926,232430926,residential,Akme Harmony
232431133,232431133,residential,Divyashree Elan Apartments
232657594,232657594,commercial,Bharath Electronics Limited
232866008,232866008,residential,V.R.R Residency
232892803,232892803,commercial,Intel
232970396,232970396,commercial,Embassy TechVillage
232972967,232972967,commercial,Cessna Business Park
232973995,232973995,commercial,Salarpuria Touchstone
232973997,232973997,commercial,Salarpuria Hallmark
232978094,232978094,residential,Purva Sunshine
232980250,232980250,residential,Mantri Flora Apartments
232981267,232981267,residential,SJR Park Vista
232981268,232981268,residential,SJR Redwoods
232983507,232983507,residential,Vaswani Villa Del Mar
232983673,232983673,residential,Trinity Acres & Woods
233001388,233001388,commercial,Prestige Tech Park
233003597,233003597,residential,Utopia Apartments
233003773,233003773,commercial,Aricent Group
233003774,233003774,residential,NCC Greenwoods Apartments
233006409,233006409,residential,Banyan Tree Apartments
233006410,233006410,residential,Sobha Iris
233094034,233094034,residential,Oceanus Freesia Enclave
233201273,233201273,residential,Purva Skydale Apartments
233202147,233202147,residential,SJR Blue Waters
233391055,233391055,residential,Astro Silverwood Residency
236668473,236668473,residential,Krishna Lilac Apartments
236669244,236669244,residential,Oceanus Triton Apartments
236670154,236670154,residential,Oceanus Ebony Apartments
236670240,236670240,residential,c
236693943,236693943,residential,Lake City
236694109,236694109,residential,nan
236694288,236694288,residential,nan
236730838,236730838,residential,Salarpuria Greenage
236814188,236814188,residential,Salarpuria Serenity
236947469,236947469,commercial,RMZ Gateway
236976148,236976148,residential,Salarpuria Symphony
236976150,236976150,commercial,nan
237060204,237060204,residential,Wise Residency Apartment
237063429,237063429,residential,nan
237063440,237063440,residential,nan
238031280,238031280,residential,Nyayagrama
238289623,238289623,residential,Shriram Shreyas Apartment
238289646,238289646,residential,Shri Prakriti Apartment
238571959,238571959,residential,The Ledge
238581403,238581403,residential,VDB Celadon
238582593,238582593,residential,Vivek Marvel Apartment
239072206,239072206,residential,Classic Pleasant Ville Layout
239436411,239436411,commercial,Wipro M3 / M4
239451831,239451831,residential,ISRO Layout
239586703,239586703,residential,Vittal Nagar
239588887,239588887,residential,Samrudhi Layout
239599065,239599065,residential,Kalyani Nagara
243396964,243396964,residential,Ark Serene County Apartments
243553544,243553544,commercial,nan
243554710,243554710,residential,Prestige Acropolis
243898038,243898038,residential,nan
243932085,243932085,residential,Mantri Elite
245806441,245806441,commercial,Central Silk Board
246344386,246344386,residential,Police Quarters
247572210,247572210,residential,Urs colony
248099390,248099390,commercial,Chairman's Resort
248437741,248437741,residential,Y D Homes
249233210,249233210,residential,Indraprastha Ruhe
254334628,254334628,residential,Self Financed Society 208
256685820,256685820,commercial,Sea Air Logistics
257661992,257661992,residential,Christella Villas
259063320,259063320,commercial,KPTCL Training Center
259157353,259157353,residential,Radiant Redwood Apartments
259160039,259160039,residential,BTM Residency Phase 1
259181617,259181617,commercial,Huawei India
259191813,259191813,commercial,NetApp
260359250,260359250,residential,Rajashree Layout
261043856,261043856,residential,Four Seasons Apartments
262491688,262491688,residential,Vaswani Brentwood Apartments
263668180,263668180,commercial,MLR Convention Center
263923063,263923063,residential,Shriram Samskruti Apartments
264038069,264038069,residential,Sumadhura's Srinivasam
264139928,264139928,residential,Sena Vihar
264885186,264885186,residential,Mahaveer Reveria
265565391,265565391,commercial,Kirloskar Business Park
266310354,266310354,residential,Prestige Lakeside Habitat
266537221,266537221,residential,Janapriya Apartments
266744402,266744402,residential,SR Layout
266744565,266744565,residential,N R Layout
272973474,272973474,residential,Mini Villa
282860645,282860645,commercial,Manipal Center
283808742,283808742,residential,Prestige Silver Oak
285465921,285465921,residential,Adarsh Rhythm
285466414,285466414,residential,Purva Heights Apartments
285608036,285608036,residential,Pioneer Paradise
285608037,285608037,residential,Brigade Palmsprings
287103311,287103311,residential,Embassy One
287872486,287872486,residential,Telecom Colony
290191383,290191383,commercial,nan
290363186,290363186,commercial,RMZ Futura
291266074,291266074,commercial,Gandhi Bhavan
297042986,297042986,residential,Brigade Jasmine
301754965,301754965,residential,CBR Aakruti Apartments
302359306,302359306,residential,Surakshaa Fair View Apartments
304482165,304482165,residential,Purva Panorama
304772485,304772485,residential,Gayatri Pearl Apartment
306079940,306079940,residential,Alpine Fiesta Apartments
306514355,306514355,residential,Kote-Mylarappa Layout
306520671,306520671,commercial,HP Petrol Bunk
308682772,308682772,commercial,Krishna Magnum
309161351,309161351,residential,Sree Shore Icon
309450890,309450890,residential,Ittina Anai Apartments
309688622,309688622,residential,Springfield Apartments
310345249,310345249,residential,nan
310345250,310345250,residential,Spring Valley
310456338,310456338,residential,nan
310909494,310909494,residential,SLS Spencer Villas
312720671,312720671,residential,Vaswani Exquisite Apartments
312904028,312904028,commercial,nan
313191027,313191027,commercial,BWSSB Rajata Bhavan
313830633,313830633,residential,Vandana Apartments
314609681,314609681,residential,nan
314616178,314616178,residential,nan
316015845,316015845,residential,Sun City Gloria
316018414,316018414,commercial,HSR Layout BDA Complex
317760346,317760346,commercial,Survey Of India - Southern Zone
320455185,320455185,commercial,Mantri Commercio
321498181,321498181,residential,Parimala Trinity Apartments
322947140,322947140,residential,Maruti Apartments
322954720,322954720,residential,Golf Manor Apartments
323010664,323010664,residential,Arrcons Ayna Indraprastha
323036050,323036050,residential,HAL Old Township
323047914,323047914,commercial,Bagmane Tech Park
323047915,323047915,residential,DRDO Township
323094323,323094323,residential,nan
323094325,323094325,residential,nan
323094327,323094327,residential,nan
323121671,323121671,commercial,SNS Arcade
323207011,323207011,residential,nan
323217248,323217248,residential,Casa Royale
323217250,323217250,commercial,Nagarjuna Silver Crest
323217251,323217251,commercial,Sling Media
323217252,323217252,residential,Pinewood Apartment
323217253,323217253,residential,Rifco Santosh Apartments
323217254,323217254,residential,Saideep Horizon Apartments
323217255,323217255,commercial,Saideep Srinidhi
323217262,323217262,commercial,nan
323217496,323217496,residential,Ind-Wins Glory
323220377,323220377,commercial,nan
323220380,323220380,commercial,nan
323458353,323458353,commercial,Salarpuria Towers
323629916,323629916,commercial,Diamond District Commercial Block
323642598,323642598,residential,Royale Habitat
323642599,323642599,residential,DSR Rainbow Heights
323852394,323852394,residential,Mantri Blossom
323852398,323852398,commercial,Urvashi
323946095,323946095,residential,nan
323946096,323946096,residential,nan
323946097,323946097,residential,nan
323946098,323946098,residential,nan
323946099,323946099,residential,nan
323946101,323946101,residential,nan
324204464,324204464,commercial,Pride Hulkul
324698164,324698164,commercial,nan
325436707,325436707,commercial,The Institute of Engineers
325854824,325854824,residential,nan
325926779,325926779,commercial,nan
326180339,326180339,residential,nan
326468263,326468263,residential,Enchanted Woods
326491691,326491691,commercial,nan
327032475,327032475,commercial,Bharath Scouts and Guides - State Headquarters
327059482,327059482,commercial,nan
327534076,327534076,commercial,nan
327534077,327534077,commercial,nan
327534078,327534078,commercial,nan
327551782,327551782,commercial,Prestige Obelisk
327551791,327551791,commercial,HP
328894846,328894846,commercial,Cosmopolitian Club
328996274,328996274,commercial,The Churches' Council for Child and Youth Care
329298737,329298737,residential,Karnataka State Reserve Police 1st Battalion Police Quarters
330057890,330057890,residential,nan
330072418,330072418,residential,nan
330072419,330072419,residential,nan
330072421,330072421,residential,nan
330079114,330079114,commercial,nan
331184054,331184054,residential,Prestige Kingfisher Towers
331352084,331352084,commercial,nan
331352085,331352085,commercial,nan
331376862,331376862,residential,nan
331382761,331382761,commercial,nan
331382780,331382780,residential,nan
331538350,331538350,commercial,Chancery Pavilion
331669900,331669900,commercial,nan
331670041,331670041,commercial,nan
331670260,331670260,residential,nan
331670261,331670261,commercial,nan
331670262,331670262,commercial,nan
331807248,331807248,commercial,nan
331807249,331807249,residential,nan
331807250,331807250,residential,nan
331811886,331811886,commercial,nan
331811887,331811887,commercial,Om Chambers
331811889,331811889,residential,nan
331814097,331814097,residential,Hutment Colony
331814746,331814746,residential,Park West
332092442,332092442,residential,BMTC Officers Quarters
332907587,332907587,commercial,Additional Director General of Police
333728073,333728073,residential,Central Silk Board Staff Quarters
334455498,334455498,commercial,IndiQube Lexington Tower
334633607,334633607,residential,Total Environment - Learning to Fly
334651225,334651225,residential,Brigade Komarla
334651226,334651226,commercial,Padmanabhanagara BSNL Office
334653047,334653047,residential,MBR Steeple
334653051,334653051,residential,DLF New Town
334654790,334654790,residential,Paramount Pilatus
334654791,334654791,commercial,Shahi Exports Pvt Ltd
334654792,334654792,residential,Mahindra Windchimes
334955890,334955890,residential,Police Quarters
334955891,334955891,residential,Police Quarters
335169246,335169246,commercial,Chowdiah Memorial Hall
335404563,335404563,commercial,BR Complex
338103089,338103089,residential,DRDO Residential Colony
338103139,338103139,commercial,Gopalan Grand Mall
338103140,338103140,commercial,nan
338103198,338103198,residential,Deepicas Residency
338103868,338103868,residential,Mayflower Gardens
338104618,338104618,residential,Prestige Greenwoods
338105673,338105673,residential,Samhita Castle
338106449,338106449,commercial,Jolly Estate
340241105,340241105,residential,nan
340241106,340241106,commercial,Karnataka Urban Infrastructure Development and Finance Corporation
340255771,340255771,residential,NSL Luminaire Villas
343138212,343138212,residential,Adarsh Palm Retreat Plumeria
343141799,343141799,residential,Jain Heights Altura
343624635,343624635,residential,Akruti Sunshine
343628951,343628951,residential,Assetz East Point
343842766,343842766,commercial,Shri Muneeswara Water Service
343842772,343842772,residential,nan
343842774,343842774,residential,nan
343842775,343842775,residential,nan
343842778,343842778,commercial,nan
343842783,343842783,residential,nan
343842786,343842786,residential,Ascot Apartments
343842789,343842789,residential,nan
343842792,343842792,residential,Golden Imroze
343842793,343842793,residential,Tierra
343842794,343842794,residential,nan
343842795,343842795,residential,nan
343842796,343842796,residential,nan
343842804,343842804,residential,Marvel Arista
343885049,343885049,residential,Purva Park Apartments
344100106,344100106,commercial,Karnataka State Financial Corporation
344322138,344322138,commercial,DELL EMC
345868197,345868197,residential,nan
346150335,346150335,residential,The Magic Faraway Tree Total Environment
346177585,346177585,commercial,Visvesvaraya Technological University - Regional Center
346223765,346223765,residential,Sriya Paradise
346239710,346239710,residential,Sahana Residency
346239997,346239997,residential,nan
346444839,346444839,commercial,Karnataka Power Transmission Corporation
346460207,346460207,commercial,Gokula Towers
346492924,346492924,residential,Jaya Emerald
346518846,346518846,commercial,Seva Sadan
346520717,346520717,commercial,Carlton Towers
346520718,346520718,commercial,nan
346526290,346526290,commercial,Lekkad Chambers
346714189,346714189,residential,Parimala Ivory Apartment
346714976,346714976,residential,Ushodaya Aura
346754238,346754238,residential,Athishri
347029160,347029160,residential,MC Sarovar Appartment
347144592,347144592,residential,Malnad Villa
347145385,347145385,commercial,Hindustan Arcade
347159781,347159781,commercial,Girija building
347167686,347167686,residential,Elegance Lalbagh View Apartment
347196366,347196366,residential,nan
347434793,347434793,residential,Kethana Eternal Blossom
347438356,347438356,residential,Sila Diamond Apartment
347478228,347478228,residential,Soundarya Pranav Apartments
347537295,347537295,residential,nan
347593507,347593507,residential,Sai Palace Apartments
348375410,348375410,commercial,nan
348453590,348453590,residential,Chartered Beverly Hills
348498281,348498281,residential,Samrat Apartments
349098891,349098891,residential,nan
349502232,349502232,residential,Century Pragati
349654005,349654005,commercial,AMR Tech Park
351346801,351346801,residential,Sindhya Sunshine
351415565,351415565,residential,Bhikshu Kunj
351585566,351585566,residential,Vaswani Melrose
352481876,352481876,residential,Sumadhura Pranavam
352740640,352740640,residential,nan
352974094,352974094,commercial,Arvind Motors Private Limited
353236629,353236629,residential,Habitat Eden Heights
353374559,353374559,commercial,Taralabalu Kendra
353374565,353374565,commercial,"BSNL Exchange, RT Nagar"
353981011,353981011,commercial,Woodlands
357144582,357144582,residential,Ajmera Green Acres
358330818,358330818,residential,Newark Springs
359083455,359083455,residential,Adithya Serene
360342802,360342802,commercial,Sigma Soft Tech Park
360343564,360343564,residential,BM Glorietta
361528993,361528993,commercial,RMZ Ecospace
361567930,361567930,residential,Coconut Garden Layout
361568357,361568357,residential,Chalukya Nagar
361569047,361569047,residential,Garden Vilas
362880382,362880382,residential,nan
363085001,363085001,residential,Nirvana
363104747,363104747,residential,Prestige Kew Gardens
363116234,363116234,residential,nan
363147254,363147254,residential,Government Homeopathic Hospital Quarters
363454314,363454314,commercial,nan
363454315,363454315,commercial,nan
363454316,363454316,commercial,nan
363456522,363456522,commercial,BSNL Telephone Exchange
363612211,363612211,commercial,Royal Orchid Hotel and Convention Centre
364495430,364495430,residential,Citi Nest
364692609,364692609,residential,ESI Quarters
365255375,365255375,residential,Police Quarters
365273817,365273817,residential,Mahaveer Dazzle
366244149,366244149,residential,EWS Layout
366244494,366244494,commercial,Breakthrough
366257070,366257070,residential,Sai Enclave
366701247,366701247,residential,Keerthi Gardenia
366702185,366702185,residential,Rajani Ashish Apartments
367605330,367605330,residential,Genesis Suncity
367605331,367605331,residential,Reliaable Acacia
367605349,367605349,residential,nan
367605353,367605353,residential,nan
367605354,367605354,residential,nan
368126224,368126224,residential,Sobha Ultima
368274331,368274331,residential,Rema Skyview Apartments
368274332,368274332,residential,Veracious Sonesta Apartments
368274334,368274334,commercial,nan
368401557,368401557,commercial,Hasgeek
368504354,368504354,residential,BREN Palms
368504780,368504780,residential,Mangalya Prosper Apartments
368722867,368722867,residential,nan
368769035,368769035,residential,Time
368769046,368769046,residential,nan
368769671,368769671,commercial,nan
368773893,368773893,commercial,nan
368775238,368775238,commercial,nan
368775239,368775239,commercial,nan
369295555,369295555,commercial,Karnataka State Power Transmission Corporation Limited
369295557,369295557,commercial,Prestige Meridian
369295558,369295558,commercial,Raheja Towers
369295568,369295568,commercial,nan
369384573,369384573,residential,Brigade Mayfair
369835812,369835812,residential,Lake View County
369835816,369835816,residential,Royal County
369835819,369835819,residential,Divya Jyothi Royal Heights
369835822,369835822,residential,nan
369870619,369870619,residential,Habitat Crest
370301096,370301096,commercial,Esquire Center
370301097,370301097,commercial,Mahalakshmi Chambers
370301098,370301098,commercial,Nitesh Broadway
370322276,370322276,residential,Axis Citrino Apartments
370327479,370327479,commercial,Wipro Corporate Office
370381642,370381642,commercial,nan
370387413,370387413,residential,Mantri Glades
370388045,370388045,commercial,Amul
370388047,370388047,commercial,National Dairy Development Board
370526798,370526798,residential,Sriram Shristhi
370526799,370526799,residential,Shriram Srishti
370527776,370527776,residential,Siroya Environ
371602981,371602981,residential,Jaishree Point Apartment
371602982,371602982,commercial,Safina Towers
371602984,371602984,commercial,nan
371605139,371605139,commercial,nan
372083761,372083761,commercial,Karnataka State Health Department
373409692,373409692,commercial,nan
373570584,373570584,commercial,LuLu Global Mall
373787222,373787222,residential,nan
373787224,373787224,residential,Mathrushree Orchid Homes
373787227,373787227,residential,nan
373787229,373787229,residential,Golden Village Layout
373787231,373787231,residential,nan
373787232,373787232,residential,nan
373812696,373812696,residential,nan
374694460,374694460,residential,Embassy Grove
374694463,374694463,residential,nan
374746498,374746498,commercial,Prestige Lakeshore Drive
378413913,378413913,residential,Classic Hallmark
378414548,378414548,residential,Chourasia Manor Phase 2
378615437,378615437,residential,Puravankara Purva Sunflower
383057933,383057933,commercial,Prestige
383568896,383568896,residential,nan
385359250,385359250,residential,ITC Mud Fort
388309530,388309530,commercial,6th Mile Customs
389341674,389341674,residential,St. Johns Residential Quarters
391140243,391140243,commercial,nan
391140244,391140244,commercial,nan
391140245,391140245,commercial,nan
391140246,391140246,residential,nan
393657985,393657985,residential,G R Shreenivas
394253548,394253548,residential,"D Silva Layout , Happy Valley"
395084901,395084901,residential,Salarpuria Sattva Celesta
395490284,395490284,residential,Banashankari 6th Stage - 1st Block
395490285,395490285,residential,Banashankari 6th Stage - 2nd Block
395490291,395490291,residential,Banashankari 6th Stage - 3rd Block
395490293,395490293,residential,Banashankari 6th Stage - 4th Block
395505146,395505146,residential,Banashankari 6th Stage - 6th Block
395505149,395505149,residential,Banashankari 6th Stage - 5th Block
395505151,395505151,residential,Banashankari 6th Stage - 7th Block
395505155,395505155,residential,Banashankari 6th Stage - 9th Block
395505156,395505156,residential,Banashankari 6th Stage - 10th Block
395505158,395505158,residential,Banashankari 6th Stage - 8th Block
395505159,395505159,residential,Banashankari 6th Stage - 4th B Block
395954132,395954132,commercial,Sapota Park
396517426,396517426,commercial,nan
396517428,396517428,residential,nan
396517430,396517430,residential,nan
396518545,396518545,commercial,nan
396654009,396654009,residential,nan
397787926,397787926,residential,nan
397787927,397787927,residential,nan
397787931,397787931,residential,nan
397787932,397787932,residential,nan
397787933,397787933,residential,nan
397789907,397789907,residential,nan
397789908,397789908,residential,nan
397789909,397789909,residential,nan
397794672,397794672,residential,nan
397797211,397797211,residential,nan
397797748,397797748,residential,nan
397797749,397797749,residential,nan
397797750,397797750,residential,nan
397797751,397797751,residential,nan
397797752,397797752,residential,nan
397798254,397798254,commercial,nan
400467515,400467515,commercial,nan
400475394,400475394,commercial,nan
400484615,400484615,commercial,nan
400484616,400484616,commercial,nan
400484617,400484617,commercial,nan
400484619,400484619,commercial,nan
400484621,400484621,residential,nan
400484622,400484622,commercial,nan
401998711,401998711,commercial,nan
401998712,401998712,commercial,nan
401998715,401998715,commercial,nan
401998716,401998716,commercial,nan
402004566,402004566,residential,Sobha Ivory
402011849,402011849,residential,Sankey Apartment
402812678,402812678,residential,NAL Quarters
402812679,402812679,residential,NAL Quarters
403024944,403024944,residential,Mantri Lithos
403473921,403473921,residential,Balabrooie Guest House
403473924,403473924,commercial,Karnataka Wine Board
403473962,403473962,residential,Chief Secretary House
403473967,403473967,commercial,nan
403476603,403476603,residential,Seven Ministers Quarters
405141209,405141209,commercial,Bhoomika Theatre
405141210,405141210,commercial,Kalpana Cinema
405141212,405141212,commercial,LIC
405141214,405141214,commercial,Prabhat Complex
405141230,405141230,commercial,nan
405141231,405141231,commercial,nan
405141232,405141232,commercial,nan
405141234,405141234,commercial,nan
405429048,405429048,residential,Karnataka High Court Staff Quarters
405430812,405430812,commercial,Embassy Zenith
405432271,405432271,residential,nan
405464107,405464107,residential,nan
408154459,408154459,commercial,nan
408154460,408154460,commercial,nan
408154461,408154461,residential,nan
408154462,408154462,residential,nan
408154464,408154464,commercial,nan
408154465,408154465,residential,nan
408154466,408154466,residential,nan
408154467,408154467,commercial,nan
408154468,408154468,residential,nan
408154469,408154469,commercial,nan
408154470,408154470,commercial,nan
408154471,408154471,residential,nan
408154472,408154472,commercial,nan
408154473,408154473,residential,nan
408154475,408154475,residential,nan
408154476,408154476,residential,nan
408154477,408154477,commercial,nan
408154478,408154478,commercial,nan
408154479,408154479,residential,nan
408154480,408154480,commercial,nan
408157836,408157836,commercial,nan
408157837,408157837,commercial,nan
408157839,408157839,commercial,nan
408157840,408157840,commercial,nan
408157841,408157841,commercial,nan
408157843,408157843,commercial,nan
408157844,408157844,commercial,nan
408157845,408157845,commercial,nan
408157847,408157847,commercial,nan
408157848,408157848,commercial,nan
408157850,408157850,commercial,nan
408157851,408157851,commercial,nan
408157853,408157853,commercial,nan
408157854,408157854,commercial,nan
408160891,408160891,residential,nan
408160892,408160892,commercial,nan
408160893,408160893,residential,nan
408160894,408160894,residential,nan
408160895,408160895,commercial,nan
408160896,408160896,residential,nan
408160897,408160897,commercial,nan
408160898,408160898,residential,nan
408160899,408160899,residential,nan
408160900,408160900,commercial,nan
408160901,408160901,residential,nan
408160902,408160902,residential,nan
408160903,408160903,residential,nan
408161879,408161879,residential,nan
408161880,408161880,residential,nan
408162740,408162740,residential,nan
408162741,408162741,residential,nan
408162742,408162742,residential,nan
408162969,408162969,residential,nan
408162970,408162970,residential,nan
408165572,408165572,residential,nan
408165574,408165574,commercial,nan
408165576,408165576,commercial,nan
408165577,408165577,commercial,nan
408165578,408165578,commercial,nan
408165579,408165579,residential,nan
408165580,408165580,residential,nan
408165581,408165581,residential,nan
408165582,408165582,commercial,nan
408165583,408165583,residential,nan
408168806,408168806,residential,nan
408168807,408168807,residential,nan
408168808,408168808,residential,nan
408168809,408168809,residential,nan
408168812,408168812,residential,nan
408168813,408168813,commercial,nan
408248124,408248124,commercial,nan
408248126,408248126,commercial,nan
408838799,408838799,residential,Zonasha Vista
408839285,408839285,residential,Sobha Classic
408938060,408938060,residential,Vaishnavi Nakshatra
411036476,411036476,residential,Neeladri Sadan Apartments
411036521,411036521,residential,nan
411036526,411036526,residential,nan
411043596,411043596,residential,King's Way Apartment
411043597,411043597,commercial,nan
411043599,411043599,residential,nan
411043601,411043601,commercial,nan
411043602,411043602,commercial,nan
411044708,411044708,commercial,nan
411055260,411055260,commercial,nan
411067270,411067270,commercial,nan
411067271,411067271,commercial,nan
411067273,411067273,commercial,nan
411069166,411069166,commercial,nan
413271616,413271616,residential,nan
413271617,413271617,residential,Manar Elegance
413271618,413271618,residential,Creative Residency
413271619,413271619,residential,nan
413271620,413271620,residential,nan
413271622,413271622,residential,Isha Lake Front
413271623,413271623,residential,nan
413529814,413529814,residential,SMR Vinay Estella
414821492,414821492,residential,Zonasha Paradiso
414821493,414821493,residential,Y @ Whitefield
414821495,414821495,commercial,nan
414833842,414833842,commercial,Gayatri Tech Park
414833843,414833843,commercial,Kalyani Tech Park
414833854,414833854,residential,nan
414833855,414833855,residential,nan
414833856,414833856,residential,nan
414833858,414833858,commercial,Bagmane Solarium City
414834473,414834473,residential,Vijetha Lapis Lazuli
414836208,414836208,residential,SVS Palms
414836209,414836209,residential,The Greens Apartment
414836213,414836213,commercial,SJR Primeco Luxon
414836215,414836215,residential,Bren Unity
414837838,414837838,residential,Vinayaka Layout
414837841,414837841,residential,nan
414837847,414837847,residential,nan
414837848,414837848,commercial,Prestige Technostar
414837849,414837849,residential,nan
414838097,414838097,commercial,Salarpuria Sattva Knowledge Court
414840789,414840789,residential,nan
414842308,414842308,commercial,nan
414842346,414842346,commercial,The Sulit Whitefield
414842348,414842348,commercial,nan
414842349,414842349,commercial,nan
414842351,414842351,commercial,nan
414843098,414843098,commercial,nan
414843099,414843099,commercial,nan
415116795,415116795,residential,HAL Housing Complex
415116833,415116833,residential,nan
415116834,415116834,residential,nan
415116837,415116837,residential,nan
416707221,416707221,residential,KPTCL Quarters
416736193,416736193,commercial,nan
416736202,416736202,residential,nan
416736209,416736209,residential,nan
416736216,416736216,residential,nan
416736222,416736222,commercial,nan
416736228,416736228,residential,nan
416736235,416736235,residential,nan
416736239,416736239,commercial,nan
416736247,416736247,residential,nan
416736253,416736253,commercial,nan
416736259,416736259,residential,nan
416736266,416736266,residential,nan
416736270,416736270,residential,nan
416736277,416736277,residential,nan
419816003,419816003,residential,nan
419816259,419816259,residential,nan
419816260,419816260,residential,nan
419816261,419816261,residential,nan
419816262,419816262,residential,nan
419816263,419816263,residential,nan
419816264,419816264,commercial,nan
419816265,419816265,commercial,MSK Plaza
419816474,419816474,residential,nan
419816558,419816558,residential,nan
421097872,421097872,commercial,Lemon Tree Premier
421097873,421097873,commercial,nan
421102472,421102472,commercial,SPA Plaza
421102473,421102473,commercial,Jubilee Complex
421114600,421114600,commercial,nan
421114601,421114601,commercial,nan
421114602,421114602,commercial,nan
421114603,421114603,commercial,Hazrat Hamid Shah Complex
421116112,421116112,commercial,nan
421116115,421116115,commercial,nan
421217255,421217255,residential,White Meadows
422438642,422438642,residential,nan
422438644,422438644,residential,Narayan Nethralaya
422438645,422438645,residential,nan
422439678,422439678,residential,nan
422455495,422455495,residential,nan
422455496,422455496,residential,nan
422455497,422455497,commercial,nan
422455498,422455498,residential,nan
422455499,422455499,residential,nan
422455500,422455500,residential,nan
422455501,422455501,residential,nan
422455502,422455502,residential,nan
422455503,422455503,residential,nan
422455504,422455504,residential,nan
422455505,422455505,residential,nan
422455506,422455506,residential,nan
422455507,422455507,residential,nan
422455508,422455508,residential,nan
422455509,422455509,residential,nan
422455949,422455949,residential,nan
422455950,422455950,residential,nan
422457123,422457123,residential,nan
422457125,422457125,residential,nan
422457127,422457127,residential,nan
422457128,422457128,residential,nan
422457129,422457129,commercial,nan
422457130,422457130,residential,nan
422457993,422457993,commercial,nan
422457996,422457996,residential,nan
422458085,422458085,residential,nan
422458086,422458086,commercial,nan
422458087,422458087,residential,nan
422458088,422458088,residential,nan
422458089,422458089,residential,nan
422458090,422458090,residential,nan
422461611,422461611,commercial,nan
422471312,422471312,residential,nan
422471313,422471313,residential,nan
422471314,422471314,residential,nan
422662134,422662134,residential,nan
422817360,422817360,commercial,nan
422817361,422817361,residential,nan
422817362,422817362,commercial,nan
425797659,425797659,residential,nan
425797660,425797660,residential,nan
425797661,425797661,residential,nan
425797662,425797662,residential,nan
425797663,425797663,residential,nan
425797664,425797664,residential,nan
425797665,425797665,residential,nan
427568002,427568002,commercial,BSNL Exchange Office
428143084,428143084,residential,nan
428143089,428143089,commercial,Maker Meridian
428170665,428170665,residential,nan
428170666,428170666,residential,nan
428170667,428170667,residential,nan
428170668,428170668,residential,nan
428170669,428170669,commercial,nan
428170670,428170670,residential,nan
428170671,428170671,residential,nan
428170672,428170672,commercial,nan
428170673,428170673,residential,nan
428170674,428170674,residential,nan
428170675,428170675,residential,nan
428170676,428170676,residential,nan
428170677,428170677,commercial,nan
428170678,428170678,commercial,nan
428170679,428170679,residential,nan
428170680,428170680,commercial,nan
428170681,428170681,commercial,nan
428170682,428170682,residential,nan
428170683,428170683,commercial,nan
428170684,428170684,residential,nan
428170685,428170685,residential,nan
428170686,428170686,residential,nan
428170687,428170687,residential,nan
431603158,431603158,residential,nan
431603159,431603159,residential,nan
431814847,431814847,residential,nan
432594248,432594248,residential,DSR Ultima
437438966,437438966,commercial,nan
437536498,437536498,commercial,Hotel Shangri-La
437536510,437536510,residential,nan
437536511,437536511,residential,Golk Link Apartments
437536512,437536512,residential,Official Residence of Chief Minister of Karnataka
437536513,437536513,residential,Embassy Palace
437536514,437536514,residential,nan
437536515,437536515,residential,Chief Minister's Guesthouse
437536516,437536516,residential,nan
437539068,437539068,residential,nan
437584787,437584787,commercial,nan
439843205,439843205,residential,Brigade Millennium
439843206,439843206,residential,Brigade Millennium
439843208,439843208,residential,Elita Promenade Phase 1
439843209,439843209,commercial,MLR Convention Centre
439881035,439881035,residential,nan
440159712,440159712,commercial,nan
440159716,440159716,residential,Vaishnavi Terraces
440182101,440182101,commercial,Embassy Heights
442048043,442048043,commercial,nan
442048044,442048044,commercial,Porter Head Office
444787055,444787055,residential,Purva Iris Apartments
447359508,447359508,residential,SJR Primecorp The Pavilion
448349260,448349260,residential,Bren Paddington
448900270,448900270,residential,nan
448900283,448900283,residential,Amrutha Value
449855984,449855984,residential,nan
449855985,449855985,residential,nan
449855986,449855986,residential,nan
449855987,449855987,residential,nan
450307517,450307517,residential,Shriram Chirping Woods
450307524,450307524,residential,Shubh Enclave
450309829,450309829,residential,nan
450523337,450523337,residential,nan
450523338,450523338,residential,Astro Redwood Regency
450523339,450523339,residential,Bren (SJR) Celestia
450523340,450523340,residential,nan
450523341,450523341,residential,nan
450523342,450523342,residential,nan
450523343,450523343,residential,Srinivasa Classic
450523344,450523344,residential,nan
450524936,450524936,residential,Karnataka State Reserve Police
450524937,450524937,residential,nan
450524943,450524943,residential,KSDB Quarters
450537530,450537530,residential,Saroj Dynasty
450537541,450537541,commercial,Global Technology Park
450546984,450546984,commercial,nan
450546985,450546985,commercial,nan
450547673,450547673,residential,nan
450550412,450550412,residential,Suncity Apartments
450550413,450550413,residential,Zephyr
450550419,450550419,residential,Kristal Olivine
450550420,450550420,commercial,nan
450584261,450584261,residential,Nandi Sunshine Layout
450584274,450584274,residential,nan
450601454,450601454,residential,Epsilon
450762934,450762934,residential,nan
450796292,450796292,residential,Adithi Arcade
451336244,451336244,residential,Radiant Jasmine Gardens
452581282,452581282,residential,Supreme Residency Layout
452723282,452723282,residential,Spectra Raaya
454700245,454700245,residential,Dhruva Apartments
454700246,454700246,residential,Ashwini Heights
454700250,454700250,residential,Vars Ferndale
454707665,454707665,residential,Gitanjali Apartments
454874716,454874716,residential,nan
457146565,457146565,residential,nan
460225724,460225724,commercial,nan
460225725,460225725,commercial,nan
460225727,460225727,residential,nan
460225734,460225734,commercial,Maruthi Towers
460225735,460225735,commercial,Oxford Towers
460225736,460225736,residential,Builders Apartments
460225762,460225762,commercial,nan
460225763,460225763,commercial,nan
460600476,460600476,commercial,Hindustan Aeronautics Limited
460901675,460901675,commercial,Karnataka Institute of Cricket
464678979,464678979,residential,Brigade Northridge
469210803,469210803,residential,Charitha Green Woods
469401559,469401559,residential,Sunny Brooks
469498319,469498319,residential,Vars Notting Hill
470182239,470182239,commercial,BBMP Office
470531120,470531120,residential,Pearl Tuscany Apartments
472322380,472322380,residential,Akruthi Silverline
472659589,472659589,residential,KHB Platinum Apartments
473575814,473575814,commercial,Embassy Square
473575815,473575815,commercial,nan
473575818,473575818,commercial,nan
473575819,473575819,commercial,nan
473575831,473575831,commercial,nan
473575832,473575832,commercial,nan
473575833,473575833,commercial,nan
473575834,473575834,commercial,nan
475637553,475637553,residential,Jyoti Enclave
475874711,475874711,residential,Ashish JK
475874712,475874712,residential,Sonesta Meadows
476028225,476028225,residential,Rainbow Layout
479433854,479433854,commercial,nan
479865630,479865630,residential,Prestige Glenmorgan
482007061,482007061,residential,DNR Atmoshphere
486966286,486966286,residential,nan
487956079,487956079,commercial,nan
487958119,487958119,commercial,BDA Complex
488164251,488164251,residential,nan
488714236,488714236,residential,Abhigna Misty Woods
493372455,493372455,residential,Prestige Tech Vista
494678973,494678973,residential,Sumadhura Silver Ripples
494678976,494678976,residential,Shilpitha Sunflower
494836088,494836088,commercial,nan
496396728,496396728,commercial,Karnataka Power Transmission Corporation Limited
502805799,502805799,residential,BMRCL Quarters
507886812,507886812,residential,Brigade Altamont
508858599,508858599,residential,Bhuvana Greens
508858641,508858641,residential,Oceanus Vista
512481162,512481162,residential,HM Symphony
512484550,512484550,residential,Purva Whitehall
513196700,513196700,residential,Brigade Cosmopolis
513199848,513199848,residential,Chaithanya Sharan
513430908,513430908,residential,Duo City layout
514073928,514073928,commercial,IBC Knowlegde Park
514270013,514270013,residential,KPR Elite
525509298,525509298,residential,Orchid Woods
525509461,525509461,residential,Ezzy Corinth
525509503,525509503,residential,Arge Helios
525512333,525512333,residential,nan
525513938,525513938,residential,Keerti Challet Apartment
527186400,527186400,residential,Pavani Sarovar
527186406,527186406,residential,nan
527186409,527186409,residential,SBB Touchstone
532166932,532166932,commercial,Global Tech Park
533397600,533397600,residential,Surya Kiran & Chandra Kiran Apartments
533397601,533397601,residential,Prestige Deja Vu
537716163,537716163,residential,Chowriappa Constellation
537741950,537741950,commercial,nan
541939779,541939779,residential,Prima Hi-Life
543260506,543260506,residential,Total Environment - Raindrops Keep Falling on My Head
544576598,544576598,residential,nan
544577550,544577550,residential,nan
544577655,544577655,residential,nan
545829404,545829404,residential,Mantri Webcity
545829406,545829406,residential,The Wisdom Tree Community
545829408,545829408,residential,nan
546323319,546323319,residential,nan
548052875,548052875,residential,Monarch Serenity
548813210,548813210,residential,Rifco Aruna Apartments
552094399,552094399,residential,nan
554001077,554001077,residential,Krishna Kuteer White House Phase 2
556832360,556832360,residential,Royal Placid Phase 1
556833532,556833532,residential,Sai Poorna Premier
556834169,556834169,residential,ND Elite
556835228,556835228,residential,RDB Stillwaters
559491999,559491999,residential,Manyata Residency
560702411,560702411,residential,nan
568518775,568518775,commercial,The Paul
568518776,568518776,commercial,nan
568518779,568518779,commercial,Sir Visvesvaraya Kendriya Bhawan
575099749,575099749,commercial,WHO India
575100603,575100603,residential,Aeris Residency
575100607,575100607,commercial,George Thangiah Complex West
577663649,577663649,residential,Mantri Elegance
577663653,577663653,commercial,Global Tech Park
578810664,578810664,residential,Vajram Essenza
580931916,580931916,residential,Zonasha Elegance
581779279,581779279,residential,Fern's Residency
582562269,582562269,residential,SMR Galaxy
582713921,582713921,residential,nan
588849893,588849893,commercial,nan
588849894,588849894,commercial,nan
591251799,591251799,residential,nan
591255050,591255050,residential,Prestige Hermitage
591255054,591255054,residential,nan
593405452,593405452,residential,Green Garden Layout
599244072,599244072,residential,Greystone Mirror On Water
603163756,603163756,residential,Rainbow Residency
603173057,603173057,residential,Salarpuria Sattva Senorita
603174680,603174680,residential,Prestige Silver Dale
603174681,603174681,residential,Keerthi Regalia
609989198,609989198,residential,Mana Jardin
609993389,609993389,residential,DNR Arista
612186496,612186496,residential,Sobha Eternia
613495763,613495763,residential,DSR Woodwinds
614208145,614208145,residential,Karishma Hills
614208149,614208149,commercial,Sri Convention Centre
614208152,614208152,commercial,Sattva Global City
614383068,614383068,commercial,nan
618262040,618262040,residential,Prestige Jade Pavilion
619625656,619625656,residential,Poetree Apartment
620849663,620849663,residential,Fortuna Krrish
624667995,624667995,residential,nan
625348050,625348050,residential,Oceanus Greendale
626900500,626900500,residential,Adithya Sogni
626908528,626908528,residential,Veracious Rosedale
626909529,626909529,residential,Veracious Lansdale Apartments
626914154,626914154,residential,Vaswani Reserve
627081073,627081073,residential,Abhee Prince Apartments
627119951,627119951,residential,Sumadhura LNR Lake Breeze Apartments
627145337,627145337,commercial,The DEN
627151631,627151631,residential,Sobha Lavender
627152144,627152144,residential,Sobha Primrose
627403914,627403914,commercial,Dr. Bheem Rao Palace
627700134,627700134,residential,Sraddha Splendor
627705620,627705620,residential,Sonestaa iWoods
627707540,627707540,residential,Sobha Petunia
627748919,627748919,residential,Midtown Rythm
627749633,627749633,residential,SLN Residency
627772417,627772417,residential,Sindhu Amazon
627951452,627951452,residential,Saket Callipolis
627954661,627954661,residential,Sai Gardens Yemlur
628016237,628016237,residential,Chaithanya Rakuen
628018590,628018590,residential,Keerthi Royal Palms
628023329,628023329,residential,Parimala Sunridge
628233557,628233557,residential,Mantri Espana
628241697,628241697,residential,Orchid Lake View
628258489,628258489,residential,Nagarjuna Meadows
628278126,628278126,residential,Krishna Ikon Apartments
628279699,628279699,residential,Uber Verdant
628281414,628281414,residential,Mulberry Woods
628282135,628282135,residential,Abodh Valmark
628283145,628283145,residential,nan
628284454,628284454,residential,Eden Greens
628285083,628285083,residential,nan
628286508,628286508,residential,Provident Harmony
628288697,628288697,residential,nan
631448576,631448576,commercial,nan
631823255,631823255,commercial,Brigade Magnum
632123632,632123632,residential,nan
636489361,636489361,residential,DivyaSree 77 Place
636490556,636490556,residential,DivyaSree 77 East
637909264,637909264,residential,nan
639368290,639368290,residential,Krishna Prakash Apartments
639884725,639884725,commercial,Prestige Ferns Galaxy
639995701,639995701,residential,Shri Dutta Township
640750836,640750836,residential,Phoenix One Bangalore West
643696408,643696408,residential,Radiance Apartment
643697991,643697991,residential,DSR White Waters
643706668,643706668,residential,CLPD Arcadia
646422857,646422857,commercial,nan
647312309,647312309,residential,Saveria Winston
647312322,647312322,residential,Skanda Sky Apartments
648961700,648961700,residential,Fern Saroj Apartments
658691372,658691372,commercial,Venkatraman Associates
665015054,665015054,residential,Pariwar Presidency Apartments
665234777,665234777,residential,RNS Shanthi Nivas
668612934,668612934,residential,Mantri Pinnacle
668612956,668612956,residential,Four Seasons
670210359,670210359,commercial,nan
670210360,670210360,commercial,nan
670210362,670210362,residential,Raj Bhavan
672593832,672593832,residential,nan
672593835,672593835,residential,Puravankara Palm Beach
672593836,672593836,residential,nan
673645157,673645157,commercial,nan
673645158,673645158,commercial,nan
673645159,673645159,commercial,nan
673677238,673677238,commercial,nan
673933812,673933812,commercial,nan
673948787,673948787,commercial,nan
673948789,673948789,commercial,nan
674028949,674028949,residential,nan
674038017,674038017,residential,Maratt Pimento
674699424,674699424,residential,nan
674699425,674699425,residential,Alpine Pyramid
675387120,675387120,residential,Mantri Webcity
675909873,675909873,commercial,nan
675909875,675909875,commercial,nan
675909876,675909876,residential,nan
679570161,679570161,residential,BSCPL Bollineni Silas
679570164,679570164,residential,Mahaveer Promenade
679570170,679570170,residential,nan
687173212,687173212,residential,Little Sisters of Poor
687173240,687173240,residential,Mantri Astra
687173326,687173326,residential,nan
687173335,687173335,residential,nan
687173337,687173337,residential,nan
687173339,687173339,residential,nan
687173341,687173341,residential,nan
687173344,687173344,residential,nan
687173369,687173369,residential,nan
687216880,687216880,residential,Ananda Bairavi Apartments
687379371,687379371,residential,Temple Tree Apartments
688353430,688353430,residential,Dheeraj Manor
688356351,688356351,residential,Yadhunandhana Apartments
688413057,688413057,residential,Police Quarters
688432863,688432863,residential,nan
688443318,688443318,residential,nan
688600223,688600223,commercial,Oracle Tech Hub
692376257,692376257,residential,August Grand
692376262,692376262,residential,The Grove
692376267,692376267,residential,Carbon Nethaniah
692376270,692376270,residential,VRR Fortuna
692376284,692376284,residential,SJR Palazza City
692376289,692376289,residential,Nimritha Kethana Eternal Accolade
692376290,692376290,residential,Vascon Pristina
695545717,695545717,residential,nan
695545718,695545718,residential,MEDA Greens
695545720,695545720,commercial,nan
695548662,695548662,residential,Kolte-Patil Mirabilis
696136978,696136978,residential,IISc Residential Quarters
696980296,696980296,commercial,Bangalore International Centre - BIC
697075484,697075484,residential,nan
697081714,697081714,residential,nan
697081716,697081716,residential,nan
698147979,698147979,residential,Republic of Whitefield
699266183,699266183,commercial,nan
699266184,699266184,commercial,nan
699266186,699266186,residential,Artisane Forest Breeze
699268541,699268541,residential,Esteem Kings Court
699268545,699268545,commercial,Kalyani Magnum
699270597,699270597,commercial,Samskruthi Brindavan Convention Centre
699270611,699270611,residential,Adarsh Citrine
700174667,700174667,residential,IISc NE Quarters
702716212,702716212,residential,Chourasia Manor Phase 1
702716215,702716215,residential,Disha Central Park
704633790,704633790,residential,Isha Misty Green
704633793,704633793,residential,Prestige Mayberry
704742726,704742726,residential,Umiya Woods
705023784,705023784,residential,Birla Apple Spire
705675999,705675999,residential,nan
712430110,712430110,residential,nan
712430112,712430112,commercial,Iris Business Hotel
721685566,721685566,commercial,V Legacy
723169818,723169818,residential,Prestige Ivy Terraces
723940621,723940621,residential,Bren Edgewaters
726262492,726262492,residential,nan
726284789,726284789,residential,nan
726300623,726300623,residential,nan
726311233,726311233,residential,nan
726342888,726342888,residential,Century Indus
726409390,726409390,residential,Sai Vihar
726449821,726449821,residential,nan
726464964,726464964,residential,nan
726472767,726472767,residential,nan
726508884,726508884,residential,nan
726509782,726509782,residential,nan
729214166,729214166,commercial,Nandi Link Grounds
729214177,729214177,residential,Prestige Bagamane Temple Bells
729214192,729214192,residential,GR Lotus
731726459,731726459,commercial,nan
731726460,731726460,commercial,nan
731726461,731726461,commercial,nan
731726462,731726462,residential,nan
731726463,731726463,commercial,nan
731726464,731726464,commercial,nan
731726465,731726465,residential,nan
731726466,731726466,residential,nan
731726626,731726626,residential,nan
732010477,732010477,residential,nan
732010480,732010480,commercial,Bagmane Constellation Business Park
732010482,732010482,commercial,Bagmane Capital
732010486,732010486,residential,nan
732010488,732010488,residential,Durga Petals
732010489,732010489,residential,Innovative Aqua Front Apartments
732010495,732010495,residential,Nester Harmony
732012738,732012738,residential,nan
732012739,732012739,residential,nan
732232646,732232646,residential,Century Ethos
732232650,732232650,commercial,Brigade Opus
732232655,732232655,commercial,Azure
732232656,732232656,commercial,RMZ Latitude Commercial
732232657,732232657,residential,Brigade Caladium
732232660,732232660,residential,Godrej Platinum
732232686,732232686,residential,Embassy Lake Terraces
732232688,732232688,commercial,Umiya Velociti
732317796,732317796,residential,HRC Ibbani
732317798,732317798,residential,Sobha Orchid
732317799,732317799,residential,MIMS Espacio
732317805,732317805,residential,Renaissance Aero
732317816,732317816,commercial,Gardencity IT Park
734148543,734148543,residential,Karnataka Slum Development Board Block
734148544,734148544,residential,Salarpuria Sattva Divinity
734148545,734148545,residential,Salarpuria Sattva Melody
734148546,734148546,commercial,nan
734148549,734148549,residential,Navami Landmark
734148552,734148552,residential,nan
734148555,734148555,commercial,nan
734149445,734149445,commercial,Trident Renault
734149447,734149447,commercial,nan
734149451,734149451,commercial,nan
734150334,734150334,commercial,nan
734150335,734150335,commercial,nan
734150336,734150336,residential,nan
734150337,734150337,commercial,nan
734150338,734150338,commercial,nan
734150339,734150339,commercial,nan
734150340,734150340,commercial,nan
734150342,734150342,commercial,nan
734150344,734150344,commercial,nan
734994028,734994028,residential,Vahe Imperial Garden
736945758,736945758,residential,Radiance Iris
736945768,736945768,residential,nan
736945769,736945769,residential,Sobha Coral
736945770,736945770,residential,Sobha Jade
736945771,736945771,residential,nan
736945776,736945776,residential,Century Breeze
737006364,737006364,residential,nan
737006365,737006365,commercial,nan
737006366,737006366,commercial,nan
737006367,737006367,commercial,nan
737006368,737006368,residential,nan
737006369,737006369,commercial,nan
737006370,737006370,commercial,nan
737006371,737006371,commercial,nan
737006372,737006372,residential,nan
737006373,737006373,commercial,nan
737006374,737006374,residential,nan
737006376,737006376,residential,nan
737567497,737567497,commercial,CRM Sowbhagya Annex Complex
742634557,742634557,residential,GRC Brundavan
745774483,745774483,residential,nan
747956371,747956371,residential,Radha Reddy Layout
748948333,748948333,residential,nan
748948334,748948334,residential,nan
748948335,748948335,residential,nan
749323041,749323041,commercial,nan
749323042,749323042,commercial,nan
749323043,749323043,commercial,nan
749323044,749323044,commercial,nan
749329326,749329326,commercial,nan
752960711,752960711,residential,nan
752960712,752960712,residential,nan
760886634,760886634,residential,Another Sky
763007409,763007409,residential,Ajmal Naunihal
764571651,764571651,residential,nan
764600972,764600972,residential,Prestige West Woods
765656003,765656003,residential,Brigade Woods
766245130,766245130,residential,BHEL EDN Township
766245134,766245134,residential,Janapriya Abodes
766409580,766409580,residential,Prestige Lavender Fields
766411088,766411088,commercial,nan
766598703,766598703,residential,nan
766605736,766605736,commercial,nan
766605737,766605737,residential,nan
766605748,766605748,residential,nan
766633154,766633154,residential,Gandharva Grand
766650743,766650743,residential,The Promont
766650747,766650747,residential,Avani Hills Apartments
766650748,766650748,residential,Suguna Upper Crest
766650749,766650749,residential,nan
766720022,766720022,residential,Veracious Vani Vilas
766720023,766720023,residential,nan
766720024,766720024,residential,nan
766720025,766720025,residential,Unitech Heritage Estate
766720330,766720330,residential,nan
767320168,767320168,residential,nan
767320169,767320169,residential,Divya Jsr Limelite
767320183,767320183,residential,nan
767320191,767320191,residential,Income Tax Colony
767320192,767320192,residential,nan
767320212,767320212,residential,Brigade Courtyard
767631160,767631160,residential,Sattva Laurel Heights
767631161,767631161,residential,GM Infinite Daffodils
767631164,767631164,residential,Shriram Sameeksha
767631169,767631169,residential,nan
768703813,768703813,residential,Radiant Karel
768703822,768703822,residential,Pride Enchanta
768703832,768703832,commercial,nan
768703834,768703834,residential,nan
768730150,768730150,residential,Urban Ville
768730151,768730151,residential,ND Laurel
768730152,768730152,residential,BM Pristine
768730153,768730153,residential,DS Max Sherwood
768730154,768730154,residential,Asset Aura
768730160,768730160,residential,Sobha Dream Acres Rainforest
768730163,768730163,residential,Sri Krishna Excel Stone
768730164,768730164,residential,Prithvi Stargaze
768730165,768730165,residential,Florence
768730166,768730166,residential,Skanda Elina
768730167,768730167,residential,Disha Windsor Gardens
768730168,768730168,residential,HiLife Magnifique
768730175,768730175,residential,BDA Flats Gunjur
768730176,768730176,residential,Hilife Triflora
768997269,768997269,residential,Vaishnavi Serene
770851403,770851403,commercial,nan
770851405,770851405,commercial,nan
770851409,770851409,residential,Pearl Park Apartments
771371519,771371519,residential,nan
771923546,771923546,residential,Sahasra Grand Apartments
771923551,771923551,residential,nan
771923580,771923580,residential,Bairavi Cruz Luxor
771931323,771931323,residential,Solitaire Residency Apartments
771931325,771931325,commercial,nan
771931330,771931330,residential,DS Max Sparkle Nest
771931332,771931332,residential,Vigneshwara Cedar Woods
771931350,771931350,residential,Preethi Woods Apartments
772203190,772203190,residential,nan
772203196,772203196,residential,Regency Magnum
772203205,772203205,residential,Ashoka Legend
772203208,772203208,commercial,GK Elegant Senate
772203213,772203213,residential,Elegant Mount Sinai
772203214,772203214,residential,nan
772203218,772203218,residential,Classic Royale Garden
772203221,772203221,residential,nan
772203225,772203225,residential,Regency La Majada
772203234,772203234,commercial,nan
772203237,772203237,commercial,nan
772827142,772827142,commercial,nan
772827143,772827143,residential,Aparna Elina
772827145,772827145,commercial,nan
772827163,772827163,residential,Zen Indraprastha
772827165,772827165,commercial,nan
772835107,772835107,residential,nan
772835108,772835108,residential,nan
772836313,772836313,residential,Unishire Terraza
772934834,772934834,commercial,nan
772934836,772934836,commercial,nan
772934845,772934845,residential,Hanging Gardens
772934848,772934848,commercial,nan
772934850,772934850,commercial,nan
773145595,773145595,residential,Gopalan Aqua
773145596,773145596,residential,nan
773145597,773145597,residential,Adithya Desai Orchid
773145599,773145599,residential,Disha Courtyard
773145600,773145600,residential,nan
773145604,773145604,residential,nan
773145605,773145605,residential,Alembic Urban Forest
773145606,773145606,residential,Marvel Sequoia
773145608,773145608,residential,nan
773145614,773145614,residential,SV Legacy
773145618,773145618,commercial,nan
773150264,773150264,residential,NR Windgates
773150265,773150265,residential,Unishire Verzure
773577272,773577272,commercial,nan
773577286,773577286,residential,NCC Urban ParkView
773825325,773825325,commercial,nan
773825326,773825326,residential,Hiranandani Apartments
773825330,773825330,residential,nan
773825332,773825332,commercial,Brigade Senate
774644001,774644001,residential,nan
774644015,774644015,residential,nan
774649687,774649687,residential,ds max silver nest
774649688,774649688,residential,Multi Infinite Apartments
774708671,774708671,residential,Divya MSR Gateway
774716172,774716172,commercial,nan
774716176,774716176,residential,RMZ Galleria Residences
774716177,774716177,commercial,nan
774716178,774716178,residential,Arvind Skylands
774716179,774716179,residential,nan
774716180,774716180,residential,nan
774716181,774716181,residential,nan
774716193,774716193,commercial,Nexa
774719292,774719292,residential,Nitesh Napa Valley
774719295,774719295,residential,NCC Misty Woods
774719318,774719318,residential,Century Artizan
774954556,774954556,residential,NCC Urban Mayfair
774954559,774954559,residential,Prestige Montecarlo
774954565,774954565,commercial,Ramanashree California Resort
774962900,774962900,commercial,nan
775163648,775163648,commercial,Salarpuria Windsor
775169696,775169696,commercial,High Grounds Police Station
775169704,775169704,commercial,Prestige Trade Tower
775176989,775176989,residential,Kailash BDA Apartments
775184936,775184936,commercial,Embassy One
775230094,775230094,commercial,nan
775230098,775230098,commercial,Karle SEZ
775230099,775230099,residential,Karle Zenith
775230118,775230118,residential,Karle Vario
775231226,775231226,residential,Sobha Sentosa
775444091,775444091,residential,HM Grandeur
775660972,775660972,residential,Wilasa Grand Villaments
775660995,775660995,residential,Prestige Falcon City
775660996,775660996,residential,SLV Splendor
775664763,775664763,residential,Sobha Indraprastha
775664768,775664768,commercial,nan
776784258,776784258,residential,Belvedere Court
776784261,776784261,residential,Prestige Spencer Heights
777518472,777518472,residential,Brigade Coronet
777518473,777518473,residential,Suvilas
777518474,777518474,residential,Embassy Woods
777518475,777518475,commercial,Embassy Links
777518482,777518482,residential,Regency Aura
777518483,777518483,residential,Brigade Legacy
777618525,777618525,commercial,nan
777618526,777618526,commercial,MS Ramaiah Tech Park
777638993,777638993,residential,Prestige Fairfield
777638998,777638998,commercial,HMT Bhavan
777690245,777690245,commercial,nan
777690246,777690246,commercial,nan
777690260,777690260,residential,nan
779078402,779078402,residential,LGCL Beautiful World
779282851,779282851,commercial,nan
779282852,779282852,commercial,Holiday Inn Express & Suites
779282864,779282864,commercial,nan
779282865,779282865,residential,Nitesh Wimbeldon Park
779282868,779282868,commercial,nan
779290477,779290477,residential,La Palazzo
779344647,779344647,commercial,nan
779344648,779344648,residential,Sobha Infinia
779344650,779344650,residential,Esteem Royale Deluxe
779344652,779344652,residential,G:Corp Residences
779344653,779344653,residential,Prestige Pine Wood
779344670,779344670,commercial,Enzyme Tech Park
779346490,779346490,residential,Prestige Silver Crest
779346494,779346494,commercial,Helios Business Park
780585928,780585928,residential,nan
780585952,780585952,residential,Parasmane Apartments
780585957,780585957,residential,MBR Shangri La
780585958,780585958,residential,BDA Indraprastha
780585966,780585966,commercial,nan
780587948,780587948,residential,nan
780587949,780587949,commercial,nan
780587950,780587950,residential,nan
780587951,780587951,commercial,nan
780587952,780587952,commercial,nan
780917612,780917612,commercial,nan
780983146,780983146,commercial,nan
780991607,780991607,residential,nan
780991636,780991636,residential,nan
780991639,780991639,residential,Binny Mill Police Quarters
781001558,781001558,commercial,nan
781182590,781182590,residential,Sky Gardens Apartment
781182593,781182593,commercial,Bagamane Pallavi Towers
781182601,781182601,commercial,nan
781183660,781183660,commercial,Prestige Falcon Tower
781183661,781183661,residential,nan
781192778,781192778,residential,Ansal Apartments
781192779,781192779,commercial,SJR Cyber Laskar
781192783,781192783,commercial,Prestige Cube
781192787,781192787,residential,nan
781192789,781192789,residential,nan
781532336,781532336,commercial,Sattva Knowledge Point
781538794,781538794,residential,nan
781538795,781538795,commercial,nan
781538796,781538796,residential,Jal Vayu Heights
781538806,781538806,commercial,Taj Yeshwantpur
781538808,781538808,residential,Deccan Habitat
781541654,781541654,residential,nan
781541655,781541655,commercial,nan
781541657,781541657,commercial,nan
781541658,781541658,residential,nan
781541659,781541659,commercial,nan
781541661,781541661,commercial,nan
781541662,781541662,residential,nan
781541663,781541663,commercial,nan
781543820,781543820,commercial,nan
781588912,781588912,residential,nan
781588913,781588913,residential,nan
781588918,781588918,residential,nan
781588921,781588921,commercial,Rajajinagar IT Park
781588933,781588933,residential,nan
781588934,781588934,commercial,nan
781680953,781680953,residential,Mantri Courtyard
781680954,781680954,residential,Mantri Courtyard
781680955,781680955,residential,Mantri Courtyard
781680956,781680956,residential,nan
781680962,781680962,residential,nan
781680965,781680965,residential,nan
781680966,781680966,residential,nan
781680967,781680967,residential,Sattva Misty Charm
781680968,781680968,residential,nan
781680969,781680969,residential,Shriram Symphony
781680971,781680971,residential,Puravankara Provident Park Square
781680972,781680972,residential,nan
781680973,781680973,residential,nan
781680978,781680978,residential,nan
781680979,781680979,residential,Shriram Surabhi
781696168,781696168,residential,Mahaveen Ranches
781696171,781696171,residential,Sobha Silicon Oasis
781696172,781696172,residential,Bren Imperia
781696174,781696174,residential,nan
781696176,781696176,residential,RBD Stillwaters Apartments
781696178,781696178,residential,SNN Raj Eternia
781696179,781696179,residential,nan
781700161,781700161,commercial,nan
781700162,781700162,residential,Devinarayan Lexington Terrace
781766927,781766927,residential,nan
781766928,781766928,residential,nan
781766929,781766929,residential,nan
781766930,781766930,commercial,nan
781766931,781766931,residential,nan
781766932,781766932,commercial,nan
781766933,781766933,residential,nan
781766934,781766934,commercial,nan
781766936,781766936,commercial,nan
781766937,781766937,residential,nan
781780393,781780393,commercial,The Leela Bhartiya City
781780410,781780410,commercial,Bhartiya Centre of Information Technology
781780411,781780411,commercial,nan
781780412,781780412,residential,Nikoo Homes II Apartments
781780416,781780416,residential,DS Max Skycity
781780417,781780417,residential,nan
781786337,781786337,commercial,nan
781846360,781846360,residential,nan
781846362,781846362,commercial,nan
781846363,781846363,residential,nan
781852582,781852582,residential,nan
781852583,781852583,residential,nan
781852585,781852585,residential,Mantri Energia
781852586,781852586,residential,Assetz Homes Here and Now
781852587,781852587,residential,Vasathi Avante Apartments
781852589,781852589,residential,nan
781852590,781852590,residential,nan
781852592,781852592,residential,nan
781852596,781852596,residential,Purva Graces Apartments
781852597,781852597,residential,Skyline Beverly Park
781852598,781852598,residential,Arvind Sporcia
781852600,781852600,commercial,Brigade Triumph
781852601,781852601,residential,RMZ Latitude Residential
781852603,781852603,residential,Sterling Gardens
781853529,781853529,commercial,nan
781853530,781853530,commercial,nan
782014061,782014061,residential,Cantonment Railway Quarters
782014068,782014068,commercial,nan
782014072,782014072,commercial,nan
782014073,782014073,commercial,nan
782014074,782014074,residential,nan
782014075,782014075,commercial,nan
782014076,782014076,residential,Prestige Pine View
782014077,782014077,residential,Hoysala Apartments
782014078,782014078,commercial,nan
782014080,782014080,residential,Prestige Kenilworth
782014082,782014082,residential,Prestige Exotica
782014083,782014083,residential,nan
782014085,782014085,residential,nan
782014086,782014086,commercial,nan
782014088,782014088,commercial,Fortune Select JP Cosmos
782014094,782014094,residential,The Embassy
782014095,782014095,commercial,nan
782014103,782014103,commercial,37 Cunningham
782014107,782014107,commercial,KSTDC Kumar Krupa
782014112,782014112,commercial,nan
782014115,782014115,residential,nan
782014116,782014116,commercial,Bharatiya Vidya Bhavan
782069743,782069743,residential,nan
782069744,782069744,residential,nan
782072440,782072440,residential,nan
782072441,782072441,residential,nan
782072442,782072442,residential,nan
782089121,782089121,commercial,nan
782089129,782089129,commercial,nan
782089136,782089136,commercial,nan
782089137,782089137,commercial,nan
782089138,782089138,commercial,nan
782089139,782089139,commercial,nan
782089142,782089142,commercial,nan
782089144,782089144,commercial,nan
782089145,782089145,commercial,nan
782089149,782089149,commercial,nan
782090576,782090576,commercial,nan
782116416,782116416,commercial,nan
782283186,782283186,residential,nan
782283189,782283189,commercial,nan
782283190,782283190,residential,nan
782286411,782286411,residential,P&T Quarters
782286416,782286416,residential,nan
782292589,782292589,residential,nan
782292590,782292590,residential,nan
785285257,785285257,residential,nan
785285259,785285259,residential,nan
785285260,785285260,residential,Century Park Apartments
785509138,785509138,residential,Enessen Centreo
785509140,785509140,residential,nan
790387444,790387444,residential,Sobha Palladian
790387445,790387445,commercial,Divyasree 77 Town Centre
790387446,790387446,residential,nan
790387460,790387460,residential,Paranjape Windfields
790389593,790389593,residential,Prestige Silversun
790389594,790389594,residential,Sobha Bungalow
790389595,790389595,residential,Adithi Elite
790389596,790389596,residential,SLS Sunflower
790389597,790389597,residential,Rohan Iksha
790389598,790389598,residential,Prestige Summer Fields
790392176,790392176,residential,nan
790393651,790393651,commercial,Bagmane Cosmos
790395121,790395121,residential,nan
790395122,790395122,residential,nan
790650989,790650989,commercial,nan
790650992,790650992,residential,nan
790650994,790650994,residential,nan
790650995,790650995,residential,nan
790650996,790650996,residential,nan
792488587,792488587,residential,Godrej Air
792553526,792553526,residential,nan
792553527,792553527,residential,nan
792553528,792553528,residential,nan
792795175,792795175,commercial,nan
792799062,792799062,commercial,nan
792799066,792799066,commercial,nan
792799067,792799067,residential,nan
794445338,794445338,residential,Hoysala Infantry Towers
794445352,794445352,residential,nan
796367854,796367854,residential,nan
796367855,796367855,residential,nan
796367856,796367856,residential,nan
796367858,796367858,residential,nan
796367866,796367866,residential,nan
796367869,796367869,residential,nan
796367870,796367870,residential,nan
796369060,796369060,residential,Assetz Lumos
796369061,796369061,residential,Police Quarters
796369062,796369062,residential,Police Quarters
796369063,796369063,residential,Lakshmi Devi Nagar Slum Board Quarters
796370469,796370469,residential,ITI Colony
796458044,796458044,residential,nan
796458049,796458049,residential,nan
796458051,796458051,residential,nan
796458054,796458054,residential,nan
796458055,796458055,commercial,nan
796458061,796458061,residential,nan
796463149,796463149,commercial,Marksquare
799276617,799276617,residential,nan
799276623,799276623,residential,nan
799276624,799276624,residential,nan
799276627,799276627,residential,nan
799276628,799276628,residential,nan
799452939,799452939,residential,sanjeeve royale apartment
799457104,799457104,residential,Jain Heights - East Parade
800020472,800020472,residential,nan
800096372,800096372,residential,Renaissance Prospero
804883128,804883128,commercial,Kalyani Camellia
804883131,804883131,commercial,nan
804883137,804883137,residential,nan
804883138,804883138,residential,nan
817301125,817301125,commercial,nan
817544800,817544800,residential,nan
817544808,817544808,residential,Sobha Sunflower
817571501,817571501,residential,Sobha Marvella
820135306,820135306,commercial,nan
820135307,820135307,residential,KPTCL Employees Quarters
820135309,820135309,commercial,Rajajinagar BDA Complex
820141170,820141170,residential,nan
820141171,820141171,residential,Police Quarters
820161096,820161096,residential,NCBS Mandara Housing Complex
822777635,822777635,residential,Sattva Aqua Vista
822777637,822777637,residential,Prestige Elysian
822777638,822777638,residential,Himagiri
828403144,828403144,residential,nan
838175307,838175307,residential,Ele vana
838952395,838952395,commercial,BWSSP
844928282,844928282,residential,Supertech Micasa
844928288,844928288,residential,Salarpuria Sattva Northland
844928289,844928289,residential,Dasappa Layout
844928291,844928291,residential,Kanakashree Apartments
844928292,844928292,residential,nan
844928331,844928331,residential,nan
845247589,845247589,residential,nan
845247590,845247590,residential,NVT Life Square
845247619,845247619,residential,DSR Parkway
845247620,845247620,residential,nan
845247622,845247622,residential,Woodsong Around the Mangoes
845247623,845247623,residential,Adithi Bliss
845247624,845247624,residential,Skanda Avani
845247631,845247631,residential,SSVR Tridax
845247632,845247632,residential,SSVR Laurel
845247633,845247633,residential,Obel Villas
845247634,845247634,residential,Hilife Pearl Shell
845247635,845247635,residential,nan
845247643,845247643,residential,nan
845247644,845247644,residential,Cansa Dhiya
852277229,852277229,residential,Ajanta Apartments
853107522,853107522,residential,nan
853107523,853107523,residential,nan
853107524,853107524,residential,nan
853107525,853107525,residential,nan
853107527,853107527,residential,nan
855861934,855861934,residential,Srushti Compound
856525624,856525624,commercial,Petty shops and a Medical Store
863515482,863515482,commercial,ITC Green Centre
864537326,864537326,residential,Bloomfield Garden
865261756,865261756,residential,SLS Sapphire
867941831,867941831,residential,J S Sunflower
880294273,880294273,residential,nan
880294274,880294274,residential,nan
880294275,880294275,residential,nan
880294276,880294276,residential,nan
880294277,880294277,residential,nan
880294278,880294278,residential,nan
880294279,880294279,residential,nan
880294280,880294280,residential,nan
880294281,880294281,residential,nan
880294282,880294282,residential,nan
880294283,880294283,residential,nan
880294284,880294284,residential,nan
880294285,880294285,residential,nan
880294286,880294286,residential,nan
880294287,880294287,residential,nan
880294288,880294288,residential,nan
880294289,880294289,residential,nan
880294290,880294290,residential,nan
880294291,880294291,residential,nan
880294292,880294292,residential,nan
880294293,880294293,residential,nan
880294294,880294294,residential,nan
886184260,886184260,residential,Pavani Divine
886246927,886246927,residential,Elegant Springdale
886246928,886246928,commercial,nan
886246931,886246931,residential,Metropolitan Apartment
886246934,886246934,residential,Spencer Court Apartment
886246935,886246935,commercial,nan
886251285,886251285,commercial,nan
886607090,886607090,commercial,Prestige Summit
888606700,888606700,residential,DRDO Phase 2
888606702,888606702,commercial,Gopalan Fortune City
888606703,888606703,commercial,Bagmane Rio Business Park
891226348,891226348,residential,nan
892243903,892243903,residential,nan
892243905,892243905,residential,nan
892243923,892243923,residential,Kristal Agate
893319459,893319459,commercial,nan
893319460,893319460,residential,SRPC Quarters
894122411,894122411,residential,Varun Lotus Apartments
895115934,895115934,commercial,nan
895115936,895115936,residential,Sumukha Tropical Garden
897512132,897512132,commercial,nan
897512137,897512137,commercial,nan
897512140,897512140,commercial,nan
899217583,899217583,residential,nan
899217586,899217586,residential,nan
899217589,899217589,residential,nan
899217590,899217590,commercial,nan
899217591,899217591,residential,nan
899217592,899217592,commercial,nan
899217593,899217593,commercial,nan
899217594,899217594,residential,nan
899217595,899217595,commercial,nan
899217596,899217596,residential,nan
899217597,899217597,commercial,nan
899217598,899217598,residential,nan
899217599,899217599,residential,nan
899609979,899609979,residential,Vaishnavi Gardenia
899729672,899729672,commercial,nan
899729673,899729673,commercial,nan
899729675,899729675,commercial,nan
899729676,899729676,commercial,nan
899729677,899729677,residential,Ideal Carnation Apartments
899729678,899729678,commercial,nan
909240049,909240049,commercial,nan
909240050,909240050,commercial,nan
909240051,909240051,commercial,nan
909270337,909270337,residential,Police Quarters
909270338,909270338,residential,Goyal Footprints
909270339,909270339,residential,Krishna Northwoods
909270340,909270340,commercial,nan
909270342,909270342,commercial,nan
917882289,917882289,residential,nan
925595617,925595617,residential,nan
925595618,925595618,residential,nan
925595619,925595619,residential,nan
925595620,925595620,residential,nan
925595621,925595621,residential,nan
925595622,925595622,residential,nan
925595623,925595623,residential,nan
926165659,926165659,residential,nan
936154444,936154444,residential,nan
936568086,936568086,commercial,nan
946132231,946132231,residential,Vaishnavi Oasis
946132234,946132234,residential,Birla Apple Aroma
958127995,958127995,residential,Sai Poorna Luxuria
961651324,961651324,residential,nan
961651325,961651325,residential,nan
961651326,961651326,residential,nan
963384966,963384966,residential,Candeur Landmark
963384967,963384967,residential,Sobha Dream Acres
963445870,963445870,commercial,L&T Tech Park Phase 1
963445871,963445871,residential,L&T Raintree Boulevard
968868049,968868049,residential,nan
969223006,969223006,residential,nan
969223007,969223007,residential,nan
969223008,969223008,residential,nan
969223009,969223009,residential,nan
969223010,969223010,residential,nan
969223011,969223011,residential,nan
971317001,971317001,commercial,Vaswani Victoria
971317002,971317002,residential,32 Richmond
976123968,976123968,commercial,BSNL Office
976725245,976725245,residential,nan
976725246,976725246,residential,nan
976725247,976725247,residential,nan
976725248,976725248,residential,nan
976822707,976822707,residential,nan
976822708,976822708,residential,nan
976822709,976822709,residential,nan
976822710,976822710,residential,nan
976822711,976822711,residential,nan
976822717,976822717,residential,nan
977481105,977481105,residential,Zen Garden
977481106,977481106,residential,Century Linea
977481107,977481107,commercial,nan
979572128,979572128,residential,Malnad Regency
979572129,979572129,residential,Crest Intimacy
979745142,979745142,residential,Prestige Edwardian
988901288,988901288,commercial,nan
989112198,989112198,residential,Cardinal One
991531026,991531026,commercial,nan
991531034,991531034,commercial,nan
991531035,991531035,commercial,nan
991965858,991965858,residential,Sobha Rajvilas
992277125,992277125,residential,Gnanabharati Layout 2
992685445,992685445,residential,nan
993207290,993207290,commercial,nan
993823387,993823387,residential,nan
993823388,993823388,residential,Prasad Enclave
994008976,994008976,residential,Sobha HRC Pristine
994820799,994820799,residential,nan
994820800,994820800,residential,nan
994820801,994820801,residential,nan
995864555,995864555,residential,SKAV Aastha
995864556,995864556,residential,nan
996021800,996021800,residential,nan
996021801,996021801,commercial,nan
996021802,996021802,residential,Kingston Manor
996021803,996021803,residential,nan
996021804,996021804,residential,nan
996021806,996021806,commercial,nan
996044804,996044804,commercial,nan
996044805,996044805,commercial,nan
996044806,996044806,commercial,nan
996044808,996044808,commercial,Ravindu Toyota
996047155,996047155,commercial,nan
996267807,996267807,residential,nan
996354902,996354902,residential,Prestige Oakwood Apartments
996354903,996354903,commercial,nan
997923987,997923987,residential,High Point Apartments
997923988,997923988,commercial,nan
997923989,997923989,commercial,nan
997924003,997924003,residential,nan
997966815,997966815,commercial,nan
997966816,997966816,commercial,Catholic Club
997966819,997966819,commercial,nan
997966820,997966820,residential,Government Arts College Boys Hostel
997966823,997966823,commercial,Embassy Quest
997966824,997966824,residential,Royal Residency
997966825,997966825,commercial,nan
997966827,997966827,commercial,nan
997966830,997966830,commercial,nan
997966831,997966831,residential,Raheja Haven
997966840,997966840,residential,Residence of Commissioner of Police
998192575,998192575,commercial,Godrej Centre
999620509,999620509,residential,nan
999620510,999620510,commercial,nan
999665471,999665471,residential,nan
999665472,999665472,residential,nan
999983294,999983294,commercial,nan
1000087221,1000087221,residential,MS Palazzo Apartments
1004340436,1004340436,commercial,Sumadhura Capitol Towers
1005855797,1005855797,residential,nan
1006722358,1006722358,commercial,nan
1006722359,1006722359,residential,nan
1006722360,1006722360,commercial,nan
1006722361,1006722361,residential,nan
1006722362,1006722362,residential,nan
1006770041,1006770041,residential,nan
1006770042,1006770042,commercial,nan
1006878350,1006878350,residential,nan
1006878351,1006878351,residential,nan
1006878353,1006878353,residential,nan
1006878354,1006878354,residential,nan
1006878355,1006878355,commercial,nan
1006878357,1006878357,commercial,nan
1006878358,1006878358,residential,nan
1006878361,1006878361,residential,nan
1006878362,1006878362,commercial,nan
1006878363,1006878363,residential,nan
1006878364,1006878364,commercial,nan
1007640516,1007640516,commercial,The Courtyard
1007640518,1007640518,commercial,nan
1007640519,1007640519,commercial,nan
1007640520,1007640520,commercial,nan
1007640521,1007640521,residential,nan
1007646166,1007646166,commercial,nan
1007646167,1007646167,commercial,Mythic Society
1009118595,1009118595,commercial,nan
1009118598,1009118598,commercial,nan
1009118599,1009118599,commercial,nan
1009122431,1009122431,commercial,nan
1009123721,1009123721,commercial,Prestige Solitaire
1009123722,1009123722,residential,nan
1009918625,1009918625,residential,Durga Coral Apartments
1011644025,1011644025,residential,nan
1013443897,1013443897,residential,nan
1013443901,1013443901,commercial,WTC Annexe
1019671183,1019671183,residential,nan
1019671185,1019671185,commercial,nan
1028660199,1028660199,residential,nan
1028660231,1028660231,residential,nan
1030900133,1030900133,residential,nan
1030900134,1030900134,commercial,nan
1030900135,1030900135,commercial,nan
1033802669,1033802669,residential,nan
1034261982,1034261982,commercial,nan
1034262005,1034262005,commercial,nan
1034262007,1034262007,commercial,nan
1034262008,1034262008,commercial,Divyasree Avance
1034262009,1034262009,residential,Visalakshi Prakruthi
1034262010,1034262010,residential,Purva Atmosphere
1035562484,1035562484,residential,Ghar Apartments
1035562485,1035562485,commercial,nan
1036043443,1036043443,residential,nan
1036043444,1036043444,residential,nan
1036043445,1036043445,residential,Total Environment Footprints
1036043446,1036043446,residential,nan
1036043447,1036043447,residential,nan
1036043448,1036043448,residential,Indiranagar Police Quarters
1036043449,1036043449,residential,nan
1036043450,1036043450,residential,nan
1036043451,1036043451,residential,nan
1036043452,1036043452,residential,nan
1036043453,1036043453,residential,nan
1036043454,1036043454,residential,nan
1036043455,1036043455,residential,nan
1036043456,1036043456,residential,nan
1036043457,1036043457,residential,nan
1036043458,1036043458,residential,nan
1036043459,1036043459,residential,nan
1036043460,1036043460,residential,nan
1036043461,1036043461,residential,nan
1036043462,1036043462,residential,nan
1036043463,1036043463,commercial,nan
1036043464,1036043464,commercial,nan
1036043466,1036043466,commercial,nan
1036043467,1036043467,commercial,Indiranagar Club
1036043468,1036043468,commercial,nan
1036043471,1036043471,commercial,nan
1036043472,1036043472,residential,nan
1039668753,1039668753,commercial,RMZ Icon
1039668761,1039668761,commercial,nan
1039760098,1039760098,commercial,nan
1040898997,1040898997,commercial,nan
1040898999,1040898999,residential,nan
1040899001,1040899001,commercial,nan
1040899002,1040899002,commercial,nan
1040899004,1040899004,commercial,Enzyme Citrine
1040899006,1040899006,commercial,nan
1040899007,1040899007,commercial,Godrej Downtown
1040899009,1040899009,residential,Dayanand Pai House
1040899011,1040899011,residential,Esteem Gardenia
1041856518,1041856518,residential,Kumar iLife Urbana Apartments
1041856519,1041856519,commercial,BS Tech Park
1041856521,1041856521,commercial,nan
1041871108,1041871108,commercial,Embassy Point
1041874277,1041874277,residential,Adarsh Palm Retreat Gulmohar
1044521109,1044521109,commercial,nan
1044522823,1044522823,commercial,nan
1044522826,1044522826,commercial,nan
1044522827,1044522827,commercial,nan
1047549755,1047549755,commercial,nan
1047676479,1047676479,residential,Manipal Vistas
1047676480,1047676480,residential,nan
1047676490,1047676490,commercial,nan
1047676495,1047676495,commercial,nan
1050019882,1050019882,commercial,nan
1050019883,1050019883,commercial,nan
1050019884,1050019884,commercial,nan
1050019885,1050019885,commercial,nan
1050019887,1050019887,commercial,nan
1050019888,1050019888,commercial,nan
1050019890,1050019890,commercial,nan
1050019891,1050019891,commercial,nan
1050019892,1050019892,commercial,nan
1050019893,1050019893,commercial,nan
1050019902,1050019902,commercial,BESCOM
1050475169,1050475169,residential,In That Quiet Earth - Total Environment
1050578225,1050578225,commercial,Central Relief Committee
1050589707,1050589707,residential,nan
1050589712,1050589712,residential,nan
1050589715,1050589715,commercial,BMP Market
1050590922,1050590922,residential,ISRO Slum
1050591578,1050591578,commercial,nan
1050744452,1050744452,residential,nan
1050744453,1050744453,residential,nan
1050744454,1050744454,commercial,nan
1050744455,1050744455,residential,nan
1051886123,1051886123,residential,nan
1051886125,1051886125,residential,Ranka Plaza
1051886126,1051886126,residential,Ranka D Paradise
1051886134,1051886134,commercial,nan
1052008918,1052008918,residential,Dhobi Ghat
1052008920,1052008920,commercial,nan
1052012964,1052012964,residential,nan
1052463657,1052463657,residential,RBI Quarters
1052463663,1052463663,commercial,nan
1052463664,1052463664,residential,nan
1053086134,1053086134,residential,DRDO Phase 1
1053086136,1053086136,commercial,nan
1053846097,1053846097,residential,nan
1053846100,1053846100,residential,nan
1053846102,1053846102,residential,nan
1053846103,1053846103,residential,nan
1053846105,1053846105,residential,Narmada SHIG
1053846108,1053846108,commercial,nan
1053846110,1053846110,residential,nan
1053846117,1053846117,residential,nan
1053846123,1053846123,residential,nan
1053846124,1053846124,residential,nan
1053846125,1053846125,residential,nan
1053846126,1053846126,residential,Pavani Residency
1053846127,1053846127,residential,nan
1053846128,1053846128,commercial,nan
1054127605,1054127605,commercial,BBMP
1054233120,1054233120,residential,nan
1054233121,1054233121,commercial,nan
1054233122,1054233122,residential,Prestige D'Villa
1054384465,1054384465,commercial,nan
1054384466,1054384466,residential,nan
1054384467,1054384467,residential,nan
1054384468,1054384468,residential,nan
1054384469,1054384469,residential,nan
1054384470,1054384470,residential,nan
1054384471,1054384471,residential,nan
1054488997,1054488997,residential,nan
1054489005,1054489005,commercial,Atomic Energy Division
1054489006,1054489006,commercial,Central Board for Secondary Education Regional Office
1054489007,1054489007,commercial,National Assessment and Accredition Council
1056184617,1056184617,residential,nan
1056184621,1056184621,commercial,nan
1056184622,1056184622,residential,nan
1056184623,1056184623,residential,BSNL Quarters
1056665488,1056665488,residential,Manikchand 117FF
1056665491,1056665491,residential,nan
1056665493,1056665493,commercial,nan
1056665494,1056665494,residential,nan
1056665495,1056665495,commercial,nan
1056665496,1056665496,residential,nan
1056665497,1056665497,commercial,nan
1056665498,1056665498,residential,nan
1060190456,1060190456,residential,Vishwa Vihar
1060190457,1060190457,residential,HAL Township
1060953966,1060953966,residential,Sandeep Square Apartments
1060953988,1060953988,residential,Bhavya Pristine
1061038547,1061038547,residential,Sterling Ascentia
1061087828,1061087828,residential,nan
1062341298,1062341298,residential,Prestige Sunnyside Elm
1062359625,1062359625,commercial,nan
1062359626,1062359626,residential,Sterling Sankey Court
1062359627,1062359627,residential,nan
1062359628,1062359628,residential,nan
1062359629,1062359629,residential,nan
1062359632,1062359632,commercial,Sadashivanagar Club
1062359633,1062359633,commercial,nan
1062359634,1062359634,residential,nan
1062359637,1062359637,commercial,nan
1062372937,1062372937,residential,Jayanti Apartments
1062372939,1062372939,residential,Ojus Apartments
1062372940,1062372940,residential,Kinatukara Apartments
1062372942,1062372942,residential,Prof. VG Kubair Apartments
1062372943,1062372943,residential,nan
1064408597,1064408597,residential,Salarpuria Sattva Anugraha
1064418717,1064418717,residential,nan
1064418718,1064418718,residential,nan
1064418719,1064418719,commercial,nan
1064573622,1064573622,residential,Shraddha Palmera
1064840028,1064840028,residential,nan
1064840029,1064840029,commercial,nan
1064840032,1064840032,commercial,nan
1064840033,1064840033,residential,nan
1064840034,1064840034,commercial,nan
1064890979,1064890979,residential,nan
1064890980,1064890980,commercial,nan
1064890981,1064890981,residential,Brigade Sonata
1065048411,1065048411,residential,nan
1065072654,1065072654,commercial,nan
1065090514,1065090514,commercial,Qube Software Park
1065090515,1065090515,residential,nan
1065090527,1065090527,residential,High Cliff
1065099079,1065099079,residential,SLS Signature
1065099080,1065099080,residential,Amsha Bhuvi
1065104464,1065104464,commercial,Site map
1065205731,1065205731,residential,nan
1065205751,1065205751,residential,SV Brindhavan Apartments
1065293814,1065293814,residential,nan
1065427105,1065427105,commercial,nan
1065763511,1065763511,residential,Silver Pearl
1066006344,1066006344,commercial,Shell
1066116296,1066116296,residential,nan
1066116297,1066116297,residential,nan
1066396969,1066396969,residential,Skanda Nirvana
1066396976,1066396976,residential,Innovative Oak Garden
1066506639,1066506639,commercial,Shell
1066506645,1066506645,residential,nan
1066604763,1066604763,commercial,nan
1066721253,1066721253,residential,Chourasia Pride
1066854626,1066854626,commercial,nan
1066854628,1066854628,residential,nan
1066854630,1066854630,commercial,Cinnamon
1066868600,1066868600,commercial,Sivanchetti Garden Post Office
1066870634,1066870634,commercial,Ashirwad
1066895468,1066895468,commercial,nan
1066902628,1066902628,commercial,nan
1066902629,1066902629,residential,nan
1066902630,1066902630,commercial,nan
1066902631,1066902631,commercial,nan
1066902632,1066902632,commercial,nan
1066902633,1066902633,commercial,nan
1066902634,1066902634,commercial,Ramanashree Chambers
1066902637,1066902637,commercial,Prestige Saleh Ahmed
1066902642,1066902642,commercial,Prestige Central
1066902644,1066902644,commercial,nan
1066902645,1066902645,residential,Fernville
1066902646,1066902646,residential,Prestige Alcazar
1066902649,1066902649,residential,Chandanna
1066902651,1066902651,residential,nan
1067945108,1067945108,commercial,The Touchstone
1067951552,1067951552,residential,Police Quarters
1067951553,1067951553,residential,nan
1067951554,1067951554,residential,nan
1068798170,1068798170,commercial,DNR Altitude
1068836859,1068836859,residential,nan
1068836860,1068836860,commercial,Brigade Deccan Heights
1068844240,1068844240,residential,Embassy Eros
1068844241,1068844241,residential,Jeevan Vihar - LIC VIP Guest House
1068844242,1068844242,residential,nan
1068844244,1068844244,commercial,Prestige Dynasty
1068844245,1068844245,commercial,nan
1068844253,1068844253,commercial,nan
1068844254,1068844254,commercial,Naveen Complex
1068844255,1068844255,commercial,Sunrise Chambers
1068844256,1068844256,residential,HM Gladiolus
1068844257,1068844257,commercial,nan
1068846819,1068846819,residential,nan
1068846820,1068846820,residential,nan
1068852048,1068852048,commercial,nan
1069218254,1069218254,residential,nan
1069218255,1069218255,residential,nan
1069218256,1069218256,residential,nan
1069218257,1069218257,residential,nan
1069218258,1069218258,residential,nan
1069218259,1069218259,residential,nan
1069218260,1069218260,residential,nan
1069218261,1069218261,residential,KV Hebbal Staff Quarters
1069218266,1069218266,residential,Melukote Apartments
1069218267,1069218267,residential,Arcot House
1069219394,1069219394,residential,Everest and Kailash Apartments
1069219395,1069219395,residential,Kasturi Dhama Apartments
1069253438,1069253438,commercial,nan
1069253439,1069253439,commercial,nan
1069253440,1069253440,residential,nan
1069253441,1069253441,residential,nan
1069253442,1069253442,residential,nan
1069265496,1069265496,residential,Veracious Park West
1069265497,1069265497,residential,nan
1069600845,1069600845,residential,Estella Maple Square
1069600846,1069600846,residential,Frontier Heights
1069600847,1069600847,residential,nan
1069600848,1069600848,commercial,Samudaya Bhavan
1069600855,1069600855,residential,Brigade Cornerstone Utopia
1069910599,1069910599,residential,SLS Sunrise
1070105438,1070105438,residential,Mayfair Anthem
1070105447,1070105447,commercial,Prestige Tech Pacific Park
1070342523,1070342523,residential,Sunshine Signature
1070483693,1070483693,residential,Krishvi Dhavala
1070483698,1070483698,residential,Amarthine
1070483753,1070483753,residential,Puja Navarathna
1070509113,1070509113,residential,Marvel Domicilia
1070516510,1070516510,residential,Saroj Whitesands
1070516512,1070516512,commercial,Prestige Featherlite Tech Hub
1070818625,1070818625,residential,The Central Regency Address
1070818628,1070818628,residential,Valik Gardenia
1070825900,1070825900,commercial,nan
1070952273,1070952273,residential,Prestige Song of the South
1070977174,1070977174,residential,RJ Brookesquare
1071053387,1071053387,residential,Purvi Symphony
1071061035,1071061035,commercial,AKR Tech Park
1071061036,1071061036,residential,Salarpuria Sattva Cadenza
1071257241,1071257241,residential,Buildwell Heights
1071257262,1071257262,residential,JR Layout
1071265856,1071265856,residential,nan
1071407119,1071407119,residential,nan
1071407123,1071407123,residential,nan
1072006981,1072006981,residential,Whistling Winds
1072006987,1072006987,residential,nan
1072007028,1072007028,residential,BS Green
1072197836,1072197836,residential,The Ripple
1072272809,1072272809,residential,nan
1072283110,1072283110,residential,Symphony
1072283116,1072283116,residential,Incor Carmel Heights
1072290653,1072290653,residential,CMRS Royal Orchids
1072290663,1072290663,residential,Samruddhi Uplands
1072344841,1072344841,residential,Sumadhura Soham
1072648466,1072648466,residential,Krishvi Gavakshi
1072674715,1072674715,residential,Spectra Palmwoods
1072674732,1072674732,residential,Amrutha Heights
1072674737,1072674737,residential,nan
1072676253,1072676253,residential,Vijayasri Elixir
1072948590,1072948590,commercial,nan
1073091157,1073091157,commercial,nan
1073952493,1073952493,commercial,nan
1073988495,1073988495,residential,Prestige Willow Tree
1073988496,1073988496,residential,Prestige Primrose Hills
1074088674,1074088674,residential,Pride Regalia
1074089347,1074089347,commercial,nan
1074282720,1074282720,commercial,IndiQube Pacifica
1074881558,1074881558,commercial,nan
1074881561,1074881561,residential,Sri Tirumala Sarovar Apartment
1074881563,1074881563,commercial,nan
1074881568,1074881568,residential,Navami Funique
1075249162,1075249162,residential,Sonestaa Silver Oak
1075372136,1075372136,residential,Vaswani Menlo Park
1075497285,1075497285,residential,Sekhar Bellevue
1075549043,1075549043,residential,Akshara Temple Tree
1075549071,1075549071,commercial,nan
1075556964,1075556964,residential,nan
1075561692,1075561692,residential,Vaswani Tranquil
1075569417,1075569417,residential,nan
1075575783,1075575783,residential,Sobha Windsor
1075575787,1075575787,residential,Prestige Park Square
1076111823,1076111823,residential,Vandana Tejyesh
1076111841,1076111841,residential,Prakriti Enclave
1076111842,1076111842,residential,Skandha Moksh
1076332648,1076332648,commercial,nan
1076398559,1076398559,residential,nan
1076405800,1076405800,commercial,nan
1076405806,1076405806,residential,nan
1076405810,1076405810,residential,Officer's Quarters
1076618914,1076618914,commercial,nan
1076871258,1076871258,residential,Samhita Greenwoods
1076871268,1076871268,residential,Vaishnovi TNR
1077848595,1077848595,residential,Sraddha Saphire
1078036945,1078036945,residential,Meenakshi Layout
1078864762,1078864762,residential,nan
1078864763,1078864763,residential,nan
1078864764,1078864764,residential,nan
1078864765,1078864765,residential,nan
1078864766,1078864766,residential,nan
1078864767,1078864767,residential,nan
1078864768,1078864768,residential,nan
1078864769,1078864769,residential,nan
1078864770,1078864770,residential,nan
1078864772,1078864772,commercial,nan
1079068565,1079068565,commercial,Ganesh Theatre
1079087284,1079087284,residential,House of Hiranandani Queensgate
1079094266,1079094266,residential,Lodha Mirabelle
1079506837,1079506837,residential,YS Jagan Mohan Reddy House
1079506838,1079506838,residential,Krishna Shelton
1079506841,1079506841,residential,nan
1079506844,1079506844,commercial,Sattva Horizon
1079506848,1079506848,commercial,Hinduja Ecopolis
1079506852,1079506852,commercial,North Gate Business Park - Phase 1
1080164739,1080164739,residential,Lake Meadows
1080795062,1080795062,residential,Wilson Manor Apartments
1080795065,1080795065,residential,nan
1080795067,1080795067,commercial,nan
1080796143,1080796143,residential,KHB Quarters
1080917755,1080917755,residential,Fifth Element
1080917756,1080917756,residential,Adarsh Park Heights
1080917758,1080917758,residential,Evershine Vrindhavan
1080943278,1080943278,residential,Prestige Boulevard
1080943279,1080943279,residential,Prestige Fontaine Bleau
1080943280,1080943280,residential,Prestige Dolce Vita
1081206653,1081206653,commercial,nan
1081215242,1081215242,residential,Senior Police Officer's Residential Complex
1081215245,1081215245,commercial,Department of Prisons & Correctional Services
1081463155,1081463155,commercial,Hyundai
1081463157,1081463157,commercial,Sports Habitat
1081463159,1081463159,commercial,Raitha Bhavan
1081463160,1081463160,commercial,nan
1081553338,1081553338,residential,Renaissance Reserva
1081555827,1081555827,residential,RGRHCL
1082367459,1082367459,commercial,Hewlett Packard Enterprise
1082449595,1082449595,commercial,Solus Jain Height
1082662446,1082662446,residential,Prestige Gulmohar
1082665740,1082665740,residential,MIMS Habitat
1082668840,1082668840,residential,Sobha Dream Gardens
1082671465,1082671465,residential,Legacy Cirocco
1082784823,1082784823,residential,Adarsh Palm Retreat Lakefront
1082784994,1082784994,residential,Adarsh Palm Retreat Mayberry
1082810539,1082810539,residential,Paradise Nest
1082810540,1082810540,residential,Pride Orchid
1083396839,1083396839,residential,The Five Summits Address
1083400646,1083400646,residential,Sravya Flute 1
1083449784,1083449784,commercial,Karle SEZ
1083566588,1083566588,residential,Amigo Cockburn
1083566597,1083566597,commercial,KPTCL
1083566602,1083566602,commercial,nan
1083570294,1083570294,residential,KR Puram Police Quarters
1083590206,1083590206,commercial,Central Public Works Department
1083590217,1083590217,residential,Police Quarters
1083590219,1083590219,residential,Police Quarters
1083590222,1083590222,commercial,nan
1084220437,1084220437,commercial,nan
1084220440,1084220440,residential,Paresh Apartments
1084220443,1084220443,residential,Margosa Court
1084220445,1084220445,commercial,nan
1084220446,1084220446,commercial,nan
1084220449,1084220449,residential,Vaishnavi Symphony
1084353637,1084353637,commercial,nan
1084363595,1084363595,residential,nan
1084382248,1084382248,commercial,nan
1084382249,1084382249,residential,Golden Nest Apartments
1084382252,1084382252,commercial,nan
1084382254,1084382254,commercial,Vaishnavi Silicon Terraces
1084382255,1084382255,commercial,nan
1084382257,1084382257,commercial,HM Vibha Towers
1084382650,1084382650,commercial,nan
1084382651,1084382651,residential,nan
1084382652,1084382652,commercial,nan
1084450343,1084450343,residential,DSR White Lotus
1084450381,1084450381,residential,SV Signature
1084735109,1084735109,residential,nan
1084735110,1084735110,residential,Legacy Casero
1084735111,1084735111,residential,Esencia
1084735113,1084735113,residential,Renaissance Exotica
1084735114,1084735114,residential,nan
1084735117,1084735117,residential,Sobha Palm Court
1084735119,1084735119,residential,KPSC Vidhana Soudha Layout
1084735120,1084735120,residential,Bren Lakeview
1084735124,1084735124,residential,nan
1084735127,1084735127,commercial,Bimal Auto Agency
1084735132,1084735132,residential,nan
1084735134,1084735134,residential,RMZ Sawaan
1084735136,1084735136,residential,Nitesh Columbus Square
1084735138,1084735138,residential,nan
1084735143,1084735143,commercial,nan
1084971894,1084971894,commercial,Embassy Tech Park - Block 8
1084971895,1084971895,commercial,Vaishnavi Tech Park
1085144198,1085144198,residential,Peninsula Heights
1085870705,1085870705,residential,Krishvi Wisteria
1085949504,1085949504,residential,Rustum Bagh
1085949505,1085949505,commercial,nan
1085949508,1085949508,residential,nan
1085952668,1085952668,residential,B&B Opulent Spire
1085952670,1085952670,commercial,Divyasree Towers
1086033051,1086033051,residential,The Summit
1086033052,1086033052,residential,Greenhall Residency
1086044091,1086044091,residential,Advaitha Aksha
1086044092,1086044092,commercial,Mantri Avenue
1086044093,1086044093,residential,KPWD Quarters
1086044108,1086044108,residential,nan
1086044109,1086044109,commercial,Novel Business Park
1086046637,1086046637,residential,Esteem Classic
1086046638,1086046638,residential,Durga Flute
1086048444,1086048444,residential,nan
1086048446,1086048446,residential,nan
1086048449,1086048449,residential,nan
1086048451,1086048451,residential,Raja Ritz Avenue
1086134443,1086134443,residential,nan
1086134444,1086134444,residential,nan
1086134445,1086134445,residential,nan
1086134446,1086134446,residential,nan
1086134447,1086134447,residential,nan
1086134451,1086134451,residential,nan
1086134452,1086134452,residential,nan
1086134455,1086134455,residential,Ashirwad Apartments
1086215346,1086215346,commercial,nan
1086241109,1086241109,residential,Aisshwarya Opulance
1086438022,1086438022,residential,nan
1086438027,1086438027,residential,nan
1086438028,1086438028,residential,Brigade Bricklane
1086438030,1086438030,residential,nan
1086438041,1086438041,residential,nan
1086438044,1086438044,residential,nan
1086438048,1086438048,residential,nan
1086438050,1086438050,residential,nan
1086438051,1086438051,residential,nan
1086438052,1086438052,residential,nan
1086438054,1086438054,residential,nan
1086438055,1086438055,residential,nan
1087693605,1087693605,residential,nan
1087696660,1087696660,residential,Sri Sai Gokulam
1087820287,1087820287,commercial,nan
1087820288,1087820288,commercial,Yeshwantpura RTO
1087820290,1087820290,residential,nan
1088209008,1088209008,residential,Carmel Layout
1088209025,1088209025,residential,nan
1089113276,1089113276,residential,nan
1089113277,1089113277,residential,nan
1089113281,1089113281,residential,nan
1089707940,1089707940,residential,Meda Heights
1089707942,1089707942,commercial,Sattva Spectrum
1089707943,1089707943,residential,nan
1089707945,1089707945,commercial,Ibis
1089707947,1089707947,residential,Sabharwal House
1089710892,1089710892,residential,VDB Cardinal
1089710895,1089710895,commercial,nan
1089717986,1089717986,residential,nan
1089717987,1089717987,residential,nan
1089717988,1089717988,residential,nan
1089717989,1089717989,residential,nan
1089717991,1089717991,residential,Aishwarya Apartments
1089717996,1089717996,residential,nan
1089717997,1089717997,residential,nan
1089718000,1089718000,commercial,nan
1089718004,1089718004,residential,nan
1091036298,1091036298,residential,DNR Casablanca
1091036299,1091036299,residential,nan
1091039590,1091039590,residential,nan
1091039593,1091039593,residential,nan
1091039594,1091039594,residential,nan
1091040283,1091040283,residential,nan
1091048727,1091048727,residential,nan
1091543225,1091543225,residential,Prestige Shangrila
1091543230,1091543230,residential,Queen's Corner Apartments
1091543233,1091543233,residential,nan
1091543236,1091543236,residential,nan
1091543238,1091543238,commercial,nan
1091543242,1091543242,commercial,nan
1091543243,1091543243,residential,nan
1091543244,1091543244,residential,nan
1091543245,1091543245,residential,nan
1091543246,1091543246,commercial,Cottage Industries Exposition Limited - CIE
1091543248,1091543248,residential,King's House
1091543249,1091543249,residential,nan
1091543250,1091543250,commercial,nan
1091543253,1091543253,commercial,nan
1091543254,1091543254,residential,nan
1091543260,1091543260,residential,nan
1091543261,1091543261,residential,Landmark Apartments
1091543262,1091543262,residential,RBI Office Quarters
1091543264,1091543264,commercial,nan
1091543265,1091543265,residential,Crescent Apartments
1091543273,1091543273,commercial,nan
1091543274,1091543274,commercial,nan
1092180884,1092180884,commercial,nan
1092180885,1092180885,residential,nan
1092180886,1092180886,residential,Skyline Residency
1092180887,1092180887,residential,nan
1092180888,1092180888,residential,nan
1092180889,1092180889,commercial,nan
1092180890,1092180890,residential,nan
1092180891,1092180891,residential,nan
1092663381,1092663381,residential,Vajram Newtown (u/c)
1092668717,1092668717,commercial,Karnataka State Agricultural Produce Processing and Export Corporation Limited
1092668718,1092668718,residential,nan
1092668721,1092668721,residential,nan
1092668722,1092668722,residential,nan
1092680591,1092680591,residential,Satwi's Thavil
1092683241,1092683241,commercial,Salarpuria Sattva Eminence
1092683243,1092683243,residential,Vaswani Whispering Palms
1092941903,1092941903,residential,Uber Verdant 2
1093183266,1093183266,residential,nan
1093287191,1093287191,commercial,nan
1093290433,1093290433,residential,nan
1093290435,1093290435,residential,nan
1093290436,1093290436,commercial,nan
1093290440,1093290440,commercial,nan
1093290441,1093290441,residential,nan
1093290442,1093290442,residential,nan
1093292153,1093292153,commercial,nan
1093504016,1093504016,residential,Purva Grande
1093504018,1093504018,commercial,The Chancery Hotel
1093504019,1093504019,commercial,nan
1093504020,1093504020,residential,Golden Orchid
1093504021,1093504021,commercial,nan
1093504022,1093504022,residential,Regency Violet
1093504023,1093504023,residential,nan
1093504024,1093504024,residential,Total Environment Van Gogh's Garden
1093528496,1093528496,residential,nan
1093528497,1093528497,residential,nan
1093528498,1093528498,residential,nan
1095440450,1095440450,residential,nan
1095440451,1095440451,residential,nan
1095440454,1095440454,commercial,nan
1095440456,1095440456,residential,HMT Colony
1095440457,1095440457,residential,nan
1095440458,1095440458,residential,nan
1095440459,1095440459,residential,nan
1095440460,1095440460,commercial,nan
1095458724,1095458724,commercial,nan
1095458726,1095458726,residential,Landmark
1095458728,1095458728,residential,Sri Renuka Nivasa
1095458729,1095458729,residential,Rustumji Apartments
1095561484,1095561484,residential,Pandurangashram
1095561485,1095561485,residential,Brigade Regency
1095561498,1095561498,residential,BHEL SBD Township B
1095561500,1095561500,residential,nan
1095561505,1095561505,residential,Police Quarters
1095561515,1095561515,commercial,BBMP
1095569346,1095569346,residential,nan
1095569348,1095569348,commercial,nan
1095569350,1095569350,commercial,The Neighborhood
1096795630,1096795630,residential,nan
1097086579,1097086579,commercial,nan
1097436275,1097436275,residential,Sovereign Unnathi
1097440445,1097440445,residential,Asha Township
1097715842,1097715842,commercial,Brigade Southfield
1097727352,1097727352,residential,Miraya Rose
1099665417,1099665417,residential,nan
1099848875,1099848875,commercial,Kalyani Roshni Tech Hub
1099882757,1099882757,commercial,Commercial Complex
1100674384,1100674384,residential,KSRTC Quarters
1100674385,1100674385,residential,KSRTC Quarters
1101219233,1101219233,commercial,Adam's Golden Heritage
1101219235,1101219235,residential,nan
1101219243,1101219243,commercial,nan
1102957210,1102957210,commercial,Maruthi Emarald
1102957211,1102957211,residential,Synapse Nest
1102957212,1102957212,commercial,nan
1102957213,1102957213,residential,nan
1104353535,1104353535,residential,Yeshwantpur Railway Quarters
1104353541,1104353541,commercial,RNS Motors
1104353550,1104353550,commercial,Parimala Towers
1104358048,1104358048,commercial,nan
1106402192,1106402192,residential,nan
1106402193,1106402193,residential,nan
1106402194,1106402194,residential,nan
1106402195,1106402195,residential,nan
1106402196,1106402196,residential,nan
1106402198,1106402198,commercial,nan
1106402199,1106402199,commercial,nan
1106402200,1106402200,residential,nan
1106402202,1106402202,residential,nan
1106402203,1106402203,residential,nan
1106402205,1106402205,commercial,Karnataka Forest Department
1106402206,1106402206,commercial,Department of Pre-University Education
1106402210,1106402210,commercial,BWSSB
1107010325,1107010325,residential,Rennaisance Bellevue
1107018495,1107018495,commercial,nan
1107018499,1107018499,residential,nan
1108003245,1108003245,commercial,nan
1108003246,1108003246,residential,Government Science College Boys' Hostel
1110520956,1110520956,commercial,nan
1110798657,1110798657,residential,nan
1110798658,1110798658,commercial,nan
1110798659,1110798659,residential,nan
1110798660,1110798660,residential,nan
1110798661,1110798661,residential,nan
1110798662,1110798662,residential,nan
1110798664,1110798664,residential,nan
1110798665,1110798665,commercial,nan
1110798666,1110798666,residential,nan
1110808769,1110808769,commercial,North Gate Business Park - Phase 2
1110808779,1110808779,commercial,Vista Pixel
1111108767,1111108767,residential,BSNL Quarters
1111108770,1111108770,residential,Police Quarters
1111845882,1111845882,residential,KMF Hostel
1111845883,1111845883,residential,Gurupreeth Residency
1111845894,1111845894,residential,nan
1112087817,1112087817,residential,Keerthi Krishna Viva
1112087818,1112087818,commercial,Shell
1112087825,1112087825,commercial,nan
1112087827,1112087827,commercial,nan
1112525152,1112525152,residential,nan
1112525153,1112525153,residential,nan
1113090751,1113090751,commercial,nan
1114967981,1114967981,commercial,nan
1114967983,1114967983,residential,nan
1114967985,1114967985,residential,Windsor Castle
1114967986,1114967986,commercial,nan
1114967992,1114967992,residential,Prestige Abshot
1115399971,1115399971,residential,Embassy Espana
1115399972,1115399972,commercial,nan
1115399976,1115399976,commercial,Karnataka State Warehousing Corporation
1116730318,1116730318,residential,nan
1116730325,1116730325,residential,Shilpa Dacha
1116733296,1116733296,residential,Park Square Avenue
1117353468,1117353468,residential,nan
1117353469,1117353469,residential,nan
1117421878,1117421878,commercial,nan
1117440303,1117440303,commercial,IISc Residential Quarters
1117440304,1117440304,commercial,Janatha Bazaar
1117440308,1117440308,residential,IISc HE Quarters
1117522766,1117522766,commercial,nan
1117522767,1117522767,residential,nan
1117538125,1117538125,residential,nan
1117538126,1117538126,residential,nan
1117538128,1117538128,residential,Purva Westend
1117549368,1117549368,residential,Pai Layout
1118416234,1118416234,residential,RRBC Picasso
1118416954,1118416954,commercial,Brigade Seshmahal
1118421374,1118421374,residential,nan
1118557049,1118557049,residential,Godrej Eternity
1118946147,1118946147,residential,Sobha Arena
1118946153,1118946153,residential,Mantri Alpyne
1118946154,1118946154,residential,Prestige Lake Ridge
1118946160,1118946160,residential,Brigade 7 Gardens
1118946161,1118946161,residential,Brigade Omega
1118946162,1118946162,residential,Rohan Akriti Apartments
1118946164,1118946164,residential,Golden Panorama
1118946165,1118946165,residential,Sobha Forest Edge
1118946167,1118946167,residential,nan
1118949274,1118949274,residential,Sterling Residency
1118949275,1118949275,residential,Anriya Dwellington
1118949276,1118949276,residential,Gowri Apartments
1119208726,1119208726,residential,nan
1119208727,1119208727,residential,nan
1119219521,1119219521,commercial,Prestige Emerald Towers
1119219523,1119219523,commercial,Prestige Sterling Square
1119219526,1119219526,commercial,Frontline Grandeur
1119219527,1119219527,commercial,Hitananda Building
1119219528,1119219528,commercial,Shezan Lavelle
1119219529,1119219529,residential,nan
1119219531,1119219531,commercial,nan
1119219535,1119219535,commercial,Salarpuria Sattva Cosmo Lavelle
1119219537,1119219537,commercial,Skav 909
1119219538,1119219538,commercial,nan
1119219548,1119219548,residential,nan
1119221389,1119221389,commercial,Bangalore Creative Circus
1119315454,1119315454,residential,nan
1119315455,1119315455,residential,nan
1119328354,1119328354,residential,nan
1119328357,1119328357,residential,nan
1119328359,1119328359,residential,Greenergy
1119328360,1119328360,residential,nan
1119328363,1119328363,residential,Arkavathy Layout 2nd Block
1119328366,1119328366,residential,nan
1119408832,1119408832,commercial,Prestige Loka
1119896626,1119896626,commercial,BBMP Dry Waste Collection Center
1119921703,1119921703,residential,nan
1119921708,1119921708,residential,Valmark Apas
1120150542,1120150542,residential,nan
1120161132,1120161132,residential,CLPD Sunrise
1120779480,1120779480,commercial,nan
1122205571,1122205571,residential,Jyothi Woods
1122439662,1122439662,commercial,Phoenix Crescent
1123146960,1123146960,residential,Sumadhura Nandanam
1123149229,1123149229,residential,Monarch Aqua
1123151706,1123151706,residential,nan
1123151712,1123151712,residential,RJ Lake
1123304171,1123304171,residential,Anandam Private Residences
1123304174,1123304174,residential,nan
1123787552,1123787552,residential,GCN White Palms
1124083554,1124083554,commercial,nan
1124083555,1124083555,commercial,nan
1124083556,1124083556,commercial,CRN Chambers
1124083557,1124083557,commercial,SKAV Seethalakshmi
1124083560,1124083560,commercial,Chief Metropolitan Magistrate Courts Complex
1124083561,1124083561,residential,Railway Officer's Enclave
1124083563,1124083563,commercial,Office of the Commissioner of Railway Safety
1124083564,1124083564,residential,nan
1124089047,1124089047,residential,nan
1124089048,1124089048,residential,Hulkul Residency
1124089049,1124089049,commercial,The Hulkul
1124089050,1124089050,commercial,Hulkul Ascent
1124233386,1124233386,commercial,nan
1124238266,1124238266,residential,AVR Nakshatra Villas
1124597756,1124597756,residential,Vajram Esteva
1124636159,1124636159,commercial,IndiQube Crystal
1124636160,1124636160,commercial,nan
1124687780,1124687780,residential,Trifecta Starlight
1124790760,1124790760,commercial,BESCOM Executive Engineer
1124828968,1124828968,residential,Minister's Quarters
1124828970,1124828970,residential,nan
1124828971,1124828971,residential,nan
1124828975,1124828975,residential,nan
1124828979,1124828979,residential,Government Staff Quarters
1124828980,1124828980,residential,Crescent Court
1124828981,1124828981,residential,Minister's Quarters
1124828983,1124828983,residential,Minister's Quarters
1124838023,1124838023,commercial,nan
1124838028,1124838028,commercial,Shri Lakshmi Complex
1124838029,1124838029,commercial,nan
1124838031,1124838031,residential,Vijay Kiran Apartments
1124838104,1124838104,residential,nan
1124838106,1124838106,commercial,Lancer Building
1124838107,1124838107,commercial,nan
1124838111,1124838111,residential,SS Mansion
1124838112,1124838112,commercial,IndiQube Penta
1125367846,1125367846,commercial,Planet Sports
1125371215,1125371215,commercial,Kaman Amaryllis
1125662416,1125662416,residential,nan
1125662417,1125662417,commercial,nan
1125662418,1125662418,residential,nan
1125662420,1125662420,residential,nan
1125662425,1125662425,residential,nan
1125662426,1125662426,residential,nan
1125662429,1125662429,residential,nan
1125669864,1125669864,residential,nan
1125669865,1125669865,commercial,nan
1125669866,1125669866,commercial,nan
1125669872,1125669872,commercial,nan
1125688045,1125688045,residential,KHB Colony
1125688047,1125688047,residential,nan
1125688049,1125688049,residential,nan
1125688050,1125688050,residential,Housing Board Colony
1125688055,1125688055,residential,Railway Quarters NGEF
1125688056,1125688056,residential,BMRCL Staff Quarters
1125688065,1125688065,residential,nan
1125692655,1125692655,commercial,Nitesh Lexington Avenue
1125692657,1125692657,residential,nan
1125698048,1125698048,residential,nan
1125877405,1125877405,residential,nan
1125877406,1125877406,commercial,nan
1125877412,1125877412,commercial,nan
1125892142,1125892142,residential,nan
1125892143,1125892143,commercial,IndiQube Ashford
1125892144,1125892144,commercial,Wipro House
1125892145,1125892145,commercial,Vaishnavi Summit
1125892146,1125892146,commercial,Kabra Excelsior
1125892147,1125892147,commercial,nan
1125892149,1125892149,commercial,IndiQube Celestia
1125892150,1125892150,residential,nan
1125892151,1125892151,commercial,IndiQube Zip
1125892153,1125892153,commercial,Fortius Origin
1125892155,1125892155,commercial,nan
1125892157,1125892157,residential,nan
1125892159,1125892159,commercial,nan
1125892160,1125892160,residential,Floriana Estates
1125892166,1125892166,commercial,nan
1125892167,1125892167,commercial,Axilor Transit
1125892168,1125892168,residential,nan
1125892169,1125892169,commercial,KIOCL Limited
1125892170,1125892170,residential,Kudremukh Colony
1125892171,1125892171,residential,CPWD Complex
1125892172,1125892172,residential,nan
1125892173,1125892173,residential,KSRP Senior Officer's Residential Quarters
1125892174,1125892174,residential,nan
1125892177,1125892177,commercial,nan
1125988168,1125988168,commercial,BWSSB
1125988174,1125988174,commercial,IndiQube Delta
1125988175,1125988175,commercial,HSR Layout RTO
1125988176,1125988176,commercial,nan
1125988180,1125988180,commercial,nan
1125988183,1125988183,commercial,nan
1125988184,1125988184,commercial,nan
1125988186,1125988186,residential,Mantri Classic
1125988188,1125988188,residential,nan
1125988189,1125988189,residential,nan
1125988190,1125988190,residential,nan
1125988191,1125988191,residential,nan
1125988192,1125988192,residential,nan
1125988193,1125988193,residential,nan
1125988194,1125988194,residential,nan
1125988195,1125988195,residential,nan
1125988196,1125988196,residential,nan
1125988197,1125988197,residential,nan
1125988198,1125988198,residential,nan
1125988199,1125988199,residential,nan
1125988200,1125988200,residential,nan
1125988201,1125988201,residential,nan
1125988202,1125988202,residential,nan
1125988203,1125988203,residential,nan
1125988204,1125988204,commercial,nan
1125988205,1125988205,commercial,nan
1125988206,1125988206,commercial,nan
1125999702,1125999702,residential,Krishna Glade
1125999704,1125999704,residential,nan
1125999705,1125999705,commercial,nan
1125999706,1125999706,residential,nan
1125999708,1125999708,commercial,VK Kalyani
1126060068,1126060068,residential,nan
1126060069,1126060069,commercial,nan
1126060071,1126060071,commercial,nan
1126060072,1126060072,residential,nan
1126063816,1126063816,residential,nan
1126063818,1126063818,residential,nan
1126139623,1126139623,commercial,nan
1126139624,1126139624,commercial,Aurbis Concord
1126139625,1126139625,commercial,nan
1126139626,1126139626,commercial,nan
1126139629,1126139629,commercial,President Chambers
1126139635,1126139635,commercial,Indraprastha Invictus
1126139636,1126139636,residential,Spartan Heights
1126139637,1126139637,commercial,Bikaner Signature Tower
1126139641,1126139641,residential,nan
1126139642,1126139642,residential,nan
1126139644,1126139644,residential,Prestige Cedars
1126139651,1126139651,residential,nan
1126139652,1126139652,residential,Manish Complex
1126139655,1126139655,residential,nan
1126140034,1126140034,commercial,nan
1126169749,1126169749,commercial,nan
1126243350,1126243350,residential,Sudarshan Women's Hostel
1126715094,1126715094,commercial,nan
1126717607,1126717607,residential,nan
1126717608,1126717608,residential,Survey of India Quarters
1126736121,1126736121,residential,nan
1126736122,1126736122,residential,nan
1126736123,1126736123,residential,nan
1126736124,1126736124,commercial,nan
1126736125,1126736125,commercial,nan
1126736126,1126736126,commercial,nan
1126736128,1126736128,residential,nan
1126736129,1126736129,commercial,nan
1126736130,1126736130,residential,nan
1126736131,1126736131,residential,nan
1126736132,1126736132,residential,nan
1126736133,1126736133,residential,nan
1126736134,1126736134,residential,nan
1126736135,1126736135,residential,nan
1126736136,1126736136,residential,nan
1126736137,1126736137,residential,nan
1127670289,1127670289,residential,Bens Royal Woods
1127671316,1127671316,residential,Bens Blooming Valley
1127727163,1127727163,residential,nan
1127727164,1127727164,residential,nan
1127727167,1127727167,residential,Brigade Parkside North
1127727168,1127727168,residential,Renaissance Shanks Sunnyside
1127727174,1127727174,commercial,The King's Meadows
1127727179,1127727179,residential,Shruthika Springfields
1127959508,1127959508,commercial,nan
1127959510,1127959510,residential,nan
1127959512,1127959512,commercial,MAH Quduse
1127959515,1127959515,commercial,Platinum Jubilee Building
1127959517,1127959517,residential,nan
1127959518,1127959518,residential,nan
1127959522,1127959522,residential,nan
1127959523,1127959523,commercial,nan
1127959524,1127959524,residential,nan
1127959526,1127959526,residential,nan
1128022659,1128022659,residential,nan
1128022660,1128022660,residential,nan
1128022661,1128022661,residential,nan
1128022662,1128022662,residential,nan
1128022663,1128022663,residential,nan
1128022665,1128022665,residential,nan
1128022666,1128022666,residential,nan
1128022667,1128022667,residential,nan
1128022668,1128022668,residential,nan
1128022669,1128022669,residential,nan
1128022670,1128022670,residential,nan
1128022671,1128022671,residential,nan
1128022672,1128022672,residential,nan
1128022673,1128022673,residential,nan
1128022674,1128022674,residential,nan
1128022676,1128022676,residential,nan
1128022677,1128022677,residential,nan
1128022678,1128022678,residential,nan
1128022679,1128022679,residential,nan
1128022680,1128022680,residential,nan
1128022681,1128022681,residential,nan
1128022682,1128022682,residential,nan
1128022683,1128022683,residential,nan
1128022684,1128022684,residential,nan
1128022685,1128022685,residential,nan
1128022686,1128022686,residential,nan
1128022687,1128022687,residential,nan
1128022688,1128022688,residential,nan
1128022689,1128022689,residential,nan
1128022690,1128022690,residential,nan
1128022691,1128022691,residential,nan
1128022692,1128022692,residential,nan
1128022693,1128022693,residential,nan
1128022694,1128022694,residential,nan
1128022695,1128022695,residential,nan
1128022696,1128022696,residential,nan
1128022697,1128022697,residential,nan
1128022698,1128022698,residential,nan
1128022700,1128022700,residential,nan
1128022701,1128022701,residential,nan
1128022702,1128022702,residential,nan
1128022703,1128022703,residential,nan
1128022704,1128022704,residential,nan
1128022705,1128022705,residential,nan
1128022706,1128022706,residential,nan
1128022707,1128022707,residential,nan
1128022708,1128022708,residential,nan
1128022709,1128022709,residential,nan
1128022712,1128022712,commercial,BBMP
1128023307,1128023307,commercial,nan
1128023308,1128023308,residential,nan
1128023309,1128023309,residential,nan
1128023310,1128023310,residential,nan
1128023311,1128023311,commercial,nan
1128127118,1128127118,residential,nan
1128132031,1128132031,residential,nan
1128134221,1128134221,residential,Tranquill at Brigade Cornerstone Utopia
1128134222,1128134222,residential,Paradise at Brigade Cornerstone Utopia
1128134223,1128134223,residential,Serene at Brigade Cornerstone Utopia
1128134224,1128134224,residential,Eden at Brigade Cornerstone Utopia
1128134226,1128134226,residential,Myhna Maple
1128134227,1128134227,commercial,Shakunthalamma Narayanappa Convention Hall
1128134228,1128134228,residential,nan
1128134238,1128134238,residential,Candeur Signature
1130678784,1130678784,commercial,Shell
1131468750,1131468750,residential,SVJ Palm Grove
1131468753,1131468753,residential,C Ramaiah's Lakeside Heights
1131468754,1131468754,residential,Water Woods
1132098868,1132098868,residential,nan
1132098869,1132098869,residential,Shilpitha Royal
1132387735,1132387735,residential,nan
1132387736,1132387736,residential,nan
1132387737,1132387737,residential,nan
1132387738,1132387738,residential,nan
1132429438,1132429438,residential,Blueberry Homes
1132429439,1132429439,residential,Unnathi Vaibhavi
1132429442,1132429442,residential,Rohan Upavan
1132429445,1132429445,residential,Trendsquare Ambiance
1132481728,1132481728,commercial,Bharat Petroleum Aviation Fuelling Station and Aviation Field Taining Centre
1133630911,1133630911,residential,Nakshatra Nestillo
1134013415,1134013415,commercial,nan
1134015399,1134015399,residential,nan
1134015400,1134015400,residential,nan
1134015401,1134015401,residential,HAL Housing Complex
1134015405,1134015405,residential,nan
1134052176,1134052176,residential,Sobha Morzaria Grandeur
1134052177,1134052177,commercial,nan
1134272289,1134272289,residential,Parimala Skyview
1134275245,1134275245,residential,Fortune Acacia
1134275247,1134275247,residential,Unique Signature Apartments
1134275249,1134275249,residential,Hoysala Ace
1134275262,1134275262,residential,Sobha Windfall
1134275264,1134275264,commercial,nan
1134275266,1134275266,residential,Chitrakut Century
1134278999,1134278999,commercial,nan
1134279000,1134279000,residential,Elegant Berkeley
1135596499,1135596499,residential,nan
1135846612,1135846612,commercial,Titanium Tech Park
1135850909,1135850909,residential,Sravya Flute 2
1135850913,1135850913,residential,nan
1135852234,1135852234,commercial,Vista Spaces Earth Centre
1135950148,1135950148,residential,Green Fields Layout
1135950150,1135950150,residential,nan
1135950151,1135950151,residential,nan
1136162565,1136162565,residential,Bollineni Astra
1136162567,1136162567,residential,nan
1136162569,1136162569,commercial,nan
1136162572,1136162572,residential,nan
1136162887,1136162887,commercial,Karnataka Forest Department
1137014174,1137014174,residential,nan
1137014175,1137014175,residential,nan
1137014176,1137014176,residential,nan
1137014177,1137014177,residential,nan
1137014178,1137014178,residential,nan
1137014179,1137014179,residential,nan
1137152701,1137152701,commercial,nan
1137152702,1137152702,residential,Brigade Mayfair
1137152703,1137152703,commercial,IndiQube Brigade Square
1137187608,1137187608,residential,SM Pearl
1137187618,1137187618,residential,nan
1137187619,1137187619,commercial,nan
1137187620,1137187620,residential,nan
1137187621,1137187621,commercial,ONYX Center
1137305675,1137305675,commercial,nan
1137305676,1137305676,commercial,nan
1137305677,1137305677,commercial,nan
1137305678,1137305678,residential,Prestige El Palacio
1137305683,1137305683,residential,Legacy Cataleya
1137305685,1137305685,commercial,nan
1137660871,1137660871,residential,Gokul Towers
1137660873,1137660873,residential,nan
1137660878,1137660878,residential,nan
1137660883,1137660883,residential,Anriya Palatial
1137660886,1137660886,commercial,BBMP
1137660889,1137660889,residential,nan
1137668043,1137668043,commercial,nan
1137668046,1137668046,residential,MTB Farm House
1137668047,1137668047,residential,Ashraya Layout 2nd Stage
1137982236,1137982236,residential,HM Tambourine
1137982237,1137982237,residential,Shriram Southern Crest
1137987556,1137987556,residential,DS Needs 3 Project 276
1138940972,1138940972,residential,nan
1138940973,1138940973,residential,NR Orchid Gardenia
1141353117,1141353117,residential,nan
1141353118,1141353118,commercial,BBMP
1141353120,1141353120,commercial,nan
1141353121,1141353121,commercial,nan
1141353124,1141353124,commercial,nan
1141353125,1141353125,residential,nan
1141353127,1141353127,commercial,nan
1141353128,1141353128,residential,nan
1141353129,1141353129,residential,nan
1141353130,1141353130,commercial,nan
1141353131,1141353131,residential,nan
1141353132,1141353132,commercial,nan
1141414935,1141414935,residential,nan
1141414936,1141414936,residential,nan
1141414939,1141414939,residential,nan
1141414941,1141414941,residential,nan
1141414943,1141414943,residential,nan
1144034656,1144034656,residential,Sri Balaji Monarch
1144036211,1144036211,residential,Amrutha Platinum Towers
1144247768,1144247768,residential,nan
1144247770,1144247770,residential,nan
1144270147,1144270147,residential,Padmavathy Paradise
1144270152,1144270152,residential,Sai Paragon Meadows
1144281242,1144281242,residential,Dhruvika Mogra
1144281250,1144281250,commercial,Esskay Totalgaz
1144281251,1144281251,commercial,nan
1144281253,1144281253,residential,Aratt Premier
1144296219,1144296219,commercial,Wipro GE Healthcare
1144296220,1144296220,commercial,Prasad Technology Park
1144296221,1144296221,commercial,nan
1144296227,1144296227,commercial,Prestige Omega
1144343751,1144343751,residential,Sri Charitha Blossom
1145006727,1145006727,commercial,Total Environment - Imagine
1147338812,1147338812,residential,nan
1147338813,1147338813,residential,nan
1147338814,1147338814,residential,nan
1147338816,1147338816,commercial,BBMP
1147342231,1147342231,commercial,nan
1147342233,1147342233,residential,Vistara 450
1147342234,1147342234,residential,Hiro Tower
1147342235,1147342235,commercial,nan
1147342236,1147342236,residential,nan
1147342237,1147342237,residential,Palace Orchard
1147342238,1147342238,residential,Embassy Orchid
1147353861,1147353861,residential,Paramount Raghavendra Arisht
1147353862,1147353862,residential,Mukund Vivek Paradise
1147353863,1147353863,residential,Govindam Meghana Homes
1147468850,1147468850,residential,Lore Pride Apartment
1147646460,1147646460,commercial,V K Tech Park
1147662043,1147662043,residential,Sai Raghavendra White Midas
1147692544,1147692544,commercial,nan
1148268345,1148268345,residential,nan
1148302611,1148302611,commercial,nan
1148302612,1148302612,residential,nan
1148302613,1148302613,commercial,nan
1148302614,1148302614,residential,nan
1148302615,1148302615,commercial,nan
1148302616,1148302616,residential,nan
1148302617,1148302617,commercial,nan
1148302618,1148302618,commercial,nan
1148302619,1148302619,residential,nan
1148302620,1148302620,commercial,nan
1148302621,1148302621,commercial,nan
1148302622,1148302622,residential,Nanda Gokula
1148302623,1148302623,commercial,Bharath Petroleum
1148555013,1148555013,commercial,nan
1149212989,1149212989,residential,nan
1149212990,1149212990,commercial,nan
1149212991,1149212991,commercial,nan
1149212992,1149212992,residential,Silver Manor
1149212993,1149212993,residential,Amber
1149212994,1149212994,residential,Elgin Court
1149212995,1149212995,residential,Grace Land
1149212996,1149212996,residential,Bearys Cul De Sac
1149212997,1149212997,residential,All Seasons
1149212998,1149212998,residential,Farah Green
1149212999,1149212999,residential,Haydon Manor
1149213000,1149213000,residential,Park Land
1149226849,1149226849,commercial,Chateau de Marque
1149226850,1149226850,commercial,Manandi Plaza
1149226851,1149226851,commercial,Prestige Samrah Plaza
1149226852,1149226852,commercial,Sophia's Choice
1149442733,1149442733,residential,nan
1149442737,1149442737,commercial,nan
1149670792,1149670792,residential,nan
1149670804,1149670804,commercial,Subramanya Tech Park
1149959379,1149959379,commercial,SJR Primeco Towers
1149959381,1149959381,residential,Rose Garden Apartments
1149959394,1149959394,residential,Kristal Beryl
1149959395,1149959395,residential,Disha Loharuka Solaris
1149959398,1149959398,residential,Nydhile
1149959415,1149959415,residential,Jains Aashraya
1150343700,1150343700,residential,Charitha Classic
1150343713,1150343713,residential,Arya Layout
1150343716,1150343716,residential,DSR Brown Creeper
1150343719,1150343719,residential,Aratt Adora
1150343726,1150343726,commercial,nan
1150343734,1150343734,residential,Land Capital Primero
1150472189,1150472189,residential,Vandana Alpyne
1150488569,1150488569,residential,nan
1150511288,1150511288,residential,The Residences at Brigade Tech Gardens
1150894520,1150894520,residential,SV Prime
1150894522,1150894522,residential,nan
1150897144,1150897144,residential,Railway Quarters
1151111329,1151111329,commercial,Prestige Tech Habitat
1151907039,1151907039,commercial,Neil Rao Towers
1151907041,1151907041,commercial,nan
1151907042,1151907042,commercial,Sree Lakshmi
1151907043,1151907043,commercial,Bharati Airtel Nxtra
1151907045,1151907045,commercial,Akshay Tech Park
1151907048,1151907048,commercial,nan
1151907049,1151907049,commercial,nan
1151907061,1151907061,commercial,Salaruria Sattva Mindcomp Tech Park
1151907067,1151907067,commercial,nan
1151912863,1151912863,residential,Radiant Katriel
1151912865,1151912865,residential,Sumadhura Shangrilla
1151983183,1151983183,commercial,nan
1151983203,1151983203,residential,nan
1151983248,1151983248,residential,Prestige Whispering Winds
1152478198,1152478198,residential,Garden Homes
1152478200,1152478200,residential,Raheja Terraces
1152478201,1152478201,residential,Nitesh Logos
1152478202,1152478202,residential,Sterling Finsbury Park
1152478203,1152478203,residential,Tounne House
1152478204,1152478204,residential,Vitrose Elenza
1152478206,1152478206,residential,Belvedere
1152478207,1152478207,residential,nan
1152478209,1152478209,residential,Salarpuria Paradise
1152478210,1152478210,residential,nan
1152478211,1152478211,residential,Lakeshore Manor
1152478212,1152478212,residential,nan
1152478213,1152478213,residential,God's Gift Apartments
1152478214,1152478214,residential,Prestige Chalet
1152481905,1152481905,commercial,Holiday Inn Express Bengaluru Whitefield ITPL
1152482561,1152482561,commercial,"Renaissance Bengaluru, Race Course"
1152486229,1152486229,commercial,nan
1152486230,1152486230,commercial,nan
1153506160,1153506160,residential,nan
1153506161,1153506161,residential,nan
1153506162,1153506162,residential,Palace Garden Apartments
1153736758,1153736758,residential,nan
1153736767,1153736767,commercial,nan
1153736768,1153736768,commercial,nan
1153736769,1153736769,commercial,nan
1153736770,1153736770,commercial,nan
1153736771,1153736771,commercial,nan
1153852645,1153852645,residential,nan
1153852646,1153852646,residential,nan
1153852649,1153852649,residential,Prestige Sunflower
1153852655,1153852655,residential,Aparanta Enclave
1153855764,1153855764,residential,DS Max Sanskruthi
1153855770,1153855770,commercial,Amara Convention Center
1153864194,1153864194,residential,Prestige North Point
1154652904,1154652904,residential,nan
1154652905,1154652905,residential,nan
1154652906,1154652906,residential,nan
1154652907,1154652907,residential,nan
1154652908,1154652908,residential,nan
1154652909,1154652909,residential,nan
1154652910,1154652910,residential,nan
1154652911,1154652911,residential,nan
1154652912,1154652912,residential,nan
1154652913,1154652913,residential,nan
1154652914,1154652914,residential,nan
1154666458,1154666458,residential,nan
1154666461,1154666461,residential,Skylark Greens
1154666464,1154666464,residential,Asset Gardenia Enclave
1154666465,1154666465,residential,RSun Palms
1154666467,1154666467,residential,Sai Raghavendra Bloomfields
1154666469,1154666469,residential,Malibu Paloma
1154666472,1154666472,residential,nan
1154800559,1154800559,commercial,nan
1154800560,1154800560,commercial,nan
1154800562,1154800562,commercial,nan
1154800563,1154800563,commercial,JP Tech Park
1154800764,1154800764,residential,Rail Wheel Factory East Colony
1154803675,1154803675,residential,All India Radio Staff Quarters
1154805393,1154805393,commercial,nan
1154805395,1154805395,residential,nan
1154805832,1154805832,residential,DSR RR Avenues
1154953982,1154953982,residential,Golden Jubilee Complex
1155064208,1155064208,residential,nan
1155369193,1155369193,residential,Samruddhi Florence
1155369194,1155369194,residential,nan
1156224672,1156224672,residential,Vijayalakshmi Enclave
1156278574,1156278574,residential,Hoysala Sai Shelters
1156278584,1156278584,commercial,nan
1156278585,1156278585,commercial,nan
1156298769,1156298769,residential,Syed's Serenity
1156298771,1156298771,residential,Great Eastern Chalet
1156298772,1156298772,residential,Bailey Apartments
1156298773,1156298773,residential,Skyline Casa
1156298774,1156298774,residential,Kamadhenu Apartments
1156298775,1156298775,residential,Indrapratha Enero
1156298776,1156298776,residential,nan
1156298778,1156298778,commercial,nan
1156298780,1156298780,residential,nan
1156298781,1156298781,residential,nan
1156298782,1156298782,commercial,nan
1157155412,1157155412,residential,nan
1157155416,1157155416,residential,nan
1157155420,1157155420,residential,nan
1157155421,1157155421,residential,nan
1157159572,1157159572,residential,nan
1157159573,1157159573,residential,nan
1157161753,1157161753,commercial,Sri Balaji
1157161754,1157161754,commercial,nan
1157217999,1157217999,residential,Regency Heights
1157218011,1157218011,residential,nan
1157218012,1157218012,residential,DF Silverline Queens Terraces
1157218021,1157218021,residential,Mantri Altius
1157248002,1157248002,residential,BDA Valagerahalli
1157248006,1157248006,commercial,nan
1157248007,1157248007,residential,Sahyadri Apartments
1157248017,1157248017,residential,nan
1157248023,1157248023,residential,Good Earth Enclave
1157371849,1157371849,residential,nan
1157397987,1157397987,residential,Sobha Valley View
1157397995,1157397995,residential,Vasundhara Krithika
1157464185,1157464185,residential,Shirke KHB Quarters
1157476520,1157476520,residential,nan
1158087388,1158087388,residential,nan
1160675955,1160675955,residential,nan
1160675956,1160675956,residential,nan
1160844593,1160844593,commercial,nan
1160844594,1160844594,residential,nan
1160844595,1160844595,commercial,nan
1160844596,1160844596,residential,nan
1160844597,1160844597,commercial,nan
1160844598,1160844598,commercial,nan
1160844599,1160844599,residential,Spectra Raywoods
1160844600,1160844600,commercial,Mukhtar Manzil Convention Hall
1160844601,1160844601,commercial,Taj Palace
1160844602,1160844602,residential,nan
1160844603,1160844603,residential,nan
1160844605,1160844605,commercial,nan
1160844606,1160844606,residential,nan
1160844607,1160844607,commercial,nan
1160844608,1160844608,residential,Beau Monde
1160844609,1160844609,commercial,nan
1160844610,1160844610,commercial,nan
1160844611,1160844611,residential,RMZ Woodsvale
1160844612,1160844612,commercial,BESCOM
1160844613,1160844613,residential,nan
1160844614,1160844614,commercial,Lewis Workspace
1160844615,1160844615,residential,nan
1160844616,1160844616,residential,nan
1160844617,1160844617,residential,nan
1160844618,1160844618,residential,Blossom Ville
1160844619,1160844619,residential,nan
1160844620,1160844620,residential,King's Crest Apartments
1160844623,1160844623,commercial,nan
1160844625,1160844625,residential,nan
1160844626,1160844626,residential,Sai Gardenia
1160844630,1160844630,residential,nan
1160844631,1160844631,residential,nan
1160844633,1160844633,residential,nan
1160844635,1160844635,residential,nan
1160844636,1160844636,residential,nan
1160844638,1160844638,residential,nan
1160845581,1160845581,residential,nan
1160846984,1160846984,residential,nan
1160846985,1160846985,residential,nan
1160846986,1160846986,commercial,nan
1160846988,1160846988,commercial,nan
1160846989,1160846989,residential,nan
1160846991,1160846991,commercial,nan
1160846992,1160846992,residential,nan
1160846993,1160846993,residential,nan
1160846996,1160846996,residential,nan
1160846997,1160846997,commercial,nan
1160846998,1160846998,residential,nan
1160846999,1160846999,residential,nan
1160847000,1160847000,commercial,nan
1160847001,1160847001,commercial,nan
1160847002,1160847002,residential,nan
1160847003,1160847003,residential,nan
1160847004,1160847004,residential,nan
1160847005,1160847005,residential,nan
1160847006,1160847006,residential,nan
1160847007,1160847007,residential,nan
1160847008,1160847008,residential,nan
1160847009,1160847009,residential,nan
1160847010,1160847010,residential,nan
1160847011,1160847011,commercial,nan
1160847012,1160847012,residential,nan
1160847013,1160847013,residential,nan
1160847014,1160847014,residential,nan
1160847015,1160847015,residential,nan
1160847016,1160847016,commercial,nan
1160847017,1160847017,residential,nan
1160847018,1160847018,commercial,nan
1160847019,1160847019,commercial,nan
1160847020,1160847020,residential,nan
1160847021,1160847021,commercial,nan
1160847022,1160847022,residential,nan
1160847023,1160847023,residential,nan
1160847024,1160847024,residential,nan
1160847025,1160847025,residential,nan
1160847026,1160847026,commercial,nan
1160847027,1160847027,commercial,nan
1160847028,1160847028,commercial,nan
1160847029,1160847029,commercial,nan
1160847030,1160847030,commercial,nan
1160847031,1160847031,commercial,nan
1160847032,1160847032,commercial,nan
1160847033,1160847033,commercial,nan
1160859520,1160859520,residential,nan
1160859521,1160859521,commercial,nan
1160859522,1160859522,residential,nan
1160859523,1160859523,residential,nan
1160859524,1160859524,residential,nan
1160859525,1160859525,commercial,nan
1160859526,1160859526,commercial,nan
1160859527,1160859527,commercial,nan
1160859528,1160859528,commercial,nan
1160859529,1160859529,residential,nan
1160859530,1160859530,residential,nan
1160859531,1160859531,residential,nan
1160859532,1160859532,commercial,nan
1160859533,1160859533,commercial,nan
1160859534,1160859534,residential,nan
1160859535,1160859535,residential,nan
1160859536,1160859536,residential,nan
1160859537,1160859537,residential,nan
1160859538,1160859538,commercial,nan
1160859539,1160859539,commercial,nan
1160859540,1160859540,residential,nan
1160859541,1160859541,commercial,nan
1160859542,1160859542,residential,nan
1160859543,1160859543,residential,nan
1160859544,1160859544,residential,nan
1160859545,1160859545,residential,nan
1160859546,1160859546,commercial,nan
1160859552,1160859552,commercial,Eastland Citadel
1160859553,1160859553,commercial,nan
1160859557,1160859557,commercial,nan
1160859558,1160859558,commercial,nan
1160859559,1160859559,residential,nan
1160859560,1160859560,commercial,nan
1160859561,1160859561,commercial,nan
1160859562,1160859562,commercial,nan
1160859563,1160859563,commercial,nan
1160859564,1160859564,residential,nan
1160859565,1160859565,residential,nan
1160859566,1160859566,residential,nan
1160859567,1160859567,residential,nan
1160859568,1160859568,residential,nan
1160859569,1160859569,residential,nan
1160859570,1160859570,residential,nan
1160859571,1160859571,residential,nan
1160859572,1160859572,residential,nan
1160859573,1160859573,commercial,nan
1160859574,1160859574,commercial,nan
1160859575,1160859575,commercial,nan
1160859576,1160859576,residential,nan
1160859577,1160859577,commercial,nan
1160859578,1160859578,residential,nan
1160859579,1160859579,commercial,nan
1160859580,1160859580,commercial,nan
1160859581,1160859581,residential,nan
1160859582,1160859582,residential,nan
1160859583,1160859583,residential,nan
1160859584,1160859584,residential,nan
1160859585,1160859585,commercial,nan
1160859586,1160859586,commercial,nan
1160859587,1160859587,commercial,BBMP
1160859590,1160859590,residential,nan
1160859591,1160859591,commercial,nan
1160859592,1160859592,commercial,nan
1160859593,1160859593,residential,nan
1160859594,1160859594,commercial,nan
1160859595,1160859595,commercial,nan
1160859596,1160859596,residential,nan
1160859597,1160859597,residential,nan
1160859598,1160859598,residential,nan
1160859599,1160859599,residential,nan
1160859600,1160859600,commercial,nan
1160859601,1160859601,residential,nan
1160859602,1160859602,residential,nan
1160859603,1160859603,residential,nan
1160859604,1160859604,residential,nan
1160859605,1160859605,residential,nan
1160859606,1160859606,residential,nan
1160859608,1160859608,residential,nan
1160859609,1160859609,commercial,nan
1160859610,1160859610,commercial,nan
1160859611,1160859611,commercial,nan
1160859612,1160859612,commercial,nan
1160859613,1160859613,commercial,nan
1160859614,1160859614,residential,nan
1160859615,1160859615,residential,nan
1160859616,1160859616,residential,nan
1160859617,1160859617,commercial,nan
1160889006,1160889006,residential,nan
1160889007,1160889007,residential,nan
1160889008,1160889008,residential,nan
1160889009,1160889009,residential,nan
1160889010,1160889010,commercial,nan
1161154611,1161154611,residential,Samhita Maruthi Homes
1161158108,1161158108,residential,nan
1161591311,1161591311,residential,nan
1161591324,1161591324,residential,nan
1161591330,1161591330,residential,nan
1161591335,1161591335,residential,nan
1161591336,1161591336,residential,Century Celeste
1161785405,1161785405,residential,Aparna Maple
1161785411,1161785411,residential,nan
1163064899,1163064899,commercial,nan
1163334245,1163334245,residential,nan
1163334247,1163334247,commercial,nan
1164635162,1164635162,residential,nan
1167161250,1167161250,residential,Rajeshwari Slum
1167161251,1167161251,residential,Prestige Brooklyn Heights
1167252102,1167252102,commercial,Office of the Assistant Executive Engineer
1167472784,1167472784,commercial,Central Ground Water Board
1167872059,1167872059,commercial,nan
1167875654,1167875654,residential,Assetz 27 Park Avenue
1167896024,1167896024,residential,nan
1169249755,1169249755,commercial,nan
1169301035,1169301035,commercial,nan
1169541297,1169541297,residential,Sobha Moonstone
1171722752,1171722752,residential,Chartered Gruha Apartments
1171722753,1171722753,residential,Embassy Oasis
1171722754,1171722754,residential,Sakura
1171722755,1171722755,commercial,nan
1171722757,1171722757,residential,Sundale Apartments
1171722758,1171722758,residential,Grasmere Apartments
1171722759,1171722759,residential,SS Legend's Choice
1171722761,1171722761,residential,Bearys Acacia Lakeview
1171722762,1171722762,residential,Raheja Arbor
1171722763,1171722763,residential,Vaishnavi Premiere
1171722764,1171722764,residential,nan
1171722765,1171722765,commercial,nan
1172643873,1172643873,residential,Sobha Clovelly
1174316133,1174316133,residential,Chaithanya Sharan
1174316964,1174316964,residential,Klassik Landmark
1175717287,1175717287,residential,nan
1175717288,1175717288,residential,nan
1175717292,1175717292,commercial,nan
1175717293,1175717293,residential,nan
1175717295,1175717295,residential,nan
1175717296,1175717296,commercial,nan
1175717297,1175717297,residential,Cornwell Rustumji
1175723658,1175723658,residential,Prestige Woodland Park
1175723660,1175723660,residential,nan
1175723661,1175723661,residential,nan
1175723662,1175723662,residential,nan
1175723663,1175723663,residential,nan
1175723665,1175723665,residential,nan
1175723667,1175723667,residential,Fairmont Towers
1175723668,1175723668,residential,nan
1175723669,1175723669,commercial,nan
1175723670,1175723670,residential,nan
1175723671,1175723671,commercial,nan
1175723672,1175723672,commercial,nan
1175723673,1175723673,commercial,nan
1175723674,1175723674,commercial,nan
1175802562,1175802562,residential,Amber Meadows
1176547375,1176547375,residential,nan
1176579505,1176579505,residential,Haridass Vishranti
1176579506,1176579506,residential,nan
1176579507,1176579507,residential,BDA Apartments Thippasandra Bangalore
1176579514,1176579514,residential,nan
1176579515,1176579515,residential,nan
1176579518,1176579518,commercial,nan
1176579525,1176579525,residential,nan
1176579531,1176579531,commercial,nan
1176609094,1176609094,residential,Abhee Lake View
1176949712,1176949712,commercial,nan
1177319347,1177319347,residential,Heritage Signature
1177319349,1177319349,residential,nan
1178381002,1178381002,residential,nan
1178381007,1178381007,commercial,nan
1178381010,1178381010,residential,Pride Pegasus
1178402468,1178402468,residential,Maangalya Ashirwad
1178402484,1178402484,residential,nan
1181355913,1181355913,residential,nan
1181417659,1181417659,residential,Sri Balaji Serene
1181417660,1181417660,residential,Green's Square
1181417675,1181417675,commercial,nan
1181417677,1181417677,commercial,nan
1181417680,1181417680,residential,Inland Edilon
1181417681,1181417681,commercial,nan
1181417693,1181417693,residential,Jeevanandi Sanskar
1181437594,1181437594,commercial,nan
1182178609,1182178609,commercial,nan
1182315636,1182315636,residential,nan
1182315647,1182315647,commercial,Aditya Kalyana Mantapa
1182315649,1182315649,residential,Mars Mount
1182315657,1182315657,residential,Elegant Terraces
1182315662,1182315662,residential,Skyline Apartments
1182320281,1182320281,residential,Bosch Apartments
1182320284,1182320284,residential,Fazal Hermitage Apartments
1182320285,1182320285,residential,SPL Habitat
1182320286,1182320286,residential,Meenakshi Sarovar
1182392560,1182392560,residential,nan
1182392579,1182392579,commercial,Maruti Suzuki
1182510987,1182510987,residential,nan
1182510989,1182510989,residential,nan
1182672429,1182672429,residential,Baldota Signature
1182672430,1182672430,residential,nan
1182672436,1182672436,residential,nan
1182672443,1182672443,residential,Provident Neora
1182672450,1182672450,residential,nan
1182672455,1182672455,residential,nan
1182672456,1182672456,residential,nan
1182672471,1182672471,residential,nan
1182672475,1182672475,residential,nan
1182880568,1182880568,residential,GP Opal and Onyx
1182880569,1182880569,residential,Ajantha Vihar
1182880570,1182880570,residential,Scintilla Apartment
1182880582,1182880582,residential,Manito Northlite
1182880585,1182880585,residential,nan
1182880587,1182880587,residential,Duo Marvel Layout
1182880589,1182880589,residential,MN Orchid
1182880596,1182880596,residential,nan
1182880601,1182880601,residential,Ramanashree California Gardens
1182951684,1182951684,residential,Keya Life by the Lake
1182954955,1182954955,commercial,Chowdeswari Devi Kalyana Mantapa
1182962295,1182962295,commercial,nan
1182962319,1182962319,residential,ತ್ರಿವಿಕ್ರ
1182968255,1182968255,residential,Prestige Dorchester
1182968260,1182968260,residential,Legacy Dimora
1183470407,1183470407,residential,Nitesh Rio
1183962716,1183962716,residential,nan
1183962717,1183962717,commercial,The Pride Hotel
1183962718,1183962718,residential,Ahuja Palace
1184663999,1184663999,residential,Shabari
1184664000,1184664000,commercial,nan
1184668503,1184668503,residential,nan
1184668504,1184668504,residential,nan
1184668505,1184668505,residential,nan
1184668506,1184668506,residential,nan
1184668507,1184668507,residential,nan
1184668508,1184668508,residential,nan
1184668509,1184668509,residential,nan
1184668510,1184668510,residential,nan
1184668511,1184668511,residential,nan
1184668512,1184668512,residential,nan
1184668513,1184668513,residential,nan
1184674018,1184674018,residential,nan
1184674019,1184674019,residential,nan
1184849329,1184849329,commercial,nan
1186042559,1186042559,residential,Salarpuria Sattva Signet
1186042571,1186042571,residential,nan
1186042573,1186042573,residential,nan
1186042581,1186042581,residential,Ittina Supernika
1186050669,1186050669,residential,Alaya By Eseem18
1186361859,1186361859,residential,nan
1186431411,1186431411,commercial,nan
1186431412,1186431412,commercial,nan
1186431414,1186431414,commercial,Unity Building Annexe
1186431417,1186431417,commercial,nan
1186431420,1186431420,commercial,nan
1186431424,1186431424,commercial,nan
1186494039,1186494039,residential,Skyline Waterfront
1186494040,1186494040,residential,Flowing Tree
1186508781,1186508781,commercial,nan
1186508782,1186508782,residential,Vrindavan Gardens
1186508785,1186508785,residential,Purva Pavillion
1186508787,1186508787,residential,Maia Pelican Grove
1186887011,1186887011,commercial,Manpho Convention Centre
1186894327,1186894327,residential,nan
1187587057,1187587057,commercial,nan
1187587060,1187587060,commercial,SJR Radiance
1187884250,1187884250,commercial,Esha Farms and Lesiure
1187891465,1187891465,residential,Living Walls Hush Fields
1188244817,1188244817,residential,nan
1188244843,1188244843,residential,nan
1188244852,1188244852,residential,Sahyadri Luxury Homes
1188244855,1188244855,residential,Emporis
1188244857,1188244857,residential,Grandeur Park
1188254647,1188254647,residential,nan
1188310673,1188310673,residential,nan
1188310701,1188310701,residential,Krishna Diamond
1188323404,1188323404,residential,Pranava's BSR Gitaar
1188323405,1188323405,commercial,RDB Olympus
1188328504,1188328504,residential,nan
1188328511,1188328511,residential,nan
1188439493,1188439493,residential,Casagrand Royce
1188439495,1188439495,residential,Shriram Blue
1188439497,1188439497,residential,nan
1188439498,1188439498,residential,Fortius Workspace
1188439499,1188439499,residential,Sobha Lake Gardens
1188439501,1188439501,residential,United Sai Greenwoods
1188439503,1188439503,residential,nan
1188439504,1188439504,residential,Sapthagiri Sandalwood
1188468905,1188468905,residential,Casa Lavelle
1188968071,1188968071,residential,nan
1188968076,1188968076,residential,Mahaveer Seasons
1189286293,1189286293,residential,Assetz 38 & Banyan
1189299275,1189299275,residential,GR Heights
1189299282,1189299282,residential,Keya Springs
1189440576,1189440576,residential,nan
1189440581,1189440581,residential,Liberty Square
1190136205,1190136205,commercial,Infinix Palladium
1191576401,1191576401,commercial,HM Geneva
1193088447,1193088447,residential,nan
1193379669,1193379669,residential,Virani Lake Mist
1193386265,1193386265,residential,nan
1193386266,1193386266,residential,nan
1193386267,1193386267,residential,nan
1193386268,1193386268,residential,nan
1193386269,1193386269,residential,nan
1193386270,1193386270,residential,nan
1193386271,1193386271,residential,nan
1193386272,1193386272,residential,nan
1193386273,1193386273,residential,nan
1195571011,1195571011,residential,Brigade Rhapsody
1195571018,1195571018,residential,Atria Villa
1195571021,1195571021,residential,Sangeetha Apartments
1195571023,1195571023,commercial,nan
1195571030,1195571030,residential,Rio Apartment
1195571031,1195571031,residential,Leela Nivas
1195581185,1195581185,residential,Vista Auburn
1195581193,1195581193,commercial,BBMP
1195581195,1195581195,residential,Silver Palace
1195585404,1195585404,commercial,nan
1195586403,1195586403,residential,Elegant Eden
1195588457,1195588457,residential,Maria Nivas
1195588458,1195588458,residential,nan
1195978041,1195978041,residential,ANAA Infra's Signature
1196098109,1196098109,residential,nan
1196104388,1196104388,residential,nan
1196481556,1196481556,residential,nan
1196481557,1196481557,commercial,nan
1196503481,1196503481,commercial,Prestige RMZ Startech
1198204847,1198204847,commercial,First American India
1199317645,1199317645,commercial,Nature Cure Hospital Campus
1199400808,1199400808,residential,Sai Nanadana Grandeur
1199400809,1199400809,residential,Sai Nandana Gardenia
1199400812,1199400812,residential,Nandi Retreat
1199400816,1199400816,residential,Pariwar Pragathi Apartments
1199400817,1199400817,residential,GR Regent Park
1199400820,1199400820,residential,nan
1199400821,1199400821,residential,South Park
1199400832,1199400832,residential,nan
1199400833,1199400833,residential,SNN Serenity Gardens
1199400886,1199400886,residential,nan
1199400890,1199400890,residential,nan
1199400892,1199400892,residential,Nandi Citadel
1199400893,1199400893,residential,Valmark Cityville
1199401119,1199401119,residential,nan
1199410764,1199410764,residential,Eagle Ridge
1199410765,1199410765,residential,Puravankara The Sound of Water
1199525586,1199525586,residential,nan
1199532064,1199532064,commercial,Bangalore One
1199682036,1199682036,commercial,nan
1200450943,1200450943,residential,Goyal Orchid Whitefield
1202366789,1202366789,residential,nan
1202598187,1202598187,residential,Siroya Sunshine
1202598189,1202598189,residential,PWD Quarters
1202598201,1202598201,commercial,CMA Grand Convention & Wedding Hall
1202598205,1202598205,residential,nan
1202598223,1202598223,commercial,nan
1203069044,1203069044,residential,Jains Sankalp
1203069050,1203069050,residential,nan
1203069052,1203069052,residential,Skyline Golden Rays
1203069057,1203069057,commercial,nan
1203175504,1203175504,residential,nan
1203175506,1203175506,residential,nan
1203175509,1203175509,residential,Prestige Springfields
1203175516,1203175516,residential,nan
1203175531,1203175531,residential,nan
1203175537,1203175537,residential,nan
1203175538,1203175538,residential,nan
1203175540,1203175540,residential,nan
1203175541,1203175541,residential,nan
1203175542,1203175542,residential,nan
1203175543,1203175543,residential,nan
1203175544,1203175544,residential,nan
1203175545,1203175545,residential,nan
1203175546,1203175546,residential,nan
1203175547,1203175547,residential,nan
1203175548,1203175548,residential,nan
1203175549,1203175549,residential,nan
1203175550,1203175550,residential,nan
1203175551,1203175551,residential,nan
1203175552,1203175552,residential,nan
1203175553,1203175553,residential,nan
1203175554,1203175554,residential,nan
1203175555,1203175555,residential,nan
1203175556,1203175556,residential,nan
1203175557,1203175557,residential,nan
1203175558,1203175558,residential,nan
1203175559,1203175559,residential,nan
1203175560,1203175560,residential,nan
1203175561,1203175561,residential,nan
1203175562,1203175562,residential,nan
1203181016,1203181016,residential,Police Quarters
1203852525,1203852525,commercial,nan
1203852526,1203852526,commercial,nan
1203852527,1203852527,commercial,nan
1203852528,1203852528,residential,nan
1203852529,1203852529,commercial,nan
1203852531,1203852531,residential,nan
1204095729,1204095729,commercial,nan
1204095730,1204095730,residential,nan
1204095731,1204095731,residential,nan
1204143841,1204143841,residential,Myhna Meadows
1204249260,1204249260,residential,nan
1204249267,1204249267,residential,nan
1204249286,1204249286,residential,nan
1204351746,1204351746,residential,Hemanth Orange
1204695370,1204695370,commercial,nan
1204695372,1204695372,commercial,nan
1204716432,1204716432,residential,nan
1204716434,1204716434,residential,nan
1204716436,1204716436,residential,nan
1204716437,1204716437,residential,nan
1204716438,1204716438,residential,nan
1204716439,1204716439,residential,nan
1204716440,1204716440,residential,nan
1204716441,1204716441,residential,nan
1204716444,1204716444,commercial,nan
1204716447,1204716447,commercial,nan
1204716449,1204716449,commercial,nan
1204716451,1204716451,commercial,nan
1204716452,1204716452,commercial,nan
1204716455,1204716455,commercial,nan
1204716456,1204716456,residential,nan
1204716458,1204716458,commercial,nan
1205832098,1205832098,residential,nan
1205832099,1205832099,commercial,nan
1205832100,1205832100,residential,nan
1205832101,1205832101,commercial,nan
1205832104,1205832104,commercial,nan
1205832152,1205832152,residential,Bangalore Medical College Hostel & Staff Quarters
1205832176,1205832176,residential,Manidhari Enclave
1205846922,1205846922,commercial,nan
1206037819,1206037819,commercial,Shell
1206360025,1206360025,residential,nan
1206360041,1206360041,commercial,nan
1206360048,1206360048,residential,nan
1206366009,1206366009,residential,Concord Luxepolis
1206377071,1206377071,residential,nan
1206377082,1206377082,residential,nan
1206377088,1206377088,residential,nan
1206377097,1206377097,residential,nan
1206390314,1206390314,commercial,nan
1206567699,1206567699,commercial,nan
1206567704,1206567704,commercial,nan
1206567706,1206567706,residential,nan
1206567716,1206567716,commercial,nan
1206567745,1206567745,residential,nan
1206608534,1206608534,residential,nan
1206608535,1206608535,residential,Brindavan Mansion
1206697250,1206697250,residential,nan
1206697251,1206697251,residential,nan
1206697252,1206697252,residential,nan
1206697257,1206697257,residential,nan
1206697258,1206697258,residential,nan
1206697264,1206697264,commercial,nan
1206776861,1206776861,residential,nan
1206776862,1206776862,residential,nan
1206776863,1206776863,residential,nan
1206776945,1206776945,residential,nan
1206776946,1206776946,residential,nan
1206776947,1206776947,residential,nan
1206776948,1206776948,residential,nan
1206776950,1206776950,residential,nan
1206776951,1206776951,residential,nan
1206776952,1206776952,residential,nan
1206776953,1206776953,residential,nan
1206776954,1206776954,residential,"VIMSA, Visvesvaraya Museum Quaters"
1206776955,1206776955,residential,nan
1206776956,1206776956,residential,nan
1206776957,1206776957,residential,nan
1206776959,1206776959,residential,nan
1206776961,1206776961,residential,nan
1206776962,1206776962,residential,nan
1206776963,1206776963,residential,nan
1206776964,1206776964,residential,nan
1206776965,1206776965,residential,nan
1206776966,1206776966,residential,nan
1206776967,1206776967,residential,nan
1206776968,1206776968,residential,nan
1206776969,1206776969,residential,nan
1206776970,1206776970,residential,nan
1206776971,1206776971,residential,nan
1206776972,1206776972,residential,nan
1206776974,1206776974,residential,nan
1206776975,1206776975,residential,nan
1206776976,1206776976,residential,nan
1206776977,1206776977,residential,nan
1206776978,1206776978,residential,nan
1206776979,1206776979,residential,nan
1206776980,1206776980,residential,nan
1206776981,1206776981,residential,nan
1206776982,1206776982,residential,nan
1206776983,1206776983,residential,nan
1206776984,1206776984,residential,nan
1206776985,1206776985,residential,nan
1206776986,1206776986,residential,nan
1206776987,1206776987,residential,nan
1206776994,1206776994,residential,nan
1207060128,1207060128,residential,Brahmagiri BDA Flats
1207332548,1207332548,residential,BDA Apartment Nagarbhavi
1207655303,1207655303,residential,Saroj Harmony
1207728402,1207728402,commercial,nan
1207728403,1207728403,commercial,nan
1207728404,1207728404,residential,nan
1207728405,1207728405,commercial,nan
1207728453,1207728453,residential,nan
1208008036,1208008036,residential,nan
1208025538,1208025538,residential,nan
1208025539,1208025539,residential,nan
1208025540,1208025540,residential,nan
1208025541,1208025541,residential,nan
1208041519,1208041519,commercial,nan
1208041520,1208041520,residential,nan
1208112294,1208112294,residential,Sri Tirumala Splendor
1208112295,1208112295,residential,Ansal Forte
1208265160,1208265160,residential,nan
1208265161,1208265161,residential,nan
1208265162,1208265162,residential,nan
1208265163,1208265163,residential,nan
1208266295,1208266295,residential,nan
1208278364,1208278364,residential,nan
1208278368,1208278368,residential,Maitree Apartments
1208278369,1208278369,residential,nan
1208278371,1208278371,residential,nan
1208278372,1208278372,residential,HVS Homes
1208323887,1208323887,commercial,nan
1208323888,1208323888,residential,nan
1208323889,1208323889,commercial,nan
1208471245,1208471245,commercial,nan
1208479621,1208479621,commercial,nan
1209132325,1209132325,commercial,nan
1209132339,1209132339,residential,Canopy Crest
1209132340,1209132340,commercial,Manipal Hospital North
1209278255,1209278255,commercial,PlayTM Sports Arena
1209278263,1209278263,residential,nan
1209782236,1209782236,commercial,nan
1209782239,1209782239,residential,nan
1209782240,1209782240,residential,nan
1209782241,1209782241,residential,nan
1209782242,1209782242,residential,nan
1209782243,1209782243,residential,nan
1209782252,1209782252,residential,nan
1209782253,1209782253,residential,nan
1209782254,1209782254,residential,nan
1209782255,1209782255,residential,nan
1209782256,1209782256,residential,nan
1209782257,1209782257,residential,nan
1209782260,1209782260,residential,nan
1209782261,1209782261,residential,nan
1209782262,1209782262,residential,nan
1209782263,1209782263,residential,nan
1209782264,1209782264,commercial,nan
1209782265,1209782265,commercial,nan
1209782266,1209782266,commercial,nan
1209782267,1209782267,commercial,nan
1209782268,1209782268,commercial,nan
1209782269,1209782269,residential,nan
1209782270,1209782270,residential,nan
1209782271,1209782271,residential,nan
1209782272,1209782272,residential,nan
1209782275,1209782275,residential,nan
1209782276,1209782276,residential,nan
1209782277,1209782277,residential,nan
1209782278,1209782278,residential,nan
1209782279,1209782279,residential,nan
1209782280,1209782280,commercial,nan
1209782281,1209782281,commercial,nan
1210108204,1210108204,commercial,nan
1210108205,1210108205,commercial,nan
1210108207,1210108207,residential,nan
1210108208,1210108208,residential,nan
1210108209,1210108209,residential,nan
1210108210,1210108210,residential,nan
1210108212,1210108212,residential,nan
1210108213,1210108213,residential,nan
1210108214,1210108214,residential,nan
1210108215,1210108215,residential,nan
1210108216,1210108216,residential,nan
1210108217,1210108217,residential,nan
1210108218,1210108218,residential,nan
1210108219,1210108219,residential,nan
1210108220,1210108220,residential,nan
1210108221,1210108221,residential,nan
1210108222,1210108222,residential,nan
1210108223,1210108223,residential,nan
1210108224,1210108224,commercial,nan
1210108225,1210108225,commercial,nan
1210108226,1210108226,residential,nan
1210108227,1210108227,residential,nan
1210108228,1210108228,residential,nan
1210108229,1210108229,residential,nan
1210108230,1210108230,residential,nan
1210108231,1210108231,residential,nan
1210108232,1210108232,residential,nan
1210108233,1210108233,residential,nan
1210108234,1210108234,residential,nan
1210108235,1210108235,residential,nan
1210108236,1210108236,residential,nan
1210108237,1210108237,residential,nan
1210108239,1210108239,residential,nan
1210108240,1210108240,residential,nan
1210108241,1210108241,residential,nan
1210108242,1210108242,residential,nan
1210108243,1210108243,residential,nan
1210108244,1210108244,residential,nan
1210108245,1210108245,residential,nan
1210286685,1210286685,residential,nan
1210469121,1210469121,commercial,nan
1210469136,1210469136,residential,nan
1210469138,1210469138,residential,nan
1210469148,1210469148,residential,nan
1210469149,1210469149,residential,nan
1210469150,1210469150,residential,nan
1210469163,1210469163,residential,nan
1210533430,1210533430,residential,nan
1210543119,1210543119,commercial,Salarpuria Sattva Auro
1210572422,1210572422,residential,nan
1210592630,1210592630,residential,nan
1210592631,1210592631,residential,nan
1210690117,1210690117,residential,nan
1210690118,1210690118,residential,nan
1210690119,1210690119,residential,nan
1210690130,1210690130,residential,nan
1210695056,1210695056,commercial,nan
1210714630,1210714630,residential,nan
1210714631,1210714631,residential,nan
1210714644,1210714644,residential,nan
1210714645,1210714645,residential,nan
1210714646,1210714646,residential,nan
1210714647,1210714647,residential,nan
1210914486,1210914486,residential,nan
1211318977,1211318977,commercial,Radisson Blu Bengaluru Outer Ring Road
1211318979,1211318979,commercial,nan
1211318980,1211318980,residential,nan
1211325479,1211325479,commercial,Novel MSR Park
1211618602,1211618602,commercial,nan
1211618605,1211618605,residential,nan
1211618606,1211618606,commercial,nan
1212031522,1212031522,residential,nan
1212109880,1212109880,residential,Purva Midtown
1212109885,1212109885,residential,nan
1212110275,1212110275,residential,Marathahalli Slum Board Quarters
1212233283,1212233283,commercial,nan
1212233284,1212233284,commercial,nan
1212235826,1212235826,residential,nan
1212237735,1212237735,commercial,Bank of India
1212365337,1212365337,residential,nan
1212365352,1212365352,residential,nan
1212365383,1212365383,residential,nan
1212370420,1212370420,commercial,Shilpitha Tech Park
1212423566,1212423566,commercial,nan
1212554493,1212554493,commercial,nan
1212554502,1212554502,residential,DSR Emerald
1213218539,1213218539,commercial,The Valley
1213970891,1213970891,residential,nan
1214246790,1214246790,commercial,nan
1214864453,1214864453,commercial,Ezone Lagoon Resort
1215278318,1215278318,residential,nan
1215278319,1215278319,residential,nan
1215278324,1215278324,residential,nan
1215337276,1215337276,residential,nan
1215340990,1215340990,residential,Bornmann Enclave
1215364873,1215364873,commercial,nan
1215838593,1215838593,residential,nan
1216164358,1216164358,residential,Mantri Woodlands
1216840024,1216840024,residential,nan
1216840025,1216840025,commercial,nan
1216840047,1216840047,residential,nan
1217139664,1217139664,commercial,nan
1217139667,1217139667,commercial,SKAV Silver Cloud
1217139668,1217139668,commercial,Prestige Capital Square
1217247606,1217247606,residential,nan
1217247607,1217247607,residential,nan
1217247617,1217247617,commercial,BDA Complex Nagarabhavi
1217247618,1217247618,commercial,Terige Bhavana
1217247621,1217247621,commercial,Karnataka Renewable Energy Development Limited
1217247629,1217247629,commercial,Nagarbhavi Club
1217247630,1217247630,residential,Police Quarters
1217326871,1217326871,residential,Prestige South Ridge
1217326875,1217326875,commercial,Department of State Educational Research and Training
1217350532,1217350532,residential,ACS Meghana and Shalini Apartments
1217350533,1217350533,residential,Adarsh Premia
1217350535,1217350535,residential,Ashwini Apartments
1217350536,1217350536,commercial,nan
1217350548,1217350548,commercial,nan
1217350552,1217350552,residential,Nandi Enclave
1217350553,1217350553,commercial,nan
1217350554,1217350554,residential,Terrace Garden
1217350556,1217350556,residential,Shriram Shankari
1217350558,1217350558,residential,Sterling Terraces
1217372144,1217372144,commercial,nan
1217372149,1217372149,commercial,Bengaluru Urban Zilla Panchayat
1217375983,1217375983,residential,nan
1217375987,1217375987,commercial,nan
1217375988,1217375988,commercial,nan
1217375989,1217375989,commercial,nan
1217376000,1217376000,commercial,nan
1217377642,1217377642,residential,nan
1217380996,1217380996,commercial,nan
1217383746,1217383746,residential,nan
1217383748,1217383748,commercial,SRLDC
1217383749,1217383749,residential,Kalpataru Apartments
1217383750,1217383750,commercial,Indhana Bhawan
1217466582,1217466582,residential,nan
1217466587,1217466587,residential,nan
1217525756,1217525756,commercial,nan
1217525757,1217525757,commercial,nan
1217525758,1217525758,commercial,nan
1217525759,1217525759,commercial,nan
1217525760,1217525760,commercial,nan
1217525761,1217525761,commercial,nan
1217527426,1217527426,residential,Alpine Place
1217527457,1217527457,commercial,nan
1217527458,1217527458,commercial,nan
1217527459,1217527459,commercial,nan
1217530857,1217530857,residential,nan
1217537940,1217537940,residential,nan
1217537941,1217537941,commercial,nan
1217537945,1217537945,residential,nan
1217537946,1217537946,commercial,nan
1217537947,1217537947,residential,nan
1217537948,1217537948,commercial,nan
1217537949,1217537949,residential,nan
1217537950,1217537950,commercial,nan
1217537951,1217537951,residential,nan
1217537952,1217537952,commercial,nan
1217537953,1217537953,commercial,nan
1217537954,1217537954,commercial,nan
1217537955,1217537955,residential,nan
1217537956,1217537956,commercial,nan
1217537957,1217537957,residential,nan
1217537958,1217537958,commercial,nan
1217537959,1217537959,residential,nan
1217537960,1217537960,residential,nan
1217537961,1217537961,residential,nan
1217537962,1217537962,residential,nan
1217537971,1217537971,commercial,nan
1217537972,1217537972,commercial,nan
1217537973,1217537973,commercial,nan
1217537974,1217537974,commercial,nan
1217537975,1217537975,commercial,nan
1217537976,1217537976,commercial,nan
1217537977,1217537977,commercial,nan
1217537978,1217537978,commercial,nan
1217537979,1217537979,commercial,nan
1217537980,1217537980,commercial,nan
1217537990,1217537990,commercial,nan
1217537991,1217537991,commercial,nan
1217671222,1217671222,residential,nan
1217671223,1217671223,residential,nan
1217671225,1217671225,residential,nan
1217671299,1217671299,residential,nan
1217671300,1217671300,residential,Petra Paradise
1217671316,1217671316,commercial,nan
1217671317,1217671317,commercial,nan
1217671318,1217671318,commercial,nan
1217671319,1217671319,commercial,nan
1217671320,1217671320,commercial,nan
1217671321,1217671321,commercial,nan
1217671322,1217671322,commercial,nan
1217671333,1217671333,residential,Police Quarters
1217671336,1217671336,residential,Eastern Courts
1218030766,1218030766,residential,Grape Garden
1218443317,1218443317,residential,nan
1218443318,1218443318,residential,White Rose Layout
1218759007,1218759007,residential,SNN Raj Lake View
1218759008,1218759008,residential,Ranka Apartment
1218763827,1218763827,residential,Vivekananda Housing Complex
1218763835,1218763835,residential,nan
1218763836,1218763836,residential,nan
1219843729,1219843729,residential,nan
1219843736,1219843736,residential,nan
1219843745,1219843745,residential,nan
1219843755,1219843755,residential,nan
1219998559,1219998559,commercial,nan
1219998571,1219998571,residential,nan
1219998582,1219998582,residential,nan
1219998590,1219998590,residential,nan
1219998591,1219998591,residential,nan
1219998592,1219998592,residential,nan
1219998604,1219998604,residential,nan
1219998615,1219998615,residential,nan
1219998616,1219998616,residential,nan
1219998617,1219998617,commercial,nan
1219998619,1219998619,residential,nan
1219998650,1219998650,residential,nan
1219998674,1219998674,commercial,nan
1220006220,1220006220,commercial,nan
1220006221,1220006221,commercial,nan
1220006223,1220006223,commercial,BESCOM
1220006228,1220006228,commercial,nan
1220006229,1220006229,residential,Salarpuria Aristocracy
1220006236,1220006236,residential,NCC Nagarjuna Enclave
1220009708,1220009708,residential,nan
1220009709,1220009709,residential,nan
1220009710,1220009710,residential,nan
1220009711,1220009711,residential,Jeevan Surabhi LIC Flats
1220009712,1220009712,residential,Jeevan Saathi LIC Flats
1220009713,1220009713,residential,nan
1220009714,1220009714,residential,nan
1220009716,1220009716,residential,nan
1220009717,1220009717,residential,nan
1220009718,1220009718,residential,nan
1220009719,1220009719,residential,nan
1220009720,1220009720,residential,nan
1220009723,1220009723,residential,nan
1220009725,1220009725,residential,nan
1220009726,1220009726,residential,nan
1220009727,1220009727,residential,nan
1220009734,1220009734,residential,Sarangadhara Vasathi Sankirana
1220056670,1220056670,residential,nan
1220067084,1220067084,residential,nan
1220067085,1220067085,residential,Saroj BlueBells
1220073968,1220073968,residential,nan
1220073969,1220073969,residential,nan
1220073970,1220073970,residential,nan
1220176895,1220176895,commercial,nan
1220176898,1220176898,commercial,nan
1220178682,1220178682,commercial,nan
1220178684,1220178684,commercial,nan
1220427739,1220427739,commercial,nan
1220572669,1220572669,commercial,nan
1220680255,1220680255,commercial,nan
1220680256,1220680256,residential,nan
1220680257,1220680257,commercial,nan
1220680258,1220680258,commercial,nan
1220680259,1220680259,commercial,nan
1220680260,1220680260,commercial,nan
1220680261,1220680261,commercial,nan
1220680262,1220680262,commercial,nan
1220680263,1220680263,commercial,nan
1220680264,1220680264,commercial,nan
1220680265,1220680265,residential,nan
1220680266,1220680266,commercial,nan
1220680267,1220680267,commercial,nan
1220680268,1220680268,commercial,nan
1220680269,1220680269,commercial,nan
1220680270,1220680270,commercial,nan
1220680271,1220680271,commercial,nan
1220680272,1220680272,residential,nan
1220680273,1220680273,commercial,nan
1221235217,1221235217,residential,nan
1222386355,1222386355,commercial,Embassy Business Hub - Philips
1222731701,1222731701,commercial,Shankalp Business Bay
1222731703,1222731703,residential,nan
1224538498,1224538498,residential,Silvercrest
1224538499,1224538499,residential,Regency Residency
1224538500,1224538500,residential,Tulsi
1224538510,1224538510,residential,Hibiscus
1224538511,1224538511,commercial,nan
1224538512,1224538512,residential,Sydney Court
1224538513,1224538513,residential,Embassy Casabella
1224538515,1224538515,residential,Nitesh Mayfair
1224940601,1224940601,commercial,nan
1224940672,1224940672,residential,Phoenix Gardens
1225127680,1225127680,residential,Ramana Jyothi Apartments
1225128053,1225128053,commercial,nan
1225128054,1225128054,commercial,nan
1225128055,1225128055,commercial,nan
1225128056,1225128056,commercial,nan
1225128057,1225128057,commercial,nan
1225128062,1225128062,commercial,nan
1225129148,1225129148,commercial,nan
1225130416,1225130416,commercial,nan
1225130417,1225130417,commercial,nan
1225130418,1225130418,commercial,nan
1225130419,1225130419,commercial,nan
1225130686,1225130686,residential,Ashok Heights
1225131007,1225131007,residential,Skyline City Tower Block
1225132211,1225132211,commercial,nan
1226234865,1226234865,residential,nan
1226234866,1226234866,residential,Divya Jyothi Earth
1226650429,1226650429,residential,nan
1226683653,1226683653,commercial,nan
1226713676,1226713676,residential,nan
1226713677,1226713677,residential,nan
1226713678,1226713678,commercial,nan
1228561267,1228561267,commercial,nan
1230094115,1230094115,residential,nan
1231129703,1231129703,commercial,nan
1231715897,1231715897,commercial,nan
1231722191,1231722191,residential,nan
1231722192,1231722192,residential,nan
1231722193,1231722193,residential,nan
1231722194,1231722194,commercial,nan
1231722195,1231722195,residential,nan
1231722196,1231722196,residential,nan
1231722197,1231722197,residential,nan
1231722198,1231722198,residential,nan
1231728164,1231728164,residential,nan
1231728165,1231728165,residential,nan
1231728166,1231728166,residential,nan
1231728167,1231728167,residential,nan
1231728168,1231728168,residential,nan
1231728169,1231728169,residential,nan
1231728170,1231728170,residential,nan
1231728171,1231728171,residential,nan
1231728172,1231728172,residential,nan
1231728173,1231728173,residential,nan
1231728174,1231728174,commercial,nan
1231728175,1231728175,residential,nan
1231728176,1231728176,residential,nan
1231728177,1231728177,residential,nan
1231728178,1231728178,commercial,nan
1231728179,1231728179,residential,nan
1231728180,1231728180,residential,nan
1231728181,1231728181,residential,nan
1231728182,1231728182,residential,nan
1231728183,1231728183,residential,nan
1231728184,1231728184,residential,nan
1231728185,1231728185,residential,nan
1231728186,1231728186,residential,nan
1231728187,1231728187,residential,nan
1231728188,1231728188,residential,nan
1231728190,1231728190,commercial,nan
1231728191,1231728191,commercial,nan
1231728192,1231728192,commercial,nan
1231728193,1231728193,residential,nan
1231728194,1231728194,residential,nan
1231728195,1231728195,residential,nan
1231728225,1231728225,residential,PM Enclave
1231728229,1231728229,commercial,nan
1231728230,1231728230,commercial,nan
1231728234,1231728234,commercial,nan
1231728235,1231728235,residential,nan
1231728236,1231728236,residential,nan
1231728237,1231728237,commercial,nan
1231728238,1231728238,residential,nan
1231728239,1231728239,residential,nan
1231728240,1231728240,commercial,nan
1231728241,1231728241,commercial,nan
1231728242,1231728242,commercial,nan
1231728243,1231728243,commercial,nan
1231728244,1231728244,commercial,nan
1231728245,1231728245,residential,nan
1231728246,1231728246,commercial,nan
1231728247,1231728247,residential,nan
1231728250,1231728250,commercial,nan
1231728251,1231728251,residential,nan
1231821062,1231821062,residential,nan
1231821063,1231821063,commercial,nan
1231821064,1231821064,commercial,nan
1231821065,1231821065,commercial,nan
1231821108,1231821108,commercial,nan
1231821117,1231821117,commercial,nan
1231821118,1231821118,residential,nan
1231821119,1231821119,residential,nan
1231821120,1231821120,commercial,nan
1231821121,1231821121,residential,nan
1231821122,1231821122,residential,nan
1231821123,1231821123,residential,nan
1231821124,1231821124,commercial,nan
1231821125,1231821125,residential,nan
1231821126,1231821126,commercial,nan
1231821127,1231821127,commercial,nan
1231821128,1231821128,commercial,nan
1231821129,1231821129,residential,nan
1231821130,1231821130,residential,nan
1231821131,1231821131,commercial,nan
1231821132,1231821132,residential,nan
1231821133,1231821133,residential,nan
1231821134,1231821134,residential,nan
1231821135,1231821135,residential,nan
1231821136,1231821136,commercial,nan
1231821137,1231821137,commercial,nan
1231838485,1231838485,residential,nan
1231838486,1231838486,residential,nan
1231839686,1231839686,commercial,nan
1232940781,1232940781,residential,nan
1232940782,1232940782,residential,nan
1232940783,1232940783,commercial,nan
1232959531,1232959531,residential,Krishna Dwellington
1232959532,1232959532,residential,Sankalp Square
1232959533,1232959533,residential,RMV Cluster Phase 2
1232959534,1232959534,residential,RMV Cluster Phase 1
1232959713,1232959713,residential,BEL White Square APartments
1232959800,1232959800,residential,Sumadhura Sushantham
1233259940,1233259940,residential,Arvind Bel Air
1233754489,1233754489,residential,nan
1233754495,1233754495,commercial,nan
1233754496,1233754496,commercial,nan
1233754516,1233754516,commercial,Office of the Assisstant Commisioner of the Police
1233754519,1233754519,commercial,nan
1233754543,1233754543,commercial,nan
1233754558,1233754558,commercial,nan
1233754559,1233754559,commercial,nan
1233754562,1233754562,commercial,nan
1233815366,1233815366,residential,EWS Quarters
1233815377,1233815377,residential,nan
1233817044,1233817044,residential,nan
1233817051,1233817051,commercial,nan
1233817052,1233817052,commercial,nan
1233817053,1233817053,commercial,nan
1233840300,1233840300,residential,Adithya Celstia
1233840301,1233840301,residential,Adithya Tranquil
1233840337,1233840337,commercial,BYD
1233840342,1233840342,commercial,Jaguar
1233840394,1233840394,commercial,Yelahanka Taluk Office
1234104560,1234104560,residential,nan
1234946460,1234946460,commercial,nan
1235995422,1235995422,commercial,nan
1236487456,1236487456,commercial,nan
1237030052,1237030052,commercial,nan
1237244330,1237244330,residential,nan
1237434581,1237434581,residential,Stag Aditya Apartments
1237460189,1237460189,residential,nan
1237551404,1237551404,residential,nan
1237552026,1237552026,residential,Bearys Anugraha
1238363945,1238363945,residential,nan
1238363946,1238363946,residential,nan
1238363947,1238363947,residential,nan
1238363948,1238363948,residential,nan
1238631232,1238631232,residential,nan
1238631233,1238631233,residential,nan
1238631237,1238631237,residential,KHB Staff Quarters
1238631240,1238631240,residential,nan
1238631241,1238631241,residential,nan
1238631242,1238631242,residential,DOS Colony
1238631249,1238631249,residential,nan
1238631253,1238631253,residential,nan
1238631264,1238631264,residential,nan
1238631265,1238631265,residential,nan
1238631266,1238631266,residential,nan
1238631271,1238631271,residential,nan
1238631272,1238631272,residential,nan
1238631273,1238631273,residential,nan
1238631282,1238631282,residential,nan
1238631283,1238631283,residential,nan
1238631284,1238631284,residential,nan
1238631285,1238631285,residential,nan
1238631287,1238631287,residential,nan
1238631298,1238631298,residential,nan
1238631299,1238631299,residential,nan
1238631300,1238631300,residential,nan
1238631301,1238631301,residential,nan
1238636317,1238636317,residential,Chartered Mady
1238636327,1238636327,residential,nan
1238636328,1238636328,commercial,nan
1238636331,1238636331,commercial,nan
1238650925,1238650925,commercial,nan
1238650926,1238650926,commercial,nan
1238661110,1238661110,residential,Adithi Emerald
1238661115,1238661115,residential,nan
1238661124,1238661124,residential,MVR Pride
1238661126,1238661126,residential,VDB Azure
1238663466,1238663466,residential,nan
1238663467,1238663467,residential,nan
1238663468,1238663468,residential,Anuraag Anmol
1238663483,1238663483,residential,Oakwood Residency
1238663487,1238663487,residential,Isha Casablanca
1238777242,1238777242,residential,Valmark Orchard Square
1238791756,1238791756,residential,Bluejay Sunshine Hills
1238794969,1238794969,commercial,nan
1238821111,1238821111,commercial,KSRTC Office
1238821112,1238821112,commercial,BMTC Office
1238871676,1238871676,commercial,nan
1239003793,1239003793,residential,nan
1239012955,1239012955,residential,Kumar Prince Town Royale
1239012958,1239012958,commercial,nan
1239067098,1239067098,residential,Sharadhi Villa
1239610842,1239610842,residential,Sukriti Apartments
1239610853,1239610853,residential,Rathod Vatika
1239610858,1239610858,residential,Navami Vruksha
1239610861,1239610861,commercial,nan
1239793083,1239793083,residential,nan
1239793084,1239793084,residential,Srinivasa sunridge
1239793085,1239793085,residential,Crj residencies
1239793100,1239793100,residential,nan
1239793101,1239793101,residential,nan
1239793104,1239793104,residential,Desai Radiant
1239793105,1239793105,commercial,nan
1239793107,1239793107,residential,Desai Grandeur
1240046871,1240046871,commercial,Salarpuria Galleria
1240184934,1240184934,residential,Kadugodi Police Quarters
1240365189,1240365189,commercial,nan
1240555817,1240555817,commercial,Prestige Minsk Square
1240662304,1240662304,residential,Sriven Splendour
1240696166,1240696166,residential,Prestige Leela Residences
1240800459,1240800459,residential,Orchid Piccadilly
1241006120,1241006120,residential,nan
1241006191,1241006191,residential,nan
1241006208,1241006208,residential,Jana Jeeva Castle Apartmens
1241104886,1241104886,residential,Jeevanadi Sampoorna
1241308593,1241308593,residential,nan
1241308594,1241308594,commercial,nan
1241308595,1241308595,residential,nan
1241308608,1241308608,commercial,nan
1241555397,1241555397,residential,nan
1241556751,1241556751,commercial,Kings Club
1241563221,1241563221,residential,Mangalam Ecstasy
1241563223,1241563223,residential,Ohana 857
1241563235,1241563235,residential,nan
1241563236,1241563236,residential,nan
1241563237,1241563237,residential,nan
1241563238,1241563238,residential,nan
1241851989,1241851989,commercial,nan
1241851990,1241851990,residential,nan
1242149135,1242149135,residential,Embassy Tranquil
1242182536,1242182536,commercial,nan
1242182537,1242182537,residential,nan
1242182538,1242182538,residential,St John's Staff Quarters
1242193144,1242193144,commercial,Maria Bhavan
1242193198,1242193198,commercial,Karnataka Milk Federation
1242193200,1242193200,commercial,Prestige Blue Chip
1242193201,1242193201,commercial,Bren Artimus
1242193207,1242193207,commercial,Bren Optimus
1242193223,1242193223,commercial,Prestige Technopolis
1242203416,1242203416,residential,Adarsh Vihar
1242203417,1242203417,residential,Spartacus Apartments
1242203418,1242203418,residential,Swagath Apartments
1242263771,1242263771,residential,Embassy Meadows
1242263772,1242263772,residential,Gem Regency
1242263773,1242263773,residential,Wild Grass Apartments
1242263775,1242263775,residential,Veracious Enrica Apartments
1242263776,1242263776,residential,DSR Elegance
1242285244,1242285244,residential,Adarsh Palm Retreat Daffodils
1242285245,1242285245,residential,Adarsh Palm Retreat Mayflower
1242285246,1242285246,residential,Adarsh Palm Retreat Hibiscus
1242285247,1242285247,residential,Adarsh Palm Retreat Jacaranda
1242285289,1242285289,residential,Lendee Sentosa
1242285290,1242285290,residential,Vars Parkwood
1242749612,1242749612,residential,nan
1242749613,1242749613,residential,Classic Orchards
1243254562,1243254562,commercial,Adarsh Gem
1243757037,1243757037,residential,nan
1243963545,1243963545,residential,nan
1244123389,1244123389,commercial,nan
1244526811,1244526811,residential,Brigade Petunia
1244526812,1244526812,residential,nan
1244608275,1244608275,residential,Premier Grihalakshmi Apartment
1244862262,1244862262,commercial,nan
1244862263,1244862263,commercial,nan
1244869699,1244869699,residential,nan
1244888698,1244888698,commercial,nan
1244888699,1244888699,residential,nan
1244888701,1244888701,residential,nan
1244888702,1244888702,residential,nan
1245304222,1245304222,residential,nan
1245778214,1245778214,commercial,Embassy Business Hub
1246082469,1246082469,residential,nan
1246289840,1246289840,residential,nan
1247976117,1247976117,residential,nan
1248732896,1248732896,commercial,nan
1248732897,1248732897,commercial,nan
1248791398,1248791398,commercial,nan
1248791399,1248791399,commercial,nan
1248855958,1248855958,commercial,Sargod Imperial
1248855959,1248855959,commercial,Sabari Complex
1249423705,1249423705,commercial,nan
1249423706,1249423706,commercial,nan
1249423707,1249423707,commercial,nan
1249423718,1249423718,commercial,nan
1249423719,1249423719,residential,nan
1249423720,1249423720,commercial,nan
1249423729,1249423729,commercial,nan
1249423742,1249423742,commercial,nan
1249423743,1249423743,commercial,nan
1249423745,1249423745,commercial,nan
1249423746,1249423746,commercial,nan
1249423749,1249423749,commercial,nan
1249423750,1249423750,commercial,nan
1249423751,1249423751,commercial,nan
1249423752,1249423752,commercial,nan
1249423753,1249423753,commercial,nan
1249829830,1249829830,residential,nan
1249829831,1249829831,residential,nan
1249829832,1249829832,residential,nan
1249829833,1249829833,residential,nan
1249829834,1249829834,residential,nan
1249831894,1249831894,residential,nan
1249831895,1249831895,residential,nan
1249831896,1249831896,residential,nan
1249831897,1249831897,residential,nan
1249831902,1249831902,residential,nan
1249855581,1249855581,residential,nan
1249857702,1249857702,residential,nan
1249857703,1249857703,residential,nan
1250180681,1250180681,residential,nan
1250225420,1250225420,residential,nan
1250225421,1250225421,residential,nan
1250225422,1250225422,residential,nan
1250225423,1250225423,residential,nan
1250225424,1250225424,residential,nan
1250225425,1250225425,residential,nan
1250225426,1250225426,residential,nan
1250225427,1250225427,residential,nan
1250225428,1250225428,residential,nan
1250225429,1250225429,residential,nan
1250225435,1250225435,residential,nan
1250240753,1250240753,residential,nan
1250240874,1250240874,residential,nan
1250240875,1250240875,residential,nan
1250240876,1250240876,commercial,HBR Layout BDA Complex
1250258606,1250258606,residential,nan
1250258607,1250258607,residential,nan
1250258608,1250258608,residential,nan
1250258609,1250258609,residential,nan
1250258610,1250258610,residential,nan
1250258611,1250258611,residential,nan
1250709494,1250709494,residential,nan
1250709516,1250709516,residential,nan
1250709517,1250709517,residential,nan
1250709518,1250709518,residential,nan
1250709519,1250709519,residential,nan
1250709520,1250709520,residential,nan
1250709521,1250709521,residential,nan
1250709522,1250709522,residential,nan
1250709523,1250709523,residential,nan
1250709524,1250709524,residential,nan
1250709525,1250709525,residential,nan
1250709526,1250709526,residential,nan
1250709527,1250709527,residential,nan
1250709528,1250709528,residential,nan
1250709529,1250709529,residential,nan
1250709530,1250709530,residential,nan
1250709531,1250709531,residential,nan
1250709532,1250709532,residential,nan
1250709533,1250709533,residential,nan
1250709534,1250709534,residential,nan
1250709535,1250709535,residential,nan
1250709536,1250709536,residential,nan
1250709537,1250709537,residential,nan
1250709538,1250709538,residential,nan
1250711423,1250711423,residential,nan
1250711427,1250711427,residential,Vaishnavi Rathnam
1251502402,1251502402,residential,nan
1251502404,1251502404,residential,nan
1251508619,1251508619,residential,nan
1251508635,1251508635,residential,Sai Serenity Layout
1251508638,1251508638,residential,Confident Oberon Whitefield
1251508641,1251508641,residential,Sahasra Serenity
1252220810,1252220810,residential,Malnad Towers
1252220811,1252220811,residential,nan
1252257167,1252257167,residential,nan
1252296339,1252296339,residential,nan
1252323335,1252323335,residential,LG Lakedew
1252351195,1252351195,commercial,GGR Towers
1252351203,1252351203,commercial,nan
1252731209,1252731209,residential,nan
1252754262,1252754262,residential,Kingston Residency
1253120651,1253120651,residential,Concorde Spring Meadows
1253120660,1253120660,commercial,nan
1253120678,1253120678,residential,Janapriya Nivas Apartments
1253158175,1253158175,residential,nan
1253158176,1253158176,residential,nan
1253158201,1253158201,residential,nan
1253188912,1253188912,residential,Century infinite
1253483577,1253483577,residential,nan
1253610316,1253610316,commercial,Brigade Software Park
1253610317,1253610317,residential,nan
1253610318,1253610318,residential,Pramuk Temple Meadows
1253613096,1253613096,residential,nan
1253613097,1253613097,residential,nan
1253613098,1253613098,residential,nan
1253613099,1253613099,residential,nan
1253613100,1253613100,residential,nan
1253613101,1253613101,residential,nan
1253613102,1253613102,residential,nan
1253613103,1253613103,residential,nan
1253838406,1253838406,commercial,nan
1253839863,1253839863,commercial,Sattva Aura
1253845408,1253845408,residential,nan
1253845456,1253845456,residential,nan
1253845457,1253845457,residential,nan
1253845458,1253845458,residential,nan
1253845459,1253845459,residential,nan
1253845460,1253845460,residential,nan
1253845461,1253845461,residential,nan
1253845462,1253845462,residential,nan
1253845507,1253845507,commercial,nan
1254513704,1254513704,residential,nan
1254513705,1254513705,residential,nan
1254513706,1254513706,residential,YMR Lichen
1254513710,1254513710,residential,nan
1255138208,1255138208,residential,HSR Trinity Apartments
1255153909,1255153909,residential,nan
1255226899,1255226899,residential,nan
1255226901,1255226901,residential,nan
1255226902,1255226902,commercial,nan
1255226908,1255226908,residential,nan
1255226909,1255226909,residential,nan
1255226910,1255226910,commercial,nan
1255226911,1255226911,commercial,nan
1255226914,1255226914,residential,nan
1255226915,1255226915,residential,nan
1255226916,1255226916,residential,nan
1255226917,1255226917,residential,nan
1255226918,1255226918,residential,nan
1255226919,1255226919,commercial,nan
1255226920,1255226920,residential,nan
1255226921,1255226921,commercial,nan
1255226923,1255226923,residential,nan
1255226924,1255226924,residential,nan
1255226925,1255226925,commercial,nan
1255226928,1255226928,commercial,Embassy Star
1255226929,1255226929,residential,nan
1255226931,1255226931,residential,nan
1255318798,1255318798,commercial,nan
1255908772,1255908772,residential,nan
1255908773,1255908773,residential,nan
1255908774,1255908774,residential,nan
1256004255,1256004255,commercial,nan
1256004258,1256004258,commercial,BMRDA
1256457818,1256457818,residential,nan
1256457819,1256457819,residential,BMTC Quarters
1256457830,1256457830,commercial,nan
1256457831,1256457831,commercial,nan
1257330707,1257330707,residential,MJR Platina
1257330710,1257330710,residential,Uma Sree Dream World
1257330715,1257330715,residential,nan
1257330721,1257330721,commercial,Novel Tech Park
1257330725,1257330725,commercial,Ozone Manay Technology Park
1257330728,1257330728,commercial,Chamundi Towers
1257456960,1257456960,commercial,nan
1257456966,1257456966,commercial,nan
1257457055,1257457055,residential,nan
1257457069,1257457069,residential,nan
1257687994,1257687994,residential,nan
1257688000,1257688000,residential,nan
1257688002,1257688002,residential,nan
1257688003,1257688003,commercial,nan
1257688004,1257688004,commercial,nan
1257688018,1257688018,residential,Vaswani Astoria Apartments
1257688664,1257688664,residential,nan
1257696624,1257696624,commercial,nan
1257696626,1257696626,residential,nan
1257696665,1257696665,commercial,nan
1258131859,1258131859,residential,nan
1258131860,1258131860,residential,nan
1258159465,1258159465,commercial,nan
1258159466,1258159466,residential,Chief Justice Residence
1258159469,1258159469,commercial,Cauvery Guest House
1258203209,1258203209,commercial,nan
1258203210,1258203210,commercial,nan
1258203211,1258203211,commercial,nan
1258205049,1258205049,residential,nan
1258205050,1258205050,residential,nan
1258205051,1258205051,residential,nan
1258205052,1258205052,residential,nan
1258205053,1258205053,residential,nan
1258205054,1258205054,residential,nan
1258205055,1258205055,residential,nan
1258205056,1258205056,residential,nan
1258205057,1258205057,residential,nan
1258205058,1258205058,residential,nan
1258205059,1258205059,commercial,nan
1258205060,1258205060,commercial,nan
1258205061,1258205061,residential,nan
1258205062,1258205062,residential,nan
1258205063,1258205063,residential,nan
1258216459,1258216459,residential,JNNURM
1259003529,1259003529,residential,nan
1259449678,1259449678,residential,nan
1259449679,1259449679,residential,nan
1259449680,1259449680,residential,nan
1259583812,1259583812,residential,nan
1259589961,1259589961,residential,nan
1259589962,1259589962,commercial,nan
1261422210,1261422210,residential,nan
1261422212,1261422212,residential,nan
1261422214,1261422214,residential,nan
1261422229,1261422229,residential,Suraksha Marvella
1261422231,1261422231,residential,Mahaveer Rhyolite
1261422232,1261422232,residential,Mahaveer Calyx
1261422240,1261422240,residential,Sona Vistaas
1261422242,1261422242,residential,TG Lake Vista
1261422274,1261422274,residential,DS Max Saanjh
1261422289,1261422289,residential,Splendid Lakedews
1261422291,1261422291,residential,Aratt Vivera
1261422295,1261422295,residential,Hasmita Nandana
1261422296,1261422296,residential,nan
1261422306,1261422306,residential,Windsor Troika
1261422310,1261422310,residential,Rainbow Oaks
1261422311,1261422311,residential,Aratt Felicita
1261422316,1261422316,residential,Sai Krupa
1261422317,1261422317,residential,SLV Spandana
1261422329,1261422329,residential,Suraksha Heritage Park
1261422332,1261422332,residential,Axis Antara
1261422333,1261422333,residential,Opal Akshaya
1261426103,1261426103,residential,nan
1261426104,1261426104,residential,Ramanashree Nagar
1261426105,1261426105,residential,nan
1261426109,1261426109,residential,Raja Aristos
1261426114,1261426114,residential,nan
1261903057,1261903057,residential,nan
1261916610,1261916610,residential,Sumadhura Essenza
1262069427,1262069427,commercial,Silkworm Seed Production Centre
1262069434,1262069434,residential,Central Tax & Customs Staff Quarters
1262069445,1262069445,residential,nan
1262069446,1262069446,residential,nan
1262069447,1262069447,residential,nan
1262069449,1262069449,residential,nan
1262069452,1262069452,residential,nan
1262069456,1262069456,residential,nan
1262069457,1262069457,residential,nan
1262069458,1262069458,residential,nan
1262069459,1262069459,residential,nan
1262069460,1262069460,residential,nan
1262069461,1262069461,residential,nan
1262069465,1262069465,residential,nan
1262069466,1262069466,residential,nan
1262069467,1262069467,residential,nan
1262071813,1262071813,residential,nan
1262071814,1262071814,residential,nan
1262071815,1262071815,residential,nan
1262071816,1262071816,residential,nan
1262071832,1262071832,residential,nan
1262071833,1262071833,residential,nan
1262071834,1262071834,residential,nan
1262071835,1262071835,residential,nan
1262098005,1262098005,residential,KHB Diamond Township
1262098020,1262098020,residential,Sanchike
1262098029,1262098029,residential,Sai Prithvi Elite
1262098030,1262098030,residential,nan
1262118670,1262118670,residential,nan
1262118671,1262118671,residential,nan
1262118673,1262118673,residential,nan
1262118675,1262118675,residential,Greencity Eutopia
1262126029,1262126029,residential,Taralabalu Enclave
1262134166,1262134166,residential,nan
1262134170,1262134170,residential,Parkway
1262134171,1262134171,residential,nan
1262134172,1262134172,residential,Rest House Apartments
1262134173,1262134173,residential,Charles Court
1262423101,1262423101,residential,26
1263173350,1263173350,residential,nan
1263173356,1263173356,residential,nan
1263173369,1263173369,residential,nan
1263387779,1263387779,residential,nan
1263465563,1263465563,residential,nan
1263537968,1263537968,residential,nan
1263537973,1263537973,residential,nan
1263537974,1263537974,residential,nan
1263537975,1263537975,residential,nan
1263537979,1263537979,residential,nan
1263542132,1263542132,residential,nan
1263542147,1263542147,residential,nan
1263542149,1263542149,residential,nan
1263542150,1263542150,residential,nan
1263542154,1263542154,residential,Purva Atria Platina
1263542155,1263542155,residential,nan
1263542156,1263542156,residential,nan
1263542158,1263542158,residential,nan
1263542159,1263542159,residential,Vaishnavi Splendour Apartments
1263805762,1263805762,residential,nan
1263805763,1263805763,residential,nan
1263805764,1263805764,residential,Balaji's Lakeside Marvel
1263805772,1263805772,residential,nan
1263805773,1263805773,residential,nan
1263805774,1263805774,residential,nan
1263805781,1263805781,residential,nan
1263805782,1263805782,residential,nan
1263805789,1263805789,residential,nan
1263805798,1263805798,residential,Happy Valley
1263805819,1263805819,residential,nan
1263805846,1263805846,residential,nan
1263805863,1263805863,residential,Skanda Lakefront
1263807451,1263807451,commercial,nan
1264198571,1264198571,residential,nan
1264198572,1264198572,residential,nan
1264198573,1264198573,residential,nan
1264198593,1264198593,residential,Olety Landmark Apartment
1264795219,1264795219,residential,nan
1264795220,1264795220,residential,nan
1264795222,1264795222,residential,nan
1264795223,1264795223,residential,nan
1264795350,1264795350,residential,nan
1264795351,1264795351,residential,nan
1264795451,1264795451,residential,nan
1264795452,1264795452,residential,nan
1264881365,1264881365,residential,nan
1264881366,1264881366,residential,nan
1264881496,1264881496,residential,nan
1264881529,1264881529,residential,nan
1264881546,1264881546,residential,nan
1264881569,1264881569,residential,nan
1264881592,1264881592,commercial,BARC Guest House
1264881594,1264881594,residential,nan
1264881595,1264881595,residential,nan
1265029151,1265029151,residential,nan
1265029152,1265029152,residential,nan
1265029190,1265029190,residential,nan
1265029209,1265029209,residential,nan
1265029210,1265029210,residential,nan
1265029211,1265029211,residential,nan
1265029277,1265029277,residential,nan
1265424330,1265424330,residential,Green Court Apartments
1265439014,1265439014,residential,Lake View Apartments
1265439015,1265439015,residential,Space Time Apartments
1265721092,1265721092,residential,nan
1265721119,1265721119,residential,Elegant Valley Apartments
1265721128,1265721128,residential,SGS Divine Aspire
1265721156,1265721156,residential,nan
1265721174,1265721174,commercial,BSNL Office
1265721179,1265721179,residential,Pyramid Temple Bells
1265721181,1265721181,commercial,Sri Akkamahadevi Kalyana Mantapa
1265721198,1265721198,residential,Chitrashree Royale
1265721203,1265721203,residential,Skandasri Paradise
1265721213,1265721213,residential,nan
1265724915,1265724915,residential,Vasundra Cybernesy
1265724929,1265724929,residential,nan
1265794477,1265794477,commercial,Hyptechie
1265794507,1265794507,commercial,nan
1265794538,1265794538,commercial,Shell
1265806922,1265806922,residential,nan
1265806923,1265806923,residential,nan
1265806924,1265806924,residential,nan
1265806933,1265806933,residential,nan
1265806934,1265806934,residential,nan
1265806935,1265806935,residential,nan
1265806937,1265806937,residential,nan
1265806942,1265806942,residential,nan
1265806944,1265806944,residential,nan
1265806945,1265806945,residential,nan
1265806946,1265806946,residential,nan
1265806947,1265806947,residential,nan
1265806950,1265806950,residential,nan
1265806951,1265806951,residential,Casa Ansal
1265806952,1265806952,commercial,nan
1265806953,1265806953,commercial,nan
1265806960,1265806960,commercial,nan
1265835915,1265835915,residential,nan
1265835916,1265835916,residential,nan
1266019176,1266019176,residential,nan
1266019182,1266019182,residential,nan
1266019235,1266019235,residential,nan
1266447154,1266447154,commercial,BBMP Office Jayanthinagar
1266460869,1266460869,residential,nan
1266460876,1266460876,residential,DS Max Skygrand
1266460883,1266460883,residential,nan
1266460884,1266460884,residential,nan
1266460885,1266460885,residential,nan
1266460907,1266460907,residential,Sekhar Olympus
1266460925,1266460925,residential,DS Max Solitaire
1266460961,1266460961,residential,MIT Square
1266461044,1266461044,residential,United Crossandra
1266678767,1266678767,commercial,nan
1266678768,1266678768,commercial,nan
1266678769,1266678769,commercial,nan
1266678770,1266678770,commercial,nan
1266678771,1266678771,commercial,nan
1266678772,1266678772,residential,nan
1266678773,1266678773,residential,nan
1266678774,1266678774,residential,nan
1266678775,1266678775,residential,nan
1266678776,1266678776,residential,nan
1266678777,1266678777,residential,nan
1266678778,1266678778,residential,nan
1266678779,1266678779,residential,nan
1266678780,1266678780,residential,nan
1266678781,1266678781,residential,nan
1266678782,1266678782,residential,nan
1266678783,1266678783,residential,nan
1266678784,1266678784,residential,nan
1266678785,1266678785,residential,nan
1266678786,1266678786,residential,nan
1266678787,1266678787,residential,nan
1266678788,1266678788,residential,nan
1266678789,1266678789,residential,nan
1266678790,1266678790,residential,nan
1266678791,1266678791,residential,nan
1266678792,1266678792,residential,nan
1266678793,1266678793,residential,nan
1266678794,1266678794,residential,nan
1266678795,1266678795,residential,nan
1266678796,1266678796,residential,nan
1266678801,1266678801,residential,nan
1266678802,1266678802,residential,nan
1266678803,1266678803,residential,nan
1266678804,1266678804,residential,nan
1266678805,1266678805,residential,nan
1266678806,1266678806,residential,nan
1266678807,1266678807,residential,nan
1266678808,1266678808,residential,nan
1266680725,1266680725,residential,nan
1266680726,1266680726,residential,nan
1266680727,1266680727,residential,nan
1266680728,1266680728,residential,nan
1266680729,1266680729,residential,nan
1266680730,1266680730,residential,nan
1266680731,1266680731,residential,nan
1266680733,1266680733,residential,nan
1266680734,1266680734,residential,nan
1266680735,1266680735,residential,nan
1266680736,1266680736,residential,nan
1266680737,1266680737,residential,nan
1266680767,1266680767,residential,nan
1266680768,1266680768,residential,nan
1266680769,1266680769,residential,nan
1266680770,1266680770,residential,nan
1266680771,1266680771,residential,nan
1266680772,1266680772,residential,nan
1266680773,1266680773,residential,nan
1266680774,1266680774,residential,nan
1266680775,1266680775,residential,nan
1266680776,1266680776,residential,nan
1266680777,1266680777,residential,nan
1266680778,1266680778,residential,nan
1266680779,1266680779,residential,nan
1267009008,1267009008,residential,nan
1267009009,1267009009,residential,nan
1267009010,1267009010,residential,nan
1267009011,1267009011,residential,nan
1267009012,1267009012,residential,nan
1267009013,1267009013,residential,nan
1267171078,1267171078,commercial,IndiQube Garden
1267171080,1267171080,residential,Traan Insignia
1267604526,1267604526,residential,nan
1267604537,1267604537,residential,nan
1267610353,1267610353,commercial,nan
1267610354,1267610354,commercial,nan
1267612433,1267612433,residential,Carbon Cornerstone
1267624384,1267624384,residential,Sattva Exotic
1267624481,1267624481,residential,nan
1267668049,1267668049,residential,nan
1267668050,1267668050,residential,nan
1267668051,1267668051,residential,nan
1267668052,1267668052,residential,nan
1267710935,1267710935,residential,Jayani Paradise
1267710967,1267710967,residential,Arvind Expansia
1267710977,1267710977,commercial,nan
1267710978,1267710978,commercial,nan
1267710996,1267710996,commercial,Trifecta Adatto
1267711034,1267711034,residential,PVR Lakeview
1267711035,1267711035,residential,Sai Krupa Harmony
1267711056,1267711056,residential,Durga Rainbow
1267711057,1267711057,residential,Dhaaruni Residences
1267715414,1267715414,commercial,nan
1267715415,1267715415,commercial,nan
1267721212,1267721212,residential,Saritha Splendor
1267731667,1267731667,residential,Nikoo Homes IV
1267740402,1267740402,residential,Fortune Valley
1267842327,1267842327,residential,BREN Trillium Apartments
1267842477,1267842477,residential,nan
1267842493,1267842493,residential,nan
1267846119,1267846119,residential,Dream Medows
1267847134,1267847134,commercial,Hyatt Centric Hebbal Bengaluru
1267893501,1267893501,commercial,nan
1267893502,1267893502,residential,Narang Apartments
1267893503,1267893503,residential,Nishanth Residency
1267895245,1267895245,residential,nan
1268058407,1268058407,residential,Adarsh Hill
1268184593,1268184593,residential,Swantanra Palya Slum
1268188238,1268188238,residential,nan
1268343143,1268343143,commercial,nan
1268354188,1268354188,commercial,nan
1268588457,1268588457,residential,nan
1268945182,1268945182,commercial,Bagmane Goldstone
1269264397,1269264397,residential,Mythreyi Namisha Apartment
1269264435,1269264435,residential,Wilson Vintage
1269267226,1269267226,residential,Srivatsav Prasiddi Apartments
1270405429,1270405429,residential,nan
1270407975,1270407975,commercial,BSNL Office
1270568426,1270568426,residential,Gaana Residency
1270568459,1270568459,commercial,City Central Library
1270568461,1270568461,commercial,nan
1270575635,1270575635,commercial,nan
1270575639,1270575639,commercial,nan
1270618148,1270618148,residential,Lake Shore Homes
1270618158,1270618158,residential,Bren Zahara
1270623554,1270623554,commercial,nan
1270623565,1270623565,residential,nan
1270623566,1270623566,residential,nan
1270623567,1270623567,residential,nan
1270788366,1270788366,commercial,nan
1270788413,1270788413,commercial,nan
1270788414,1270788414,commercial,nan
1270788415,1270788415,commercial,nan
1270788416,1270788416,commercial,nan
1270788417,1270788417,commercial,nan
1270788418,1270788418,residential,Mahaveer Tranquil
1270788424,1270788424,residential,Purva Tiara
1270788427,1270788427,residential,Majestic Fortune
1270797090,1270797090,residential,Skyline Amogha Apartments
1270797196,1270797196,commercial,nan
1270797443,1270797443,residential,nan
1270817491,1270817491,commercial,nan
1270817492,1270817492,residential,nan
1270817493,1270817493,residential,nan
1270817494,1270817494,commercial,nan
1270817495,1270817495,residential,nan
1270817496,1270817496,residential,nan
1270817497,1270817497,residential,nan
1270817498,1270817498,residential,nan
1270817501,1270817501,residential,nan
1270817502,1270817502,residential,nan
1270817503,1270817503,commercial,nan
1270817506,1270817506,residential,nan
1270817508,1270817508,residential,nan
1270817509,1270817509,residential,nan
1270817512,1270817512,commercial,nan
1270817514,1270817514,commercial,nan
1270817517,1270817517,residential,nan
1270817518,1270817518,residential,nan
1270817519,1270817519,residential,nan
1270817520,1270817520,residential,nan
1270817521,1270817521,residential,nan
1270817522,1270817522,residential,nan
1270817523,1270817523,commercial,nan
1270858175,1270858175,residential,nan
1270858176,1270858176,residential,nan
1270858177,1270858177,residential,nan
1270858244,1270858244,commercial,nan
1270858262,1270858262,commercial,nan
1270858263,1270858263,commercial,nan
1270858264,1270858264,commercial,nan
1270858265,1270858265,residential,nan
1270858266,1270858266,residential,nan
1270865324,1270865324,residential,nan
1270865330,1270865330,residential,nan
1270865332,1270865332,residential,nan
1270865344,1270865344,residential,nan
1270865355,1270865355,residential,nan
1270865363,1270865363,residential,nan
1270865364,1270865364,residential,nan
1270865365,1270865365,residential,nan
1270865366,1270865366,residential,nan
1270865392,1270865392,residential,nan
1270865418,1270865418,residential,nan
1270865435,1270865435,residential,nan
1270883224,1270883224,residential,nan
1270883225,1270883225,residential,nan
1270883226,1270883226,residential,nan
1270883230,1270883230,residential,nan
1270883295,1270883295,residential,nan
1270883296,1270883296,residential,nan
1270883336,1270883336,residential,nan
1270883377,1270883377,residential,nan
1270883416,1270883416,residential,nan
1270883448,1270883448,residential,nan
1270909999,1270909999,residential,Vaastu Dew Flower
1271066991,1271066991,residential,nan
1271066992,1271066992,residential,nan
1271066993,1271066993,residential,nan
1271067799,1271067799,residential,Waterville
1271076838,1271076838,residential,SNN RAJ Spiritua
1271076840,1271076840,residential,Sri Vari Ganga Homes
1271076842,1271076842,residential,nan
1271076843,1271076843,residential,nan
1271076880,1271076880,residential,nan
1271084806,1271084806,residential,nan
1271084827,1271084827,residential,nan
1271084863,1271084863,residential,nan
1271094010,1271094010,residential,nan
1271094022,1271094022,residential,nan
1271094023,1271094023,residential,nan
1271094024,1271094024,residential,nan
1271094025,1271094025,residential,nan
1271140228,1271140228,residential,nan
1271140229,1271140229,commercial,nan
1271140230,1271140230,residential,nan
1271140231,1271140231,residential,nan
1271140232,1271140232,commercial,nan
1271140233,1271140233,commercial,nan
1271140234,1271140234,residential,nan
1271140235,1271140235,commercial,nan
1271140236,1271140236,residential,nan
1271140237,1271140237,residential,nan
1271140238,1271140238,residential,nan
1271140239,1271140239,commercial,nan
1271202665,1271202665,residential,nan
1271202666,1271202666,commercial,nan
1271202667,1271202667,residential,nan
1271202668,1271202668,residential,nan
1271202669,1271202669,residential,nan
1271206084,1271206084,residential,nan
1271206085,1271206085,residential,nan
1271206086,1271206086,residential,nan
1271213545,1271213545,residential,nan
1271213546,1271213546,commercial,nan
1271213562,1271213562,commercial,nan
1271213563,1271213563,residential,nan
1271213564,1271213564,residential,nan
1271213568,1271213568,residential,nan
1271213569,1271213569,residential,nan
1271213570,1271213570,commercial,nan
1271213571,1271213571,commercial,nan
1271213572,1271213572,residential,nan
1271213573,1271213573,residential,nan
1271213602,1271213602,residential,nan
1271213630,1271213630,residential,nan
1271213662,1271213662,residential,nan
1271213663,1271213663,residential,nan
1271218964,1271218964,residential,nan
1271218965,1271218965,residential,nan
1271455767,1271455767,residential,nan
1271455770,1271455770,residential,nan
1271455771,1271455771,residential,nan
1271455776,1271455776,residential,nan
1271455777,1271455777,residential,nan
1271643787,1271643787,residential,nan
1271883868,1271883868,commercial,nan
1271883878,1271883878,residential,nan
1271883887,1271883887,residential,SNN Raj Grandeur
1271883890,1271883890,residential,nan
1271883902,1271883902,residential,nan
1271883940,1271883940,residential,nan
1271968946,1271968946,residential,nan
1271968947,1271968947,residential,nan
1271968948,1271968948,residential,nan
1271975159,1271975159,residential,nan
1271975160,1271975160,residential,nan
1271975161,1271975161,residential,nan
1271975162,1271975162,residential,nan
1271975163,1271975163,residential,nan
1271975164,1271975164,residential,nan
1271975165,1271975165,residential,nan
1271975166,1271975166,residential,nan
1271975167,1271975167,residential,nan
1271975168,1271975168,residential,nan
1271975170,1271975170,residential,nan
1271975171,1271975171,residential,nan
1271975172,1271975172,residential,nan
1271975173,1271975173,residential,nan
1272046068,1272046068,residential,nan
1272046069,1272046069,residential,nan
1272046070,1272046070,residential,nan
1272148125,1272148125,residential,nan
1272152514,1272152514,commercial,nan
1272152523,1272152523,commercial,nan
1272152526,1272152526,commercial,nan
1272152531,1272152531,commercial,nan
1272152532,1272152532,commercial,nan
1272152543,1272152543,commercial,nan
1272152544,1272152544,commercial,nan
1272152545,1272152545,commercial,nan
1272152549,1272152549,commercial,nan
1272152550,1272152550,commercial,nan
1272152551,1272152551,commercial,nan
1272152552,1272152552,commercial,nan
1272152553,1272152553,commercial,nan
1272152556,1272152556,commercial,nan
1272152557,1272152557,commercial,nan
1272152558,1272152558,commercial,nan
1272152572,1272152572,commercial,nan
1272152573,1272152573,commercial,nan
1272152576,1272152576,commercial,nan
1272152581,1272152581,commercial,nan
1272152591,1272152591,residential,nan
1272154810,1272154810,commercial,nan
1272154815,1272154815,commercial,nan
1272154816,1272154816,commercial,nan
1272154820,1272154820,residential,nan
1272154821,1272154821,residential,nan
1272154822,1272154822,residential,nan
1272154846,1272154846,commercial,nan
1272154850,1272154850,residential,Shyam Ambika Apartments
1272154851,1272154851,residential,nan
1272154852,1272154852,residential,nan
1272154854,1272154854,residential,nan
1272154859,1272154859,residential,nan
1272154870,1272154870,residential,nan
1272154885,1272154885,residential,nan
1272154886,1272154886,residential,nan
1272154887,1272154887,residential,nan
1272154902,1272154902,residential,nan
1272154903,1272154903,residential,nan
1272642961,1272642961,residential,nan
1272642966,1272642966,residential,nan
1272642974,1272642974,residential,nan
1272642983,1272642983,residential,nan
1272642985,1272642985,residential,nan
1272642987,1272642987,residential,nan
1272648609,1272648609,residential,nan
1272648614,1272648614,residential,nan
1272649527,1272649527,residential,nan
1272649528,1272649528,residential,nan
1272659087,1272659087,commercial,Madhura Milana Convention Centre
1272659091,1272659091,residential,Palm Court Apartments
1272659092,1272659092,residential,Daffodils Garden Estate
1272659097,1272659097,residential,Vishwa Prakruthi Greenwoods
1272659098,1272659098,residential,nan
1272659141,1272659141,commercial,nan
1272659145,1272659145,commercial,nan
1272659146,1272659146,commercial,Attide Boutique
1272659155,1272659155,residential,nan
1272659156,1272659156,residential,HRC Ananya
1272659157,1272659157,commercial,nan
1272659161,1272659161,commercial,nan
1272659162,1272659162,residential,Century Horizon
1272659165,1272659165,commercial,nan
1272659166,1272659166,commercial,nan
1272673830,1272673830,residential,nan
1272673860,1272673860,residential,nan
1272673861,1272673861,residential,nan
1272686123,1272686123,residential,Srinivasa Garden
1272686131,1272686131,residential,nan
1272686272,1272686272,commercial,nan
1272686273,1272686273,commercial,Honda
1272686282,1272686282,commercial,NVM Kalyana Mantapa
1272686301,1272686301,residential,nan
1272686304,1272686304,residential,nan
1272689204,1272689204,commercial,RM Square
1272689206,1272689206,commercial,HP
1272701900,1272701900,residential,Rajni Ashish Rose
1272767221,1272767221,commercial,Hyundai
1272767225,1272767225,residential,NDRF
1272767334,1272767334,commercial,Kia
1272816386,1272816386,residential,nan
1272964724,1272964724,residential,Mittal Elanza
1272964725,1272964725,residential,nan
1272964728,1272964728,residential,Mahaveer Cygnet
1273063478,1273063478,residential,Prestige Sukri Serenity
1273116341,1273116341,residential,nan
1273430967,1273430967,residential,Ganga Heights
1273596225,1273596225,residential,nan
1273596229,1273596229,residential,Sai Brindavan
1273596238,1273596238,residential,nan
1273596240,1273596240,commercial,nan
1273628120,1273628120,commercial,nan
1274311270,1274311270,residential,Eshwari Oak Dale
1274389133,1274389133,residential,nan
1274389138,1274389138,residential,nan
1274571820,1274571820,residential,Devanagari Layout
1274571821,1274571821,commercial,nan
1274603977,1274603977,residential,Myhna Heights
1274603987,1274603987,commercial,nan
1274603990,1274603990,residential,Candeur Rise
1274603991,1274603991,residential,Sohan Fortune
1274603992,1274603992,residential,nan
1275460884,1275460884,residential,nan
1275463624,1275463624,residential,Skyline Solstice Apartments
1276068484,1276068484,residential,Green Garden Phase 2
1278078113,1278078113,residential,nan
1278078114,1278078114,residential,nan
1278078115,1278078115,residential,nan
1278078116,1278078116,residential,nan
1278078117,1278078117,residential,nan
1278078118,1278078118,residential,nan
1278078119,1278078119,residential,nan
1278078243,1278078243,commercial,nan
1278078327,1278078327,residential,Arvind Orchards
1278163529,1278163529,commercial,nan
1278163530,1278163530,commercial,nan
1278163531,1278163531,commercial,nan
1278163532,1278163532,commercial,nan
1278163533,1278163533,commercial,nan
1278163534,1278163534,commercial,nan
1278163535,1278163535,commercial,nan
1278163536,1278163536,residential,nan
1278163537,1278163537,commercial,nan
1278163538,1278163538,commercial,nan
1278163539,1278163539,commercial,nan
1278163540,1278163540,commercial,nan
1278163541,1278163541,commercial,nan
1278163542,1278163542,commercial,nan
1278386261,1278386261,commercial,nan
1278386264,1278386264,residential,nan
1278386265,1278386265,commercial,nan
1278386266,1278386266,residential,nan
1278386268,1278386268,residential,nan
1278422352,1278422352,residential,nan
1278422353,1278422353,commercial,nan
1278422354,1278422354,residential,nan
1278422355,1278422355,commercial,nan
1278668445,1278668445,residential,Deccan Court
1278668446,1278668446,residential,Vinay Serene Apartment
1278668456,1278668456,commercial,nan
1278668457,1278668457,commercial,nan
1278668458,1278668458,commercial,nan
1278668464,1278668464,residential,Raheja Regent Apartments
1278668471,1278668471,residential,nan
1278689467,1278689467,residential,nan
1278704371,1278704371,residential,nan
1278704400,1278704400,residential,nan
1278704432,1278704432,residential,nan
1278704442,1278704442,residential,nan
1278704568,1278704568,residential,nan
1278704571,1278704571,residential,nan
1278704574,1278704574,residential,nan
1278735154,1278735154,residential,nan
1278735156,1278735156,residential,nan
1278809794,1278809794,residential,nan
1278809795,1278809795,residential,nan
1278809796,1278809796,residential,nan
1278809797,1278809797,residential,nan
1278809798,1278809798,residential,nan
1278809799,1278809799,residential,nan
1278809800,1278809800,residential,nan
1278809801,1278809801,commercial,nan
1278809803,1278809803,residential,nan
1279246609,1279246609,residential,Elegant Aster
1279250204,1279250204,residential,Lewis Glorious
1279568281,1279568281,residential,nan
1279568282,1279568282,residential,Unishire Belvedere Premia
1279568291,1279568291,residential,Aires Lakeview
1279568294,1279568294,commercial,nan
1279609660,1279609660,residential,BGS Layout
1279609681,1279609681,commercial,nan
1279609694,1279609694,commercial,nan
1279609723,1279609723,residential,nan
1279826116,1279826116,residential,Legacy Eldora
1279826125,1279826125,residential,DS Max Synergy
1279826182,1279826182,commercial,VK Palace
1279826184,1279826184,residential,nan
1279969178,1279969178,commercial,nan
1279977293,1279977293,commercial,nan
1279977294,1279977294,commercial,nan
1279977295,1279977295,commercial,nan
1280086943,1280086943,residential,nan
1280086948,1280086948,residential,nan
1280086951,1280086951,residential,nan
1280086958,1280086958,residential,nan
1280086962,1280086962,residential,nan
1280086973,1280086973,residential,Prabhavathi Elegant
1280087008,1280087008,residential,nan
1280087009,1280087009,residential,nan
1280087010,1280087010,residential,SS Snowdrop
1280087012,1280087012,residential,nan
1280618893,1280618893,residential,nan
1280619027,1280619027,residential,nan
1281053213,1281053213,commercial,Commisseriate of Agriculture
1281053214,1281053214,commercial,Commissioner Directorate Collegiate Education
1281053215,1281053215,commercial,Office of the Chief Electoral Officer
1281336337,1281336337,residential,nan
1281336346,1281336346,residential,Arvind Oasis
1281359311,1281359311,residential,nan
1281359315,1281359315,residential,Casagrand Aquene
1281359317,1281359317,residential,nan
1281359318,1281359318,residential,nan
1281359319,1281359319,residential,Ramanuja Enclave
1281359325,1281359325,residential,nan
1281993752,1281993752,residential,Sattva Opus
1282375701,1282375701,residential,nan
1282375702,1282375702,residential,nan
1282375703,1282375703,residential,nan
1282375712,1282375712,residential,nan
1282375713,1282375713,residential,nan
1282507356,1282507356,residential,Vaishnavi North 24
1282693121,1282693121,commercial,Indiranagar Sangeetha Sabha
1282750322,1282750322,residential,nan
1282750827,1282750827,residential,nan
1282750828,1282750828,residential,nan
1282750829,1282750829,residential,nan
1283299402,1283299402,residential,Shubh Labh Cypress
1283704670,1283704670,residential,nan
1283704671,1283704671,residential,nan
1283712463,1283712463,residential,nan
1283712464,1283712464,residential,nan
1283712465,1283712465,residential,nan
1283712466,1283712466,residential,nan
1283712467,1283712467,residential,nan
1283712468,1283712468,residential,nan
1283712469,1283712469,residential,nan
1283712470,1283712470,residential,nan
1283712471,1283712471,residential,nan
1284164731,1284164731,residential,nan
1284165004,1284165004,residential,nan
1284165005,1284165005,residential,nan
1284190409,1284190409,residential,Elegant Exotica
1284355489,1284355489,commercial,nan
1284355491,1284355491,commercial,nan
1284355492,1284355492,commercial,nan
1284355493,1284355493,residential,nan
1284355494,1284355494,commercial,nan
1284355495,1284355495,residential,nan
1284355496,1284355496,commercial,nan
1284355497,1284355497,residential,nan
1284355498,1284355498,residential,nan
1284355499,1284355499,residential,nan
1284355500,1284355500,residential,nan
1284355501,1284355501,residential,nan
1284355502,1284355502,residential,nan
1284355503,1284355503,residential,nan
1284355504,1284355504,residential,nan
1284355506,1284355506,residential,nan
1284355507,1284355507,residential,nan
1284355508,1284355508,residential,nan
1284355509,1284355509,residential,nan
1284355510,1284355510,residential,nan
1284355511,1284355511,residential,nan
1284355512,1284355512,residential,nan
1284380854,1284380854,residential,nan
1284380855,1284380855,residential,nan
1284380856,1284380856,residential,nan
1284380857,1284380857,residential,nan
1284380858,1284380858,residential,nan
1284380859,1284380859,residential,nan
1284380860,1284380860,residential,nan
1284380861,1284380861,residential,nan
1284657005,1284657005,residential,nan
1284773489,1284773489,residential,Sai Kuteer Apartments
1284773662,1284773662,commercial,nan
1284773675,1284773675,residential,nan
1284808025,1284808025,residential,nan
1284808026,1284808026,residential,nan
1284808027,1284808027,residential,nan
1284808028,1284808028,residential,nan
1284808029,1284808029,residential,nan
1284808030,1284808030,residential,nan
1284808031,1284808031,residential,nan
1284808035,1284808035,residential,nan
1284808036,1284808036,residential,nan
1284808037,1284808037,residential,nan
1284808038,1284808038,residential,nan
1284808039,1284808039,residential,nan
1284808040,1284808040,residential,nan
1284808042,1284808042,residential,nan
1284808046,1284808046,residential,nan
1284808047,1284808047,residential,nan
1284808048,1284808048,residential,nan
1284808050,1284808050,residential,nan
1284808051,1284808051,residential,nan
1284808052,1284808052,residential,nan
1284808055,1284808055,residential,Century Saras
1284808058,1284808058,residential,Landcapital Calista
1284808060,1284808060,residential,nan
1284808063,1284808063,residential,nan
1284808064,1284808064,residential,nan
1284808065,1284808065,residential,nan
1284808066,1284808066,residential,nan
1284808067,1284808067,residential,nan
1284808068,1284808068,residential,nan
1284808069,1284808069,residential,nan
1284808070,1284808070,residential,nan
1284811159,1284811159,residential,nan
1284811160,1284811160,residential,nan
1284811161,1284811161,residential,nan
1284811162,1284811162,residential,nan
1284811163,1284811163,commercial,nan
1284811164,1284811164,commercial,nan
1284811166,1284811166,residential,nan
1284811167,1284811167,residential,nan
1284811169,1284811169,residential,nan
1284811170,1284811170,residential,nan
1284811171,1284811171,residential,nan
1284811173,1284811173,residential,nan
1284811174,1284811174,residential,nan
1284852013,1284852013,residential,nan
1284852016,1284852016,residential,nan
1285043283,1285043283,residential,Esteem Northwood
1285046615,1285046615,residential,nan
1285071237,1285071237,residential,nan
1285817628,1285817628,residential,nan
1285817629,1285817629,residential,nan
1285817630,1285817630,residential,nan
1285817631,1285817631,residential,nan
1285817632,1285817632,residential,nan
1285817633,1285817633,residential,nan
1285817634,1285817634,residential,nan
1285817635,1285817635,residential,nan
1285817646,1285817646,residential,nan
1285817648,1285817648,residential,nan
1285817651,1285817651,residential,Neeladri Sarovaram
1285817657,1285817657,residential,Cherry Blossom
1285817659,1285817659,commercial,nan
1285817660,1285817660,commercial,nan
1285817662,1285817662,residential,nan
1285817663,1285817663,residential,nan
1285817665,1285817665,residential,nan
1285817668,1285817668,residential,nan
1285817669,1285817669,residential,nan
1285817672,1285817672,residential,Codename One Villas
1285817674,1285817674,residential,nan
1285817675,1285817675,residential,nan
1285817679,1285817679,residential,Maitree Sprint
1285817681,1285817681,residential,SM Zinnia
1285817682,1285817682,residential,nan
1285817695,1285817695,commercial,SR Akshata Convention Hall
1285983278,1285983278,residential,nan
1286464059,1286464059,residential,nan
1286464074,1286464074,residential,Elegant Embassy North
1286464082,1286464082,residential,Pyramid Banksia and Mahika
1286464095,1286464095,residential,nan
1286464097,1286464097,residential,Mahaveer Willet
1286464103,1286464103,residential,nan
1286464104,1286464104,residential,nan
1286464105,1286464105,residential,Hilife Nature
1286468194,1286468194,residential,nan
1286468248,1286468248,commercial,nan
1286468251,1286468251,residential,Krishna Global
1286468257,1286468257,residential,nan
1286468293,1286468293,residential,Elegant Elite Apartments
1286468294,1286468294,residential,nan
1286609133,1286609133,commercial,BWSSB Vidyaranyapura Service Station
1286609266,1286609266,residential,nan
1286715846,1286715846,residential,nan
1286832109,1286832109,residential,Garadi Apartments
1286978615,1286978615,residential,nan
1286978616,1286978616,residential,nan
1287065122,1287065122,residential,nan
1287126671,1287126671,residential,nan
1287126672,1287126672,commercial,nan
1287270139,1287270139,commercial,nan
1287281167,1287281167,commercial,nan
1287281168,1287281168,residential,nan
1287284017,1287284017,residential,nan
1287284018,1287284018,residential,nan
1287284019,1287284019,residential,nan
1287284020,1287284020,residential,nan
1287284032,1287284032,residential,nan
1287284052,1287284052,residential,nan
1287284053,1287284053,commercial,nan
1287284054,1287284054,residential,nan
1287284055,1287284055,residential,nan
1287284056,1287284056,commercial,nan
1287284057,1287284057,residential,nan
1287284067,1287284067,residential,nan
1287284068,1287284068,residential,nan
1287284069,1287284069,residential,nan
1287284070,1287284070,residential,nan
1287284071,1287284071,residential,nan
1287284075,1287284075,residential,nan
1287284076,1287284076,residential,nan
1287284077,1287284077,residential,nan
1287284078,1287284078,residential,nan
1287284167,1287284167,residential,nan
1287284168,1287284168,residential,nan
1287284169,1287284169,residential,nan
1287284234,1287284234,residential,nan
1287284237,1287284237,residential,nan
1287284238,1287284238,residential,nan
1287284239,1287284239,residential,nan
1287284240,1287284240,residential,nan
1287284241,1287284241,residential,nan
1287320722,1287320722,commercial,VSPL Pinnacle PVR
1287320723,1287320723,commercial,VSPL Pinnacle
1287355520,1287355520,residential,nan
1287355531,1287355531,residential,nan
1287355546,1287355546,residential,nan
1287355547,1287355547,residential,nan
1287355560,1287355560,residential,nan
1287355594,1287355594,residential,nan
1287371796,1287371796,residential,nan
1287371798,1287371798,residential,nan
1287371884,1287371884,residential,nan
1287371983,1287371983,residential,nan
1287743609,1287743609,residential,nan
1287743610,1287743610,residential,nan
1287743611,1287743611,residential,nan
1287743612,1287743612,residential,nan
1287743613,1287743613,residential,nan
1287743614,1287743614,residential,nan
1287743615,1287743615,residential,nan
1287743616,1287743616,residential,nan
1287743617,1287743617,residential,nan
1287743618,1287743618,residential,nan
1287744125,1287744125,residential,nan
1287744126,1287744126,residential,nan
1287744127,1287744127,commercial,nan
1287744128,1287744128,commercial,nan
1287744129,1287744129,commercial,nan
1287744131,1287744131,commercial,nan
1287744132,1287744132,commercial,nan
1287744133,1287744133,residential,nan
1287744134,1287744134,residential,nan
1287744135,1287744135,residential,nan
1287744136,1287744136,residential,nan
1287744137,1287744137,residential,nan
1287744138,1287744138,residential,nan
1287744139,1287744139,residential,nan
1287744140,1287744140,residential,nan
1287744141,1287744141,commercial,nan
1287744142,1287744142,commercial,nan
1287744143,1287744143,commercial,nan
1287744144,1287744144,residential,nan
1287744145,1287744145,commercial,nan
1287744146,1287744146,residential,nan
1287744147,1287744147,commercial,nan
1287904673,1287904673,residential,nan
1287904684,1287904684,residential,Whitefield Railway Quarters
1287943292,1287943292,residential,nan
1288367023,1288367023,residential,nan
1288367031,1288367031,residential,nan
1288367032,1288367032,commercial,nan
1288649199,1288649199,residential,nan
1288649213,1288649213,residential,nan
1288649214,1288649214,residential,nan
1288649215,1288649215,residential,nan
1288649216,1288649216,residential,nan
1288649217,1288649217,residential,nan
1288649218,1288649218,residential,nan
1288649219,1288649219,residential,nan
1288649220,1288649220,residential,nan
1288649221,1288649221,residential,nan
1288649222,1288649222,residential,nan
1288649223,1288649223,residential,nan
1288649224,1288649224,residential,nan
1288649225,1288649225,residential,nan
1288649226,1288649226,residential,nan
1288649227,1288649227,residential,nan
1289096904,1289096904,residential,nan
1289702762,1289702762,residential,Roshan Platinum
1289784407,1289784407,residential,nan
1290207810,1290207810,commercial,nan
1290233354,1290233354,residential,nan
1290233370,1290233370,residential,nan
1290233372,1290233372,residential,nan
1290912974,1290912974,commercial,nan
1291004787,1291004787,residential,Vishwapriya Vertical Garden
1291033137,1291033137,commercial,Vaishnavi Union 29
1291204123,1291204123,residential,nan
1291748394,1291748394,residential,Anand Alpine
1291752683,1291752683,commercial,Purva Premiere
1292674568,1292674568,residential,Ramanchala Apartments
1292674569,1292674569,residential,Nand Deep
1292674570,1292674570,residential,Lotus Court
1292674573,1292674573,residential,IIA Apartment
1292674574,1292674574,residential,Salarpuria Lancet
1292674580,1292674580,residential,EGPI Arcadia
1292994292,1292994292,commercial,Nova Miller
1292994294,1292994294,residential,nan
1292994295,1292994295,residential,Spencer House
1292994296,1292994296,residential,Cassia Court
1292994297,1292994297,residential,Suchitra Apartments
1292997390,1292997390,commercial,Maria House
1293435696,1293435696,residential,nan
1293610897,1293610897,residential,nan
1294790765,1294790765,commercial,nan
1294790777,1294790777,commercial,nan
1294790800,1294790800,commercial,nan
1294790819,1294790819,commercial,nan
1294790822,1294790822,commercial,Hindustan Petroleum
1294790838,1294790838,commercial,Hotel Leroy Grand
1294790841,1294790841,commercial,Shell
1294951612,1294951612,commercial,BWSSB Service Station
1295009445,1295009445,residential,nan
1295627612,1295627612,residential,nan
1295627615,1295627615,residential,nan
1295627617,1295627617,residential,nan
1295635965,1295635965,residential,Airport Authority of India Quarters
1295690624,1295690624,residential,Adarsh Crystal
1295690625,1295690625,commercial,Adarsh Yelavarthy Centre
1295705801,1295705801,residential,Jogupalya Police Quarters
1295705819,1295705819,residential,Total Environment The Good Earth
1295705820,1295705820,residential,Maple Manor
1295795269,1295795269,residential,nan
1295795277,1295795277,residential,nan
1295795278,1295795278,residential,nan
1295795279,1295795279,residential,nan
1295795280,1295795280,residential,nan
1296005027,1296005027,residential,nan
1296005028,1296005028,residential,nan
1296005051,1296005051,commercial,nan
1296054830,1296054830,residential,nan
1296054839,1296054839,residential,Central Silk Board Staff Quarters
1296328615,1296328615,commercial,nan
1296328623,1296328623,residential,nan
1296396646,1296396646,residential,nan
1296416053,1296416053,residential,nan
1297356986,1297356986,residential,Siddi Vinayaka Layout
1297388188,1297388188,residential,nan
1297388192,1297388192,residential,nan
1297584653,1297584653,residential,nan
1297584696,1297584696,residential,Renaissance Woods
1297584713,1297584713,residential,Suraksha Enclave
1297584718,1297584718,residential,MES Quarters
1297584723,1297584723,residential,Jarakabande Staff Quarters
1297630650,1297630650,commercial,nan
1297630651,1297630651,residential,nan
1297667914,1297667914,residential,Singapore Gardens
1297667916,1297667916,residential,Sunrise Brundavan Gardens
1297667917,1297667917,residential,Comfort Heights
1297674395,1297674395,residential,nan
1297674988,1297674988,residential,nan
1297674989,1297674989,residential,nan
1297674990,1297674990,residential,nan
1298161063,1298161063,commercial,nan
1298161077,1298161077,commercial,nan
1298275327,1298275327,commercial,nan
1298275338,1298275338,commercial,Sandeep Arcade
1298279411,1298279411,residential,nan
1298279412,1298279412,residential,nan
1298823081,1298823081,residential,nan
1298823082,1298823082,residential,nan
1298823083,1298823083,residential,nan
1298823099,1298823099,residential,nan
1298823100,1298823100,residential,nan
1298823101,1298823101,residential,nan
1298823102,1298823102,residential,nan
1298823103,1298823103,residential,nan
1298823104,1298823104,residential,KHB Apartments
1298823105,1298823105,residential,nan
1298823106,1298823106,residential,nan
1298823107,1298823107,residential,nan
1298823109,1298823109,residential,nan
1298823110,1298823110,residential,nan
1298824871,1298824871,residential,nan
1298824872,1298824872,residential,nan
1298824873,1298824873,residential,nan
1298832781,1298832781,residential,Sentinel's Pride
1298832942,1298832942,commercial,Sri Nandagokula Kalyana Mantapa
1299038394,1299038394,commercial,nan
1299038403,1299038403,residential,nan
1299765927,1299765927,residential,nan
1299765932,1299765932,commercial,nan
1299765934,1299765934,residential,nan
1299765935,1299765935,residential,Legacy Mycon
1299765936,1299765936,residential,Legacy Madellia
1299785688,1299785688,commercial,nan
1299785703,1299785703,commercial,Shell
1299785709,1299785709,residential,nan
1299791161,1299791161,residential,Farah Plaza
1299791162,1299791162,residential,nan
1299791163,1299791163,residential,nan
1299791165,1299791165,residential,Nirmal Jyothi Complex
1299794006,1299794006,residential,nan
1300078970,1300078970,residential,nan
1300083545,1300083545,commercial,nan
1300083552,1300083552,residential,Bijith Classic
1300083553,1300083553,residential,Prakash Hibiscus
1300083554,1300083554,residential,Skyline Aura
1300083555,1300083555,residential,Aadhava Elite
1300201555,1300201555,residential,nan
1300201690,1300201690,residential,nan
1300281976,1300281976,residential,nan
1300281977,1300281977,residential,nan
1300281978,1300281978,residential,nan
1300281995,1300281995,residential,nan
1300881280,1300881280,residential,nan
1300886905,1300886905,commercial,nan
1300886927,1300886927,residential,nan
1301141835,1301141835,residential,nan
1301141849,1301141849,residential,Le Terrace
1301143992,1301143992,residential,nan
1301143993,1301143993,residential,nan
1301143994,1301143994,residential,nan
1301283902,1301283902,residential,nan
1301283912,1301283912,commercial,Vajram Onyx
1301321582,1301321582,commercial,The Estate
1301325024,1301325024,commercial,Vivanta Residency Road
1301325025,1301325025,commercial,nan
1301325026,1301325026,commercial,nan
1301325030,1301325030,commercial,nan
1301326182,1301326182,commercial,nan
1301994739,1301994739,commercial,nan
1302008693,1302008693,residential,nan
1302008695,1302008695,residential,nan
1302055931,1302055931,residential,nan
1302055932,1302055932,residential,nan
1302190562,1302190562,commercial,nan
1302195012,1302195012,commercial,nan
1302195013,1302195013,residential,nan
1302227092,1302227092,residential,nan
1302227099,1302227099,residential,nan
1302227114,1302227114,commercial,Brigade Tech Park
1302247714,1302247714,residential,nan
1302247748,1302247748,residential,nan
1302259162,1302259162,residential,nan
1302259181,1302259181,residential,Suraksha Landmark Apartments
1302418875,1302418875,commercial,nan
1302635066,1302635066,residential,nan
1302638762,1302638762,residential,Gopalan Florenza
1302644121,1302644121,commercial,nan
1302724132,1302724132,residential,nan
1302724384,1302724384,residential,nan
1302848015,1302848015,residential,SS Maple
1302996815,1302996815,residential,Gangotri Apartments
1302996824,1302996824,commercial,nan
1302996827,1302996827,commercial,nan
1302996837,1302996837,commercial,nan
1302996839,1302996839,commercial,Capstone House
1303005413,1303005413,commercial,nan
1303005414,1303005414,residential,nan
1303031286,1303031286,residential,nan
1303487939,1303487939,residential,nan
1303542197,1303542197,residential,HAL Township
1303614161,1303614161,commercial,nan
1303614183,1303614183,residential,Railway Quarters KR Puram
1303614189,1303614189,residential,nan
1303614245,1303614245,commercial,nan
1303625850,1303625850,commercial,NPR Complex
1303625860,1303625860,commercial,Akruthi Homes
1303625862,1303625862,commercial,nan
1303625863,1303625863,commercial,Days Suites Bengaluru
1303625867,1303625867,commercial,nan
1303625868,1303625868,commercial,Whitefield Palms
1303625869,1303625869,commercial,Starmark Camelot
1303625881,1303625881,commercial,nan
1303625883,1303625883,commercial,Rathi Legacy - Rohan Tech Park
1303810833,1303810833,residential,nan
1303892358,1303892358,residential,nan
1303892359,1303892359,residential,nan
1303892360,1303892360,residential,nan
1303892361,1303892361,commercial,nan
1303897734,1303897734,commercial,nan
1303901165,1303901165,residential,Sai Shakthi Apartments
1303901188,1303901188,residential,MV Periwinkle
1303901190,1303901190,residential,Royal Enclave
1303901239,1303901239,residential,ASN Lakeview
1303901253,1303901253,residential,NR Royal Park
1303901255,1303901255,residential,Amruth Grandeur
1304013762,1304013762,residential,nan
1304014437,1304014437,residential,BDA Flats
1304014455,1304014455,commercial,BBMP Office
1304106633,1304106633,residential,Narya 5 Elements
1304116270,1304116270,commercial,Farah Tower
1304116276,1304116276,commercial,nan
1304116277,1304116277,commercial,nan
1304116278,1304116278,commercial,nan
1304116281,1304116281,commercial,nan
1304116282,1304116282,commercial,nan
1304116283,1304116283,commercial,Ballal Residency
1304118494,1304118494,residential,nan
1304118495,1304118495,residential,Avenue Court
1304118499,1304118499,residential,Gurukripa Nivas
1304118500,1304118500,residential,Elegant Tranquil
1304118502,1304118502,residential,Toucan's Nest
1304118503,1304118503,residential,nan
1304118504,1304118504,residential,Lavina Mansion
1304189528,1304189528,residential,Fair Haven Apartments
1304196934,1304196934,residential,nan
1304196935,1304196935,commercial,nan
1304252476,1304252476,residential,Vajram Elina (u/c)
1304253299,1304253299,commercial,nan
1304293322,1304293322,residential,nan
1304293383,1304293383,residential,nan
1304293384,1304293384,residential,nan
1304298509,1304298509,residential,Soul Space Arista
1304298512,1304298512,residential,nan
1304298532,1304298532,commercial,nan
1304376975,1304376975,commercial,nan
1304376976,1304376976,residential,nan
1304376978,1304376978,residential,nan
1304376979,1304376979,residential,nan
1304376980,1304376980,residential,nan
1304376981,1304376981,residential,nan
1304376982,1304376982,residential,nan
1304376985,1304376985,residential,nan
1304404084,1304404084,residential,nan
1304404085,1304404085,residential,nan
1304404188,1304404188,residential,nan
1304437001,1304437001,residential,nan
1304492136,1304492136,residential,Subiksha Daffodil
1304492143,1304492143,commercial,nan
1304496312,1304496312,commercial,nan
1304783374,1304783374,residential,nan
1305038914,1305038914,residential,nan
1305182778,1305182778,residential,Savyasachi Sarayu
1305182779,1305182779,residential,Rock House Regency
1305182790,1305182790,residential,Binny Crescent Apartments
1305182821,1305182821,residential,Prestige Benson Court
1305182823,1305182823,residential,Tawakkal Manor
1305182824,1305182824,residential,M3 Benson
1305182825,1305182825,residential,Prestige Capri
1305202466,1305202466,commercial,nan
1305202467,1305202467,commercial,IndiQube Symphony
1305202479,1305202479,residential,nan
1305597972,1305597972,residential,Chitrapur Housing Complex
1305597979,1305597979,commercial,nan
1305606065,1305606065,residential,nan
1306481218,1306481218,residential,nan
1306481267,1306481267,residential,nan
1306491451,1306491451,commercial,Varadaraja Petrol / Gas Station
1306532588,1306532588,residential,Vaswani Astoria Villas
1306593433,1306593433,residential,nan
1306597891,1306597891,residential,nan
1306881217,1306881217,residential,nan
1306885153,1306885153,commercial,nan
1306891848,1306891848,commercial,nan
1306908267,1306908267,residential,Indraprastha Schon
1306908270,1306908270,residential,Wellington  Court
1306908271,1306908271,residential,Wellington Park Apartment
1306908277,1306908277,residential,Sherief Apartment
1306908278,1306908278,residential,Rustumji Residency
1306908303,1306908303,residential,Victorian Villa
1306908304,1306908304,residential,Sona Gardens
1306908321,1306908321,residential,Richmond Villa
1306908322,1306908322,residential,Southern Star
1307054861,1307054861,residential,nan
1307058099,1307058099,residential,nan
1307058105,1307058105,residential,GK Tropical Springs
1307058109,1307058109,residential,Surya Humming Bird
1307177956,1307177956,residential,Pristine Grove
1307177974,1307177974,residential,Amigo Estella
1307178088,1307178088,commercial,ACKO Drive Service Centre
1307178089,1307178089,commercial,nan
1307192643,1307192643,residential,nan
1307192648,1307192648,residential,Bhoo Sai Charana Layout
1307192673,1307192673,residential,Adithya Pristine
1307192729,1307192729,commercial,BBMP
1307192848,1307192848,residential,Harsha Gateway
1307199161,1307199161,residential,Pearl Paradise
1307199171,1307199171,residential,Royal Elite
1307207421,1307207421,residential,Mentsu Crescent
1307207438,1307207438,residential,Devin Indira Paradise
1307259507,1307259507,residential,nan
1307259528,1307259528,residential,nan
1307275233,1307275233,residential,nan
1307275234,1307275234,residential,nan
1307275235,1307275235,residential,nan
1307397828,1307397828,residential,CPMG Karnataka Residence
1307397830,1307397830,residential,nan
1307397831,1307397831,commercial,nan
1307397835,1307397835,commercial,HM Eleganza
1307397836,1307397836,commercial,RSP House
1307397837,1307397837,residential,Museum Terrace
1307397838,1307397838,residential,Raheja Chambers
1307397846,1307397846,residential,nan
1307412123,1307412123,residential,Rich & Famous Apartments
1307470609,1307470609,residential,Phoenix Kessaku
1307519708,1307519708,residential,nan
1307534761,1307534761,residential,nan
1307534762,1307534762,commercial,nan
1307656617,1307656617,residential,nan
1307656618,1307656618,residential,nan
1307656620,1307656620,residential,nan
1307656621,1307656621,residential,nan
1307656622,1307656622,residential,nan
1307896612,1307896612,commercial,nan
1307896613,1307896613,residential,nan
1307896616,1307896616,commercial,nan
1307896617,1307896617,commercial,Kotak House
1307896620,1307896620,commercial,IBC The Senate
1307896621,1307896621,commercial,Nitesh Timesquare
1307896622,1307896622,commercial,Prestige Thirulakshmi
1307896623,1307896623,commercial,nan
1307896624,1307896624,commercial,nan
1307896625,1307896625,residential,nan
1307896626,1307896626,commercial,Mittal Tower
1307944846,1307944846,residential,nan
1307953567,1307953567,commercial,nan
1307953568,1307953568,commercial,37th Crescent Hotel
1307953569,1307953569,residential,nan
1307991990,1307991990,residential,SSVR Lotus Pond
1308093197,1308093197,residential,nan
1308093234,1308093234,residential,nan
1308108337,1308108337,residential,Maarq Alpha
1308108342,1308108342,residential,Sree Urban Orchids
1308108344,1308108344,residential,nan
1308108345,1308108345,residential,Vertex Wellington
1308264655,1308264655,residential,nan
1308264658,1308264658,residential,nan
1308264664,1308264664,residential,nan
1308264665,1308264665,residential,nan
1308361843,1308361843,residential,nan
1308403492,1308403492,commercial,nan
1308403500,1308403500,commercial,nan
1308463753,1308463753,residential,nan
1308463760,1308463760,residential,nan
1308463761,1308463761,residential,nan
1308463764,1308463764,residential,Mahogany Apartments
1308476313,1308476313,commercial,Ino-Mim LIimited
1308476314,1308476314,residential,nan
1308476317,1308476317,residential,Brigade Crescent
1308483333,1308483333,residential,Sri Sai Supreme
1308621811,1308621811,residential,nan
1308621814,1308621814,residential,Garden Apartments
1308628998,1308628998,commercial,nan
1308629009,1308629009,commercial,nan
1308629010,1308629010,commercial,nan
1308632312,1308632312,residential,St. Michael's Apartments
1308636549,1308636549,residential,nan
1308637362,1308637362,residential,Nandi Park Apartments
1308640170,1308640170,commercial,nan
1308640174,1308640174,commercial,nan
1308641269,1308641269,residential,nan
1308725873,1308725873,commercial,nan
1308728831,1308728831,commercial,nan
1308728833,1308728833,residential,nan
1308728834,1308728834,commercial,nan
1308728836,1308728836,commercial,nan
1308728838,1308728838,commercial,nan
1308740522,1308740522,residential,nan
1308740524,1308740524,residential,nan
1308843404,1308843404,residential,SMR Vinay Meenakshi
1309521111,1309521111,commercial,nan
1309832740,1309832740,commercial,nan
1309832741,1309832741,residential,nan
1310009399,1310009399,residential,nan
1310009435,1310009435,residential,nan
1310009515,1310009515,residential,nan
1310561074,1310561074,residential,nan
1310561075,1310561075,commercial,nan
1310561076,1310561076,residential,nan
1310561077,1310561077,commercial,nan
1310561078,1310561078,residential,SKAV Mekhri Ritz
1310561079,1310561079,residential,HM Glenville
1310613066,1310613066,residential,nan
1310613067,1310613067,residential,nan
1310613068,1310613068,residential,nan
1310613069,1310613069,residential,nan
1310874445,1310874445,residential,nan
1310982634,1310982634,residential,nan
1310982635,1310982635,residential,nan
1310982643,1310982643,residential,nan
1310982663,1310982663,residential,Patel's Green Valley
1310982665,1310982665,residential,nan
1310982673,1310982673,residential,Slendid Sree Durga Apartments
1310982751,1310982751,residential,nan
1310982752,1310982752,residential,nan
1311064532,1311064532,commercial,nan
1311064533,1311064533,commercial,MSR Towers
1311161162,1311161162,residential,nan
1311251807,1311251807,commercial,nan
1311251815,1311251815,residential,nan
1311251846,1311251846,commercial,nan
1311251847,1311251847,commercial,nan
1311425952,1311425952,residential,nan
1311425954,1311425954,residential,nan
1311425960,1311425960,commercial,nan
1311433876,1311433876,residential,nan
1311554392,1311554392,residential,nan
1311554395,1311554395,residential,Kulkarni Sadan
1311756247,1311756247,residential,nan
1311917053,1311917053,residential,nan
1311917065,1311917065,residential,nan
1311917069,1311917069,residential,nan
1311917076,1311917076,residential,nan
1311917087,1311917087,residential,nan
1311917089,1311917089,residential,nan
1311917090,1311917090,residential,nan
1311917092,1311917092,residential,nan
1312137371,1312137371,residential,nan
1312350863,1312350863,residential,United Lodge of Theosophists
1312433818,1312433818,commercial,nan
1312557083,1312557083,residential,nan
1312557116,1312557116,residential,nan
1312557117,1312557117,residential,nan
1312557132,1312557132,commercial,Aarambha
1312557141,1312557141,residential,Navanaami Platina
1312559579,1312559579,residential,nan
1312559580,1312559580,residential,nan
1312559581,1312559581,residential,nan
1312559582,1312559582,residential,nan
1312559583,1312559583,residential,nan
1312559584,1312559584,residential,nan
1312559585,1312559585,residential,nan
1312559586,1312559586,residential,nan
1312559587,1312559587,residential,nan
1312559588,1312559588,residential,nan
1312559590,1312559590,commercial,nan
1312559591,1312559591,residential,nan
1312559592,1312559592,commercial,nan
1312727449,1312727449,commercial,nan
1312729956,1312729956,residential,nan
1312776228,1312776228,residential,nan
1312776232,1312776232,residential,nan
1312776234,1312776234,residential,nan
1312776235,1312776235,residential,nan
1312806176,1312806176,residential,nan
1312806177,1312806177,residential,nan
1312836396,1312836396,residential,Malibu Belezza
1312837899,1312837899,residential,nan
1312838009,1312838009,residential,nan
1312843790,1312843790,residential,Druva Daffodils
1312849580,1312849580,residential,nan
1312946253,1312946253,residential,nan
1313070081,1313070081,commercial,nan
1313073840,1313073840,residential,nan
1313082137,1313082137,commercial,nan
1313082138,1313082138,residential,Incor Opulence
1313410393,1313410393,residential,nan
1313410396,1313410396,residential,nan
1313410397,1313410397,residential,nan
1313410398,1313410398,residential,nan
1313410399,1313410399,residential,nan
1313410400,1313410400,residential,nan
1313410401,1313410401,residential,nan
1313410402,1313410402,residential,nan
1313478615,1313478615,residential,nan
1313478619,1313478619,residential,nan
1313808115,1313808115,commercial,nan
1313808117,1313808117,commercial,nan
1313808118,1313808118,commercial,nan
1313808119,1313808119,commercial,nan
1314102998,1314102998,residential,Elegant Palace
1314826758,1314826758,residential,Prestige Sunnyside Oak
1314848925,1314848925,residential,nan
1314848932,1314848932,residential,nan
1314848933,1314848933,residential,nan
1314848934,1314848934,residential,nan
1314848935,1314848935,residential,nan
1314848943,1314848943,commercial,nan
1314853569,1314853569,residential,nan
1314853572,1314853572,residential,nan
1314853575,1314853575,residential,nan
1314853576,1314853576,residential,nan
1314853577,1314853577,residential,nan
1314991480,1314991480,residential,nan
1314991484,1314991484,residential,The Marquis
1314991494,1314991494,residential,nan
1314991495,1314991495,commercial,nan
1314991498,1314991498,commercial,nan
1315006882,1315006882,residential,nan
1315006886,1315006886,residential,Manwaring House
1315006887,1315006887,residential,nan
1315006888,1315006888,residential,nan
1315006889,1315006889,residential,nan
1315006890,1315006890,residential,nan
1315006891,1315006891,residential,nan
1315006892,1315006892,residential,nan
1315006893,1315006893,residential,nan
1315009542,1315009542,residential,Shetty Abode
1315238763,1315238763,residential,nan
1315238764,1315238764,residential,nan
1315256093,1315256093,residential,nan
1315256095,1315256095,residential,nan
1315256096,1315256096,residential,nan
1315540423,1315540423,commercial,nan
1315541070,1315541070,residential,nan
1315541471,1315541471,commercial,nan
1315643000,1315643000,residential,nan
1315658039,1315658039,residential,nan
1315658043,1315658043,residential,nan
1315659135,1315659135,residential,nan
1315659136,1315659136,residential,nan
1315659146,1315659146,residential,nan
1315690222,1315690222,residential,nan
1315690223,1315690223,residential,nan
1315690224,1315690224,residential,nan
1315690295,1315690295,residential,nan
1315690296,1315690296,residential,nan
1315690297,1315690297,residential,nan
1315690363,1315690363,residential,nan
1315690388,1315690388,residential,nan
1315690421,1315690421,residential,nan
1315690422,1315690422,residential,nan
1315690423,1315690423,residential,nan
1315690448,1315690448,residential,nan
1315690449,1315690449,residential,nan
1315690450,1315690450,residential,nan
1315708828,1315708828,residential,nan
1315708830,1315708830,residential,nan
1315708839,1315708839,residential,nan
1315708850,1315708850,residential,nan
1315708856,1315708856,residential,nan
1315708857,1315708857,residential,nan
1315708858,1315708858,residential,nan
1315708859,1315708859,residential,nan
1315908906,1315908906,residential,nan
1315908932,1315908932,residential,nan
1315908938,1315908938,residential,nan
1315908939,1315908939,residential,nan
1315908940,1315908940,residential,nan
1315908997,1315908997,residential,nan
1315908998,1315908998,residential,nan
1315908999,1315908999,residential,nan
1315909000,1315909000,residential,nan
1315909001,1315909001,residential,nan
1315909002,1315909002,residential,nan
1315909003,1315909003,residential,nan
1315909032,1315909032,residential,nan
1315909033,1315909033,residential,nan
1315909034,1315909034,residential,nan
1315909035,1315909035,residential,nan
1315909036,1315909036,residential,nan
1315915500,1315915500,commercial,nan
1315915501,1315915501,residential,nan
1315915502,1315915502,residential,nan
1316080660,1316080660,residential,nan
1316080661,1316080661,residential,nan
1316080685,1316080685,residential,nan
1316080686,1316080686,residential,nan
1316080687,1316080687,residential,nan
1316080710,1316080710,residential,nan
1316080786,1316080786,residential,nan
1316080787,1316080787,residential,nan
1316080788,1316080788,residential,nan
1316080789,1316080789,residential,nan
1316084148,1316084148,residential,nan
1316084149,1316084149,commercial,nan
1316084176,1316084176,residential,nan
1316084180,1316084180,residential,nan
1316084193,1316084193,residential,nan
1316084194,1316084194,residential,nan
1316084195,1316084195,residential,nan
1316119412,1316119412,commercial,nan
1316119413,1316119413,commercial,nan
1316119414,1316119414,residential,nan
1316119415,1316119415,residential,nan
1316119416,1316119416,residential,nan
1316119417,1316119417,residential,nan
1316119418,1316119418,residential,nan
1316119567,1316119567,residential,nan
1316119570,1316119570,residential,nan
1316384450,1316384450,residential,nan
1316384451,1316384451,residential,nan
1316384452,1316384452,residential,nan
1316384453,1316384453,residential,nan
1316384580,1316384580,residential,nan
1316384588,1316384588,residential,nan
1316664768,1316664768,residential,Elegant
1316664769,1316664769,residential,Elegant Altima
1317621995,1317621995,commercial,Bharat Petroleum
1318030219,1318030219,residential,nan
1318032789,1318032789,residential,nan
1318181940,1318181940,residential,nan
1318181941,1318181941,residential,nan
1318340151,1318340151,commercial,nan
1318458854,1318458854,residential,nan
1318464914,1318464914,residential,nan
1318475867,1318475867,residential,nan
1318475874,1318475874,residential,nan
1318586919,1318586919,residential,Anurag Abode
1319230404,1319230404,residential,nan
1319284246,1319284246,residential,Sohan RNR Icon
1319284262,1319284262,residential,nan
1319284263,1319284263,residential,nan
1319284264,1319284264,residential,nan
1319576361,1319576361,residential,nan
1319576362,1319576362,residential,nan
1319576363,1319576363,residential,nan
1319576364,1319576364,residential,nan
1319576365,1319576365,residential,nan
1319576375,1319576375,residential,nan
1319799992,1319799992,residential,Golden Lotus
1320013843,1320013843,residential,Keerthi Manor Apartments
1320013871,1320013871,residential,Aishwarya Lake View Residency
1320013874,1320013874,residential,Versova Layout
1320013878,1320013878,residential,nan
1320013880,1320013880,residential,nan
1320013888,1320013888,residential,nan
1320013889,1320013889,residential,nan
1320013895,1320013895,residential,nan
1320013897,1320013897,residential,Srinidhi The Central Park
1320013906,1320013906,residential,nan
1320017856,1320017856,residential,nan
1320017858,1320017858,residential,nan
1320017885,1320017885,residential,nan
1320017914,1320017914,residential,nan
1320225539,1320225539,residential,nan
1320225545,1320225545,residential,nan
1323345394,1323345394,residential,nan
1323349182,1323349182,residential,Kirloskar House
1324290802,1324290802,residential,nan
1324664368,1324664368,residential,Nikhar Aventino
1324924824,1324924824,residential,Mounika Espancia
1324924937,1324924937,residential,nan
1324940166,1324940166,residential,nan
1326072949,1326072949,residential,nan
1327276860,1327276860,residential,nan
1327448879,1327448879,residential,nan
1327760561,1327760561,residential,Krishna Mystiq
1327760562,1327760562,residential,nan
1327760563,1327760563,residential,nan
1327760564,1327760564,residential,nan
1327760573,1327760573,residential,nan
1328129620,1328129620,residential,Amrutha Sparkling Nest
1328129624,1328129624,residential,Uniidus Acropolis
1328147350,1328147350,residential,nan
1328289114,1328289114,residential,nan
1328289211,1328289211,residential,nan
1328289212,1328289212,residential,nan
1328291266,1328291266,residential,nan
1328311554,1328311554,residential,nan
1328311562,1328311562,residential,nan
1328311581,1328311581,residential,Atma Apartments
1328411036,1328411036,residential,nan
1328411043,1328411043,residential,nan
1328528958,1328528958,residential,Renaissance Nest
1328835795,1328835795,residential,Arya Hamsa
1328835806,1328835806,residential,nan
1328835807,1328835807,residential,nan
1328835814,1328835814,residential,nan
1328835815,1328835815,residential,nan
1328835823,1328835823,residential,nan
1328835824,1328835824,residential,nan
1328835825,1328835825,residential,nan
1328835826,1328835826,residential,Platinum Lifestyle
1328835859,1328835859,residential,Jankal Pristine
1328835874,1328835874,residential,Epitome Elan
1328835904,1328835904,residential,nan
1328835931,1328835931,residential,nan
1329403273,1329403273,residential,nan
1329529353,1329529353,residential,nan
1329529357,1329529357,residential,nan
1329553247,1329553247,residential,nan
1329553298,1329553298,residential,nan
1329553363,1329553363,residential,nan
1329877098,1329877098,commercial,nan
1329877107,1329877107,residential,nan
1329877108,1329877108,residential,nan
1330170435,1330170435,residential,nan
1330170441,1330170441,residential,nan
1330344685,1330344685,commercial,nan
1330344726,1330344726,residential,nan
1330344727,1330344727,residential,nan
1330386973,1330386973,residential,nan
1330557620,1330557620,commercial,nan
1330557621,1330557621,commercial,nan
1330557654,1330557654,residential,nan
1330557658,1330557658,residential,nan
1330557659,1330557659,residential,nan
1330831109,1330831109,residential,nan
1332557309,1332557309,residential,nan
1332562795,1332562795,residential,nan
1332562819,1332562819,residential,nan
1332562820,1332562820,residential,nan
1332562821,1332562821,residential,nan
1332562822,1332562822,residential,nan
1332562823,1332562823,residential,nan
1332562824,1332562824,residential,nan
1332562825,1332562825,residential,nan
1332564981,1332564981,commercial,nan
1332565026,1332565026,residential,nan
1332565027,1332565027,residential,nan
1332565028,1332565028,residential,nan
1332565029,1332565029,residential,nan
1332565030,1332565030,residential,nan
1332565031,1332565031,residential,nan
1332565032,1332565032,residential,nan
1332565033,1332565033,residential,nan
1332565034,1332565034,residential,nan
1332565035,1332565035,residential,nan
1332565038,1332565038,commercial,nan
1332565039,1332565039,residential,nan
1332565040,1332565040,residential,nan
1332566187,1332566187,residential,nan
1332566231,1332566231,residential,nan
1332566232,1332566232,residential,nan
1332566233,1332566233,residential,nan
1332566234,1332566234,residential,nan
1332566258,1332566258,residential,nan
1332566259,1332566259,residential,nan
1332566260,1332566260,residential,nan
1332566261,1332566261,residential,nan
1332566262,1332566262,residential,nan
1332566271,1332566271,commercial,nan
1332566272,1332566272,commercial,nan
1332566273,1332566273,commercial,g k naidu complex
1332566274,1332566274,commercial,nan
1332566275,1332566275,commercial,nan
1332566276,1332566276,commercial,nan
1332566282,1332566282,commercial,nan
1332601589,1332601589,residential,nan
1332601630,1332601630,residential,nan
1332601631,1332601631,residential,nan
1332601646,1332601646,residential,nan
1332601666,1332601666,residential,nan
1332601667,1332601667,residential,nan
1332601668,1332601668,residential,nan
1332601669,1332601669,residential,nan
1332601671,1332601671,residential,nan
1332632395,1332632395,residential,nan
1332633868,1332633868,residential,nan
1332634050,1332634050,residential,nan
1332757476,1332757476,commercial,nan
1332757506,1332757506,residential,nan
1332757507,1332757507,residential,nan
1332757508,1332757508,residential,nan
1332763891,1332763891,residential,nan
1332763892,1332763892,residential,nan
1332763893,1332763893,residential,nan
1332763898,1332763898,residential,nan
1332763899,1332763899,residential,nan
1332825881,1332825881,residential,nan
1332825882,1332825882,residential,nan
1332825901,1332825901,residential,nan
1332825904,1332825904,residential,nan
1332825905,1332825905,residential,nan
1332825951,1332825951,residential,nan
1332825952,1332825952,residential,nan
1332825953,1332825953,residential,nan
1332825954,1332825954,residential,nan
1332851230,1332851230,residential,BDA Flats
1332851254,1332851254,residential,nan
1332851255,1332851255,residential,nan
1332851256,1332851256,residential,nan
1332851257,1332851257,residential,nan
1332851273,1332851273,residential,nan
1332851274,1332851274,residential,nan
1332851284,1332851284,residential,nan
1332851285,1332851285,residential,nan
1332851398,1332851398,residential,nan
1332851414,1332851414,residential,nan
1332851415,1332851415,residential,nan
1332851416,1332851416,residential,nan
1332870214,1332870214,residential,nan
1333112393,1333112393,residential,nan
1333114381,1333114381,residential,nan
1333114388,1333114388,residential,Doordarshan Staff Quarters
1333114389,1333114389,residential,Aloha Apartment
1333114390,1333114390,residential,The Orchard Apartments
1333247545,1333247545,residential,nan
1333247682,1333247682,residential,nan
1333427587,1333427587,residential,nan
1334165099,1334165099,residential,Aaspire Heights
1334961546,1334961546,commercial,Sattva Citadel
1334961549,1334961549,commercial,Sattva Sapphire
1335039534,1335039534,residential,nan
1335039535,1335039535,residential,nan
1335039536,1335039536,residential,nan
1335039543,1335039543,residential,nan
1335039544,1335039544,residential,nan
1335039545,1335039545,residential,nan
1335373260,1335373260,residential,nan
1335379056,1335379056,residential,nan
1335852880,1335852880,residential,nan
1335852901,1335852901,residential,nan
1335856138,1335856138,residential,nan
1335856160,1335856160,residential,nan
1336521828,1336521828,residential,nan
1336521834,1336521834,residential,nan
1336521840,1336521840,residential,nan
1336521842,1336521842,residential,nan
1336521843,1336521843,residential,nan
1336695984,1336695984,residential,nan
1336696021,1336696021,residential,nan
1336696022,1336696022,residential,nan
1336696129,1336696129,residential,nan
1336696130,1336696130,commercial,nan
1336696143,1336696143,residential,nan
1336696154,1336696154,residential,nan
1336696169,1336696169,residential,nan
1336696170,1336696170,residential,nan
1336696171,1336696171,residential,nan
1336696172,1336696172,residential,nan
1336696173,1336696173,commercial,nan
1336696188,1336696188,residential,nan
1336744114,1336744114,residential,nan
1337111953,1337111953,residential,Brigade Vista
1337117674,1337117674,residential,nan
1337117682,1337117682,commercial,PSS Plaza
1337117759,1337117759,residential,nan
1337117770,1337117770,residential,nan
1337117771,1337117771,residential,nan
1337117785,1337117785,commercial,nan
1337306137,1337306137,residential,nan
1337306138,1337306138,residential,nan
1337306139,1337306139,residential,nan
1337309972,1337309972,commercial,nan
1337323826,1337323826,residential,nan
1337330205,1337330205,residential,nan
1337330207,1337330207,residential,nan
1337330208,1337330208,residential,nan
1337330209,1337330209,residential,nan
1337330210,1337330210,residential,nan
1337360108,1337360108,residential,nan
1337360109,1337360109,residential,nan
1337360162,1337360162,residential,nan
1337361069,1337361069,residential,Aditya Garden
1337361071,1337361071,residential,nan
1337428752,1337428752,residential,nan
1337428753,1337428753,residential,Gowrasri Nilaya
1337428769,1337428769,residential,VRR Lakeview
1337428771,1337428771,residential,nan
1337428777,1337428777,residential,nan
1337428793,1337428793,residential,Samhita Square
1337428804,1337428804,residential,nan
1337668988,1337668988,residential,nan
1337668989,1337668989,residential,nan
1337668990,1337668990,residential,nan
1337668991,1337668991,residential,nan
1337668992,1337668992,residential,nan
1337669027,1337669027,residential,nan
1337731268,1337731268,residential,nan
1337731269,1337731269,residential,nan
1337856470,1337856470,residential,nan
1337856491,1337856491,residential,nan
1337856492,1337856492,residential,nan
1337864531,1337864531,residential,nan
1337864551,1337864551,residential,nan
1337864580,1337864580,residential,nan
1337864581,1337864581,residential,nan
1337917262,1337917262,residential,Casa de Paz
1337955523,1337955523,residential,nan
1337955533,1337955533,residential,nan
1337955546,1337955546,residential,nan
1337955570,1337955570,residential,nan
1338317794,1338317794,residential,nan
1338317795,1338317795,residential,nan
1338317796,1338317796,residential,nan
1338317797,1338317797,residential,nan
1338317798,1338317798,residential,nan
1338317802,1338317802,residential,nan
1338317803,1338317803,residential,nan
1338317804,1338317804,residential,nan
1338317805,1338317805,residential,nan
1338317807,1338317807,residential,nan
1338317808,1338317808,residential,nan
1338317810,1338317810,residential,nan
1338317811,1338317811,residential,nan
1338317812,1338317812,residential,nan
1338317813,1338317813,residential,nan
1338317814,1338317814,residential,nan
1338317815,1338317815,residential,nan
1338319807,1338319807,residential,nan
1338319809,1338319809,residential,nan
1338326418,1338326418,residential,nan
1338334916,1338334916,residential,Bank Colony
1339226756,1339226756,residential,Shipitha Royal Oak
1339264346,1339264346,commercial,nan
1339841069,1339841069,residential,Uphill
1341166392,1341166392,residential,Fairfield Apartments
1342034448,1342034448,residential,nan
1342034459,1342034459,residential,nan
1342034526,1342034526,commercial,nan
1342034535,1342034535,residential,nan
1342034536,1342034536,residential,nan
1342034581,1342034581,residential,nan
1342034616,1342034616,residential,nan
1342034617,1342034617,residential,nan
1342054408,1342054408,residential,nan
1342054463,1342054463,commercial,nan
1342054483,1342054483,commercial,nan
1342054516,1342054516,residential,nan
1342054561,1342054561,residential,nan
1342054562,1342054562,residential,nan
1342083427,1342083427,residential,nan
1342083428,1342083428,residential,nan
1342083429,1342083429,residential,nan
1342091639,1342091639,commercial,nan
1342091640,1342091640,commercial,nan
1342592932,1342592932,commercial,nan
1342592933,1342592933,residential,nan
1342592934,1342592934,residential,nan
1342592935,1342592935,residential,nan
1342592936,1342592936,residential,nan
1342592937,1342592937,residential,nan
1342592939,1342592939,commercial,nan
1342592945,1342592945,residential,RRI Quarters
1342592946,1342592946,commercial,nan
1342592947,1342592947,commercial,nan
1342592948,1342592948,commercial,nan
1342592949,1342592949,commercial,nan
1342592950,1342592950,commercial,nan
1342592951,1342592951,commercial,nan
1342592952,1342592952,commercial,nan
1342592953,1342592953,commercial,nan
1342592954,1342592954,commercial,nan
1342592955,1342592955,commercial,nan
1342592956,1342592956,commercial,nan
1342592957,1342592957,commercial,nan
1342592958,1342592958,commercial,nan
1342633544,1342633544,residential,nan
1342633573,1342633573,residential,nan
1342633574,1342633574,residential,nan
1342633575,1342633575,residential,nan
1342633576,1342633576,residential,nan
1342633577,1342633577,residential,nan
1342633578,1342633578,residential,nan
1342953363,1342953363,residential,nan
1342953372,1342953372,residential,nan
1342953373,1342953373,residential,nan
1342953379,1342953379,residential,nan
1342956766,1342956766,residential,nan
1342956767,1342956767,residential,nan
1342956768,1342956768,residential,nan
1342956769,1342956769,residential,nan
1342976489,1342976489,residential,Brigade Palace
1342976492,1342976492,commercial,nan
1342976493,1342976493,commercial,nan
1342976494,1342976494,commercial,nan
1342976495,1342976495,residential,Navami Parimala Gurukrupa
1342976510,1342976510,residential,Golf View Apartments
1342976511,1342976511,residential,Total Environment Lost in the Greens
1343018990,1343018990,commercial,nan
1343018991,1343018991,commercial,nan
1343298848,1343298848,residential,nan
1343298849,1343298849,residential,nan
1343404340,1343404340,residential,nan
1343404377,1343404377,commercial,Basaveshwara Sugnana Mantapa
1343404405,1343404405,commercial,BSNL Exchange Vijayanagara
1343404407,1343404407,commercial,nan
1343404411,1343404411,commercial,nan
1343404414,1343404414,commercial,nan
1343497941,1343497941,residential,nan
1343634837,1343634837,residential,nan
1343672540,1343672540,residential,nan
1343672541,1343672541,residential,nan
1343672610,1343672610,residential,nan
1343672611,1343672611,residential,nan
1343672612,1343672612,residential,nan
1343672628,1343672628,commercial,nan
1343672644,1343672644,residential,nan
1343674322,1343674322,commercial,AGN Convention Hall
1343674342,1343674342,residential,Bengaluru Armed Reserve Police
1343674343,1343674343,residential,Bengaluru Armed Reserve Police
1343677903,1343677903,commercial,ICB Indian Craft Brewery
1343694303,1343694303,residential,nan
1343694336,1343694336,residential,nan
1343694358,1343694358,residential,nan
1343694375,1343694375,residential,nan
1343694377,1343694377,commercial,nan
1343694378,1343694378,residential,nan
1343694379,1343694379,residential,nan
1343694380,1343694380,residential,nan
1343694381,1343694381,residential,nan
1343694382,1343694382,residential,nan
1343694428,1343694428,residential,nan
1343740700,1343740700,residential,nan
1343740730,1343740730,residential,nan
1343740758,1343740758,residential,nan
1343740782,1343740782,residential,nan
1343740834,1343740834,residential,nan
1343740871,1343740871,residential,nan
1343740873,1343740873,residential,nan
1343740913,1343740913,residential,nan
1343740914,1343740914,residential,nan
1343761947,1343761947,residential,nan
1343761960,1343761960,commercial,nan
1343761999,1343761999,residential,nan
1343762000,1343762000,residential,nan
1343762001,1343762001,residential,nan
1343762088,1343762088,residential,nan
1343762089,1343762089,residential,nan
1343762090,1343762090,residential,nan
1343762115,1343762115,commercial,nan
1343976979,1343976979,residential,nan
1343976998,1343976998,residential,nan
1343977019,1343977019,residential,nan
1343977034,1343977034,residential,nan
1343977047,1343977047,residential,nan
1343977082,1343977082,residential,nan
1343977091,1343977091,residential,nan
1343977108,1343977108,residential,nan
1343977135,1343977135,residential,nan
1343977165,1343977165,residential,nan
1343977191,1343977191,residential,nan
1343977192,1343977192,residential,nan
1343977193,1343977193,residential,nan
1344042800,1344042800,residential,nan
1344042818,1344042818,residential,nan
1344042833,1344042833,residential,nan
1344042834,1344042834,residential,nan
1344042835,1344042835,residential,nan
1344042854,1344042854,residential,nan
1344042872,1344042872,residential,nan
1344042890,1344042890,residential,nan
1344042891,1344042891,residential,nan
1344278077,1344278077,residential,nan
1344278101,1344278101,residential,nan
1344278111,1344278111,residential,nan
1344278133,1344278133,residential,nan
1344278210,1344278210,residential,nan
1344278238,1344278238,residential,nan
1344278255,1344278255,residential,nan
1344278285,1344278285,residential,nan
1344278319,1344278319,residential,nan
1344278363,1344278363,residential,nan
1344278388,1344278388,residential,nan
1344278437,1344278437,residential,nan
1344278438,1344278438,residential,nan
1344569673,1344569673,residential,nan
1344569674,1344569674,residential,nan
1344569675,1344569675,residential,nan
1344569676,1344569676,residential,nan
1344569679,1344569679,commercial,nan
1344569681,1344569681,residential,nan
1344569682,1344569682,residential,nan
1344569683,1344569683,residential,nan
1344574757,1344574757,residential,nan
1344744169,1344744169,residential,nan
1344744170,1344744170,residential,nan
1344779667,1344779667,commercial,nan
1344779688,1344779688,residential,Sainak Puri
1344779692,1344779692,residential,Gina Ronville
1344779706,1344779706,residential,Aishwarya Enclave
1344779726,1344779726,residential,Sri Balaji Emerald
1344779728,1344779728,residential,Fern's Residency - II
1344779729,1344779729,residential,nan
1344779730,1344779730,residential,Defence Enclave
1344809122,1344809122,residential,Ramachandrappa Enclave
1344809124,1344809124,residential,nan
1344809125,1344809125,residential,nan
1344809126,1344809126,residential,nan
1344809127,1344809127,residential,nan
1344809146,1344809146,residential,Muthu
1344809150,1344809150,residential,nan
1344812525,1344812525,commercial,nan
1344932558,1344932558,residential,nan
1344968632,1344968632,commercial,nan
1344973958,1344973958,residential,nan
1344974020,1344974020,residential,nan
1345406983,1345406983,residential,nan
1345406992,1345406992,residential,nan
1345637269,1345637269,residential,nan
1345637351,1345637351,commercial,nan
1345637353,1345637353,residential,Paramount Gardens
1345637373,1345637373,residential,Pearl Garden Layout
1346107536,1346107536,commercial,nan
1346107727,1346107727,residential,nan
1346107730,1346107730,residential,nan
1346107731,1346107731,residential,nan
1346107947,1346107947,residential,nan
1346107948,1346107948,commercial,nan
1346108046,1346108046,residential,YD Lotus Apartments
1346108047,1346108047,residential,Sycon Cressida
1346108050,1346108050,residential,Sycon Horamavu
1346588032,1346588032,residential,nan
1346607829,1346607829,residential,nan
1346651704,1346651704,residential,nan
1346655595,1346655595,residential,nan
1346655596,1346655596,residential,nan
1346665171,1346665171,residential,nan
1346840917,1346840917,residential,nan
1346902322,1346902322,residential,nan
1346902340,1346902340,residential,nan
1346908286,1346908286,residential,nan
1346908293,1346908293,residential,nan
1346908294,1346908294,residential,nan
1346908295,1346908295,commercial,nan
1346908296,1346908296,commercial,nan
1346908297,1346908297,residential,nan
1346908298,1346908298,residential,nan
1346908299,1346908299,residential,nan
1346908300,1346908300,residential,nan
1346908301,1346908301,commercial,nan
1346909990,1346909990,residential,Nava Vaibhava
1346909993,1346909993,residential,Samhita Sarovar
1346909995,1346909995,residential,High Rise Fort
1346909996,1346909996,residential,ASN Gardenia
1347077885,1347077885,residential,nan
1347077886,1347077886,commercial,nan
1347077887,1347077887,residential,nan
1347077888,1347077888,commercial,nan
1347080730,1347080730,residential,nan
1347104363,1347104363,commercial,nan
1347294336,1347294336,residential,nan
1347319067,1347319067,residential,nan
1347351939,1347351939,residential,nan
1347351987,1347351987,residential,nan
1347351997,1347351997,residential,nan
1347352017,1347352017,residential,nan
1347352035,1347352035,residential,nan
1347352085,1347352085,residential,nan
1347352086,1347352086,residential,nan
1347352090,1347352090,residential,nan
1347467941,1347467941,commercial,nan
1347467942,1347467942,commercial,nan
1347467982,1347467982,residential,nan
1347716559,1347716559,residential,nan
1347718938,1347718938,residential,nan
1347718943,1347718943,residential,nan
1347719879,1347719879,residential,nan
1347719896,1347719896,residential,nan
1347730429,1347730429,residential,nan
1347730441,1347730441,residential,nan
1347730471,1347730471,residential,nan
1347730472,1347730472,residential,SK Iris Apartments
1347735144,1347735144,residential,nan
1347735191,1347735191,residential,nan
1347735192,1347735192,residential,nan
1347735196,1347735196,residential,nan
1347735211,1347735211,residential,nan
1347916194,1347916194,residential,R&S Woodside Apartments
1347916195,1347916195,residential,Jain Heights
1348168063,1348168063,residential,nan
1348168069,1348168069,residential,nan
1348168080,1348168080,residential,nan
1348168084,1348168084,residential,nan
1348168085,1348168085,residential,nan
1348168090,1348168090,residential,UTC Quarters
1348168092,1348168092,residential,nan
1348168107,1348168107,residential,nan
1348168108,1348168108,residential,nan
1348168114,1348168114,residential,nan
1348168119,1348168119,residential,Income Tax & Central Excise Staff Quarters
1348168120,1348168120,residential,nan
1348168121,1348168121,residential,Income Tax & Central Excise Staff Quarters
1348168126,1348168126,commercial,nan
1348168130,1348168130,residential,Minister's Quarters
1348168131,1348168131,residential,Income Tax & Central Excise Staff Quarters
1348168132,1348168132,residential,nan
1348168134,1348168134,residential,nan
1348168193,1348168193,residential,nan
1348168196,1348168196,residential,nan
1348184918,1348184918,residential,nan
1348184919,1348184919,residential,nan
1348184920,1348184920,residential,nan
1348184921,1348184921,residential,nan
1348184922,1348184922,residential,nan
1348184923,1348184923,residential,nan
1348184924,1348184924,residential,nan
1348184925,1348184925,residential,nan
1348184926,1348184926,residential,nan
1348184927,1348184927,residential,nan
1348184928,1348184928,residential,nan
1348184929,1348184929,commercial,Hyde Park Hotel
1348184932,1348184932,residential,nan
1348184934,1348184934,residential,nan
1348184935,1348184935,residential,nan
1348184936,1348184936,residential,nan
1348184937,1348184937,residential,nan
1348184938,1348184938,residential,nan
1348184940,1348184940,residential,nan
1348184941,1348184941,residential,nan
1348457510,1348457510,residential,nan
1348457521,1348457521,residential,nan
1348457526,1348457526,residential,Artha Zen Layout
1348650419,1348650419,residential,Jayaprakash Narayan Colony
1348688997,1348688997,residential,nan
1348692789,1348692789,residential,nan
1348692847,1348692847,residential,nan
1348696367,1348696367,residential,nan
1348696368,1348696368,residential,nan
1349149607,1349149607,residential,Prakruthi Urban Ville
1349149623,1349149623,residential,nan
1349194476,1349194476,commercial,nan
1349194483,1349194483,residential,nan
1349194500,1349194500,residential,nan
1349194511,1349194511,residential,Kensington Towers
1349194515,1349194515,commercial,nan
1349194553,1349194553,residential,Kalahalli BDA Quarters
1349755954,1349755954,residential,Cattleya - Sriven Nest
1349910407,1349910407,commercial,Tata Communication Limited
1349910409,1349910409,residential,nan
1349910410,1349910410,residential,nan
1349913838,1349913838,residential,nan
1349913881,1349913881,residential,Shruthi Enclave
1349913885,1349913885,residential,SKV Hanging Gardens
1349913928,1349913928,commercial,White Feather Wedding Hall
1349913951,1349913951,residential,nan
1349913963,1349913963,residential,nan
1349974769,1349974769,residential,Maangalya Park Avenue
1349974780,1349974780,residential,Navrathan Gardens
1349974800,1349974800,residential,Chartered Hummingbird
1349974867,1349974867,residential,nan
1349974873,1349974873,residential,DS Max Swastik
1349974885,1349974885,commercial,Maharaja Palace
1349974920,1349974920,residential,nan
1349974924,1349974924,residential,nan
1349974944,1349974944,residential,nan
1349974952,1349974952,residential,nan
1349977179,1349977179,commercial,nan
1349977181,1349977181,commercial,nan
1349977193,1349977193,commercial,nan
1350390249,1350390249,commercial,nan
1350390256,1350390256,residential,nan
1350390257,1350390257,residential,nan
1350390258,1350390258,residential,nan
1350390259,1350390259,residential,nan
1350390260,1350390260,residential,nan
1350390261,1350390261,residential,nan
1350390262,1350390262,residential,nan
1350409168,1350409168,residential,nan
1350409169,1350409169,residential,nan
1350409173,1350409173,residential,nan
1350409175,1350409175,residential,nan
1350409176,1350409176,residential,nan
1350600861,1350600861,residential,nan
1350892103,1350892103,commercial,nan
1350892104,1350892104,commercial,nan
1350892116,1350892116,commercial,nan
1350892128,1350892128,commercial,Sam Palace
1350892144,1350892144,residential,Whispering Gardens
1350892150,1350892150,commercial,nan
1350892154,1350892154,commercial,nan
1350892216,1350892216,commercial,nan
1350961357,1350961357,residential,Greenery Apartments
1350961358,1350961358,commercial,nan
1350961359,1350961359,commercial,nan
1350961364,1350961364,residential,nan
1350961365,1350961365,commercial,nan
1350961372,1350961372,commercial,nan
1350961373,1350961373,commercial,LK Trust
1350961378,1350961378,residential,nan
1350961385,1350961385,commercial,nan
1350961387,1350961387,residential,nan
1350961394,1350961394,commercial,nan
1350961397,1350961397,residential,Shiv Darshan Apartments
1350961405,1350961405,commercial,nan
1350961427,1350961427,commercial,nan
1351244184,1351244184,residential,nan
1351755079,1351755079,residential,nan
1351758488,1351758488,residential,Pavani Sreshta
1351758489,1351758489,residential,Pavani Vishishta
1351758494,1351758494,residential,nan
1351758495,1351758495,residential,nan
1351758496,1351758496,residential,nan
1351989719,1351989719,residential,West Village
1351989771,1351989771,commercial,nan
1351989868,1351989868,commercial,BRS Grandeur
1351989870,1351989870,residential,Rainbow Kishore Glendale
1351989874,1351989874,residential,nan
1352282798,1352282798,residential,Mantri Lakeview
1352323160,1352323160,residential,nan
1352323161,1352323161,residential,nan
1352323162,1352323162,residential,nan
1352350875,1352350875,residential,nan
1352820663,1352820663,residential,KEB Quaters
1353057320,1353057320,residential,HMT Quarters
1353057321,1353057321,residential,HMT Quarters
1353147567,1353147567,residential,SLV Soumyasree Park View
1353195971,1353195971,commercial,nan
1353195972,1353195972,commercial,nan
1353405523,1353405523,commercial,nan
1353405538,1353405538,commercial,nan
1353405539,1353405539,commercial,nan
1353425202,1353425202,residential,nan
1353593037,1353593037,residential,Shri Sai Lake Ville
1353595902,1353595902,residential,29
1353666172,1353666172,residential,Prestige Marrakesh
1353687266,1353687266,residential,nan
1353687267,1353687267,residential,nan
1353687268,1353687268,residential,nan
1353687269,1353687269,residential,nan
1353687270,1353687270,residential,nan
1353687271,1353687271,residential,nan
1353687272,1353687272,residential,nan
1353687276,1353687276,residential,nan
1353687277,1353687277,residential,nan
1354098089,1354098089,residential,nan
1354138782,1354138782,residential,nan
1354138783,1354138783,commercial,nan
1354211494,1354211494,commercial,nan
1354218970,1354218970,residential,nan
1354218972,1354218972,residential,Prestige Richmond
1354224286,1354224286,commercial,Prestige Sigma
1354224287,1354224287,commercial,UB Plaza
1354228113,1354228113,commercial,Salarpuria Infinity
1354228614,1354228614,commercial,Uma Admirality
1354229628,1354229628,commercial,IBC Knowlegde Park
1354597957,1354597957,residential,Saranya Soham
1354858901,1354858901,residential,nan
1354858902,1354858902,residential,nan
1354858903,1354858903,commercial,City Central Library
1354858904,1354858904,residential,nan
1354858905,1354858905,residential,nan
1354858906,1354858906,residential,nan
1354858907,1354858907,residential,nan
1354858908,1354858908,residential,nan
1354864884,1354864884,residential,PM Narayana Swamy Paradise
1354877227,1354877227,commercial,nan
1355301437,1355301437,residential,Ramakka Property
1355955902,1355955902,residential,nan
1355958859,1355958859,residential,nan
1356575404,1356575404,residential,nan
1356594050,1356594050,commercial,nan
1356594051,1356594051,residential,Balaji Garden
1356594062,1356594062,residential,nan
1356597059,1356597059,residential,nan
1356597060,1356597060,residential,Windsor Amulyam
1356597072,1356597072,residential,nan
1356597081,1356597081,residential,nan
1356597105,1356597105,residential,nan
1356597106,1356597106,residential,nan
1356597112,1356597112,residential,Valmark Ananda
1356597119,1356597119,residential,Maitreyi Aikya
1356597134,1356597134,commercial,nan
1356599442,1356599442,residential,nan
1356599443,1356599443,residential,nan
1356599444,1356599444,residential,nan
1356599445,1356599445,residential,nan
1356602183,1356602183,residential,BTM Meadows
1356603105,1356603105,residential,nan
1356603106,1356603106,residential,nan
1356603108,1356603108,commercial,nan
1357194962,1357194962,residential,nan
1357701141,1357701141,commercial,nan
1359580721,1359580721,residential,nan
1359580722,1359580722,residential,nan
1359580723,1359580723,residential,nan
1359580724,1359580724,residential,nan
1359580725,1359580725,residential,nan
1359580726,1359580726,residential,nan
1359580727,1359580727,residential,nan
1359580728,1359580728,residential,nan
1359580729,1359580729,residential,nan
1359580737,1359580737,residential,nan
1359580738,1359580738,residential,nan
1359580746,1359580746,commercial,Ranganatha Swamy Kalyana Mantapa
1359581575,1359581575,commercial,nan
1360499573,1360499573,commercial,nan
1360499574,1360499574,residential,nan
1360499575,1360499575,residential,nan
1360810562,1360810562,commercial,nan
1360924203,1360924203,residential,nan
1360924208,1360924208,residential,nan
1360924211,1360924211,residential,Spring Dale Layout
1361493526,1361493526,residential,nan
1361493527,1361493527,commercial,nan
1361493530,1361493530,commercial,nan
1361493535,1361493535,commercial,nan
1361493553,1361493553,residential,nan
1361493555,1361493555,commercial,nan
1361893656,1361893656,residential,Aishwarya Ornate Apartments
1361893658,1361893658,commercial,Sarathi International Inc.
1361893659,1361893659,commercial,Siddhalingeswara Theatre
1361893660,1361893660,commercial,Siddheswara Theatre
1361893661,1361893661,residential,nan
1361893662,1361893662,residential,nan
1361893707,1361893707,commercial,nan
1361893710,1361893710,residential,nan
1361893711,1361893711,residential,nan
1361893773,1361893773,residential,nan
1361893774,1361893774,residential,nan
1361929843,1361929843,commercial,nan
1363015348,1363015348,residential,BDA Flats
1363015972,1363015972,residential,nan
1363015980,1363015980,commercial,Bengaluru Vihara Kendra
1363265484,1363265484,residential,nan
1363505031,1363505031,residential,nan
1363505032,1363505032,residential,nan
1363505089,1363505089,residential,nan
1363505139,1363505139,residential,nan
1363505179,1363505179,residential,nan
1363505180,1363505180,residential,nan
1363505303,1363505303,residential,nan
1363505319,1363505319,residential,nan
1363505337,1363505337,residential,nan
1363505363,1363505363,residential,nan
1363505364,1363505364,residential,nan
1363615981,1363615981,residential,KSDB Quarters
1363623338,1363623338,residential,nan
1363623339,1363623339,residential,nan
1363623340,1363623340,residential,nan
1363623350,1363623350,residential,nan
1363623351,1363623351,residential,nan
1363623352,1363623352,residential,nan
1363623353,1363623353,residential,nan
1363623432,1363623432,residential,nan
1363623480,1363623480,residential,nan
1363623481,1363623481,residential,nan
1363623482,1363623482,residential,nan
1363623483,1363623483,residential,nan
1363777221,1363777221,commercial,HP Petrol Pump
1363777230,1363777230,residential,nan
1363777231,1363777231,residential,nan
1363777253,1363777253,residential,nan
1363777254,1363777254,residential,nan
1363777255,1363777255,residential,nan
1363777256,1363777256,commercial,nan
1363777257,1363777257,commercial,nan
1363777288,1363777288,residential,nan
1363777308,1363777308,residential,nan
1363777309,1363777309,residential,nan
1363777310,1363777310,residential,nan
1363777326,1363777326,residential,nan
1363777348,1363777348,residential,Harmony Apartments
1363777351,1363777351,residential,nan
1363777352,1363777352,residential,nan
1363777361,1363777361,residential,nan
1363777362,1363777362,residential,nan
1363777363,1363777363,residential,nan
1363777397,1363777397,residential,nan
1363777398,1363777398,residential,nan
1363777399,1363777399,residential,nan
1363777431,1363777431,residential,nan
1363777432,1363777432,residential,nan
1363777433,1363777433,residential,nan
1363786911,1363786911,residential,Rajatha Greens
1363787033,1363787033,commercial,nan
1363787034,1363787034,commercial,nan
1363963964,1363963964,residential,nan
1363963981,1363963981,residential,nan
1363975843,1363975843,residential,nan
1363975844,1363975844,residential,nan
1363975845,1363975845,residential,nan
1363975846,1363975846,residential,nan
1363975863,1363975863,residential,nan
1363975864,1363975864,residential,nan
1363975922,1363975922,residential,nan
1363975953,1363975953,residential,nan
1363975979,1363975979,residential,nan
1363976010,1363976010,residential,nan
1363976032,1363976032,residential,Samhita Orchid
1363976035,1363976035,residential,Chowdeshwari Lake View Homes
1363986201,1363986201,residential,nan
1363986240,1363986240,residential,Devagiri Emeralds
1363986244,1363986244,residential,nan
1363986256,1363986256,residential,nan
1364015886,1364015886,residential,nan
1364015992,1364015992,residential,nan
1364015994,1364015994,residential,nan
1364015995,1364015995,residential,nan
1364015996,1364015996,residential,nan
1364015997,1364015997,residential,nan
1364015998,1364015998,residential,nan
1364015999,1364015999,residential,nan
1364016000,1364016000,residential,nan
1364016001,1364016001,residential,nan
1364016002,1364016002,residential,nan
1364016003,1364016003,residential,nan
1364016029,1364016029,residential,nan
1364016030,1364016030,residential,nan
1364046419,1364046419,commercial,nan
1364046420,1364046420,commercial,nan
1364046429,1364046429,residential,nan
1364046430,1364046430,residential,nan
1364046431,1364046431,residential,nan
1364046435,1364046435,residential,nan
1364046436,1364046436,residential,nan
1364046465,1364046465,residential,nan
1364046466,1364046466,commercial,nan
1364046467,1364046467,commercial,nan
1364046468,1364046468,commercial,nan
1364046469,1364046469,residential,nan
1364046473,1364046473,residential,nan
1364046474,1364046474,residential,nan
1364046488,1364046488,residential,nan
1364046489,1364046489,residential,nan
1364046491,1364046491,residential,nan
1364046496,1364046496,residential,nan
1364046497,1364046497,residential,nan
1364046499,1364046499,residential,nan
1364046507,1364046507,residential,nan
1364046508,1364046508,residential,nan
1364046513,1364046513,residential,nan
1364046514,1364046514,residential,nan
1364046515,1364046515,residential,nan
1364046517,1364046517,residential,nan
1364046521,1364046521,residential,Duke's Mansion
1364046525,1364046525,residential,nan
1364046526,1364046526,residential,nan
1364046527,1364046527,residential,nan
1364046528,1364046528,commercial,nan
1364046535,1364046535,commercial,nan
1364056310,1364056310,residential,nan
1364056317,1364056317,residential,nan
1364056332,1364056332,residential,nan
1364056334,1364056334,commercial,Sri Lakshmi Srinivasa Kalyana Mantapa
1364056360,1364056360,residential,nan
1364056365,1364056365,residential,nan
1364056381,1364056381,residential,nan
1364056382,1364056382,residential,nan
1364056387,1364056387,residential,nan
1364056388,1364056388,residential,nan
1364056389,1364056389,residential,nan
1364056390,1364056390,residential,nan
1364056402,1364056402,residential,nan
1364056403,1364056403,residential,nan
1364056404,1364056404,residential,nan
1364056409,1364056409,residential,nan
1364056410,1364056410,residential,nan
1364056411,1364056411,residential,nan
1364168952,1364168952,commercial,nan
1364170756,1364170756,commercial,nan
1364170757,1364170757,commercial,nan
1364208206,1364208206,residential,nan
1364208207,1364208207,residential,nan
1364412054,1364412054,residential,nan
1364412055,1364412055,commercial,nan
1364412057,1364412057,commercial,nan
1364412058,1364412058,commercial,nan
1364433562,1364433562,residential,Annragh Green Earth
1364433563,1364433563,residential,nan
1364481599,1364481599,commercial,Banaswadi Fire Station
1364697717,1364697717,commercial,nan
1365359448,1365359448,residential,GK Lakeview Apartments
1365359457,1365359457,residential,nan
1365359459,1365359459,residential,nan
1365359469,1365359469,residential,nan
1365359470,1365359470,residential,nan
1365359471,1365359471,commercial,nan
1365364522,1365364522,commercial,Le Terra Gardens
1365455957,1365455957,residential,nan
1365455988,1365455988,residential,nan
1365456077,1365456077,residential,nan
1365456078,1365456078,residential,nan
1365459478,1365459478,residential,nan
1365459479,1365459479,residential,nan
1365459565,1365459565,residential,nan
1365459566,1365459566,residential,nan
1365459567,1365459567,residential,nan
1365459569,1365459569,residential,nan
1365459570,1365459570,residential,nan
1365459571,1365459571,residential,nan
1365459604,1365459604,residential,nan
1365463944,1365463944,commercial,nan
1365489281,1365489281,residential,nan
1365489285,1365489285,residential,Mahaveer Lakes
1365989874,1365989874,residential,nan
1366161301,1366161301,residential,Samriddhi Gardenia
1366176167,1366176167,residential,nan
1366176283,1366176283,residential,nan
1366188248,1366188248,residential,nan
1366473493,1366473493,residential,nan
1366473506,1366473506,residential,nan
1366473543,1366473543,residential,nan
1366473941,1366473941,commercial,nan
1366473943,1366473943,residential,nan
1366473944,1366473944,residential,nan
1366473945,1366473945,residential,nan
1366533347,1366533347,residential,nan
1366533349,1366533349,residential,nan
1366533353,1366533353,residential,nan
1366533354,1366533354,residential,nan
1366533517,1366533517,residential,nan
1366533549,1366533549,residential,nan
1366533550,1366533550,residential,nan
1366533556,1366533556,residential,nan
1366533593,1366533593,residential,nan
1366533594,1366533594,residential,nan
1366533610,1366533610,residential,nan
1366533611,1366533611,residential,nan
1366533654,1366533654,residential,nan
1366533705,1366533705,residential,Keerthi Royale
1366533707,1366533707,commercial,nan
1366533708,1366533708,residential,nan
1366533709,1366533709,residential,nan
1366533710,1366533710,residential,nan
1366549691,1366549691,residential,nan
1366549692,1366549692,residential,nan
1366549693,1366549693,residential,nan
1366549694,1366549694,residential,nan
1366568735,1366568735,residential,nan
1366568747,1366568747,residential,nan
1366568748,1366568748,residential,nan
1366568779,1366568779,residential,nan
1366568780,1366568780,residential,nan
1366568781,1366568781,residential,nan
1366568782,1366568782,residential,nan
1366568783,1366568783,residential,nan
1366568945,1366568945,residential,nan
1366568946,1366568946,residential,nan
1366568947,1366568947,residential,nan
1366568948,1366568948,residential,nan
1366625026,1366625026,commercial,nan
1366625027,1366625027,residential,nan
1366625028,1366625028,residential,nan
1366625034,1366625034,residential,nan
1366625035,1366625035,residential,nan
1366625038,1366625038,commercial,nan
1366625047,1366625047,residential,nan
1366625048,1366625048,residential,nan
1366656565,1366656565,residential,nan
1366656566,1366656566,residential,nan
1366656612,1366656612,residential,nan
1366656613,1366656613,residential,nan
1366656614,1366656614,residential,nan
1366656615,1366656615,residential,nan
1366656616,1366656616,residential,nan
1366656618,1366656618,commercial,nan
1366656619,1366656619,commercial,BESCOM
1366656620,1366656620,commercial,Banaswadi Police Station
1366656622,1366656622,commercial,nan
1366656623,1366656623,commercial,nan
1366656624,1366656624,commercial,nan
1366656625,1366656625,residential,nan
1366656626,1366656626,residential,nan
1366656628,1366656628,commercial,Cosmic Culture Research Centre
1366656629,1366656629,residential,nan
1366656630,1366656630,commercial,nan
1366656635,1366656635,residential,nan
1366656636,1366656636,residential,nan
1366656637,1366656637,residential,nan
1366656638,1366656638,commercial,nan
1366744120,1366744120,residential,nan
1366744135,1366744135,residential,nan
1366744184,1366744184,commercial,nan
1366744367,1366744367,residential,nan
1368013276,1368013276,commercial,The Olive Hotel
1368127245,1368127245,commercial,nan
1368127298,1368127298,residential,nan
1368127299,1368127299,residential,nan
1368127300,1368127300,residential,nan
1368127301,1368127301,residential,nan
1368127302,1368127302,residential,nan
1368127303,1368127303,residential,nan
1368127304,1368127304,residential,nan
1368127314,1368127314,residential,nan
1368127315,1368127315,residential,nan
1369543673,1369543673,residential,Sri Venkateshwara Residency
1369673168,1369673168,commercial,nan
1369673169,1369673169,residential,nan
1369673170,1369673170,commercial,nan
1370045550,1370045550,commercial,AV Varadachar Kalakshetra
1370045558,1370045558,commercial,Badaganadu Sangha Convention Hall
1370045562,1370045562,residential,nan
1370045563,1370045563,residential,nan
1370045565,1370045565,commercial,nan
1370050083,1370050083,residential,Donata Marvel
1370050106,1370050106,commercial,nan
1370050110,1370050110,commercial,nan
1370235859,1370235859,residential,nan
1370235860,1370235860,residential,nan
1370235861,1370235861,residential,nan
1370235862,1370235862,residential,nan
1370235863,1370235863,residential,nan
1370883593,1370883593,residential,nan
1370883594,1370883594,residential,nan
1370883595,1370883595,commercial,nan
1371021636,1371021636,residential,nan
1371872721,1371872721,residential,ATZ Estrella
1371961883,1371961883,residential,nan
1371962901,1371962901,residential,nan
1371962902,1371962902,residential,nan
1371962903,1371962903,residential,nan
1372019612,1372019612,residential,nan
1372019613,1372019613,residential,nan
1372019614,1372019614,residential,nan
1372019615,1372019615,residential,nan
1372097655,1372097655,residential,nan
1372097656,1372097656,residential,nan
1372097657,1372097657,residential,nan
1372097658,1372097658,residential,nan
1372097659,1372097659,residential,nan
1372097660,1372097660,residential,nan
1372097661,1372097661,residential,nan
1372261991,1372261991,residential,Kristal Halite
1373240209,1373240209,residential,nan
1373258883,1373258883,residential,nan
1373258884,1373258884,residential,nan
1373258885,1373258885,residential,nan
1373258886,1373258886,residential,nan
1373341012,1373341012,residential,nan
1373341021,1373341021,residential,nan
1373341022,1373341022,residential,nan
1373341023,1373341023,residential,nan
1373341024,1373341024,residential,nan
1373341025,1373341025,residential,nan
1373341026,1373341026,residential,nan
1373341029,1373341029,residential,nan
1373341030,1373341030,residential,nan
1373341031,1373341031,residential,nan
1373341032,1373341032,residential,nan
1373341033,1373341033,residential,nan
1373341056,1373341056,residential,nan
1373341074,1373341074,residential,nan
1373341075,1373341075,residential,nan
1373375515,1373375515,residential,nan
1373375518,1373375518,residential,nan
1373375524,1373375524,residential,nan
1373375550,1373375550,residential,nan
1373375619,1373375619,residential,nan
1373375621,1373375621,residential,nan
1373375622,1373375622,residential,nan
1373375623,1373375623,residential,nan
1373375628,1373375628,residential,nan
1373375657,1373375657,residential,nan
1373375658,1373375658,residential,nan
1373455681,1373455681,residential,nan
1373455703,1373455703,residential,nan
1373455706,1373455706,residential,nan
1373455707,1373455707,residential,nan
1373455766,1373455766,residential,nan
1373455767,1373455767,residential,nan
1373455768,1373455768,residential,nan
1373455769,1373455769,residential,nan
1373681406,1373681406,residential,Dhrithi
1373681958,1373681958,residential,Mahanidhi Residency
1374095411,1374095411,commercial,Golden Tower
1375169166,1375169166,residential,Sapthagiri Towers
1375169169,1375169169,residential,nan
1375169172,1375169172,commercial,nan
1375169173,1375169173,residential,nan
1375338870,1375338870,residential,nan
1375338895,1375338895,residential,nan
1375338896,1375338896,residential,nan
1375338897,1375338897,residential,nan
1375338898,1375338898,residential,nan
1375338899,1375338899,residential,nan
1375339306,1375339306,commercial,nan
1375341838,1375341838,residential,nan
1375476568,1375476568,residential,nan
1375476569,1375476569,residential,nan
1375602182,1375602182,residential,nan
1375804999,1375804999,residential,nan
1375805000,1375805000,residential,nan
1375805001,1375805001,residential,nan
1375805002,1375805002,residential,nan
1375805003,1375805003,residential,nan
1375805004,1375805004,residential,nan
1375805005,1375805005,residential,nan
1375805007,1375805007,residential,nan
1375805008,1375805008,residential,nan
1375805010,1375805010,residential,nan
1375805011,1375805011,residential,nan
1375805028,1375805028,residential,nan
1375835884,1375835884,residential,nan
1375841415,1375841415,residential,nan
1375841416,1375841416,residential,nan
1375841417,1375841417,residential,nan
1375841418,1375841418,residential,nan
1375841419,1375841419,residential,nan
1375841420,1375841420,residential,nan
1375841421,1375841421,residential,nan
1375841422,1375841422,residential,nan
1375904077,1375904077,residential,nan
1376013713,1376013713,residential,nan
1376522579,1376522579,residential,nan
1376987303,1376987303,commercial,Sabha
1377247103,1377247103,residential,nan
1377252071,1377252071,residential,nan
1377611626,1377611626,residential,Balaji Layout
1377840873,1377840873,residential,nan
1377961751,1377961751,residential,nan
1377961810,1377961810,residential,Gagan Gauravi Apartments
1377961839,1377961839,residential,nan
1377975875,1377975875,residential,nan
1377975876,1377975876,residential,nan
1377975877,1377975877,residential,nan
1377975878,1377975878,residential,nan
1377975884,1377975884,residential,nan
1377975920,1377975920,residential,nan
1377975921,1377975921,residential,nan
1377975922,1377975922,residential,nan
1377975934,1377975934,residential,nan
1377975944,1377975944,residential,nan
1377975945,1377975945,residential,nan
1377975946,1377975946,residential,nan
1377975948,1377975948,residential,nan
1377975949,1377975949,residential,nan
1377976075,1377976075,residential,nan
1377976081,1377976081,residential,nan
1377976927,1377976927,residential,nan
1377976930,1377976930,residential,nan
1377976961,1377976961,residential,nan
1377976962,1377976962,residential,nan
1377976963,1377976963,residential,nan
1377976964,1377976964,residential,nan
1377976965,1377976965,residential,nan
1377976966,1377976966,residential,nan
1377976998,1377976998,commercial,nan
1378386896,1378386896,residential,nan
1378386914,1378386914,residential,nan
1378386915,1378386915,residential,nan
1378386938,1378386938,residential,nan
1378386966,1378386966,residential,nan
1378386982,1378386982,residential,nan
1378386997,1378386997,residential,nan
1378387009,1378387009,residential,nan
1378387010,1378387010,residential,nan
1378387011,1378387011,residential,nan
1378387012,1378387012,residential,nan
1378387017,1378387017,residential,nan
1378387018,1378387018,residential,nan
1378387019,1378387019,residential,nan
1378387020,1378387020,residential,nan
1378387025,1378387025,residential,nan
1378387026,1378387026,residential,nan
1378387047,1378387047,residential,nan
1378387057,1378387057,residential,nan
1378387067,1378387067,residential,nan
1378387068,1378387068,residential,nan
1378387102,1378387102,residential,nan
1378387114,1378387114,residential,nan
1378387117,1378387117,residential,nan
1378387126,1378387126,residential,nan
1378566414,1378566414,residential,nan
1378566443,1378566443,residential,nan
1378566474,1378566474,residential,nan
1378566502,1378566502,residential,nan
1378566517,1378566517,residential,nan
1378566533,1378566533,residential,nan
1378566540,1378566540,residential,nan
1378566541,1378566541,residential,nan
1378566549,1378566549,residential,nan
1378566554,1378566554,residential,nan
1378566578,1378566578,residential,nan
1378566606,1378566606,residential,nan
1378572741,1378572741,commercial,BSNL Telephone Exchange
1378572742,1378572742,residential,nan
1378572754,1378572754,residential,nan
1378572755,1378572755,residential,nan
1378572756,1378572756,residential,nan
1378572757,1378572757,residential,nan
1378572758,1378572758,residential,nan
1378572789,1378572789,residential,nan
1378572801,1378572801,residential,nan
1378572831,1378572831,residential,nan
1378572840,1378572840,residential,nan
1378572857,1378572857,residential,nan
1378572858,1378572858,residential,nan
1378572859,1378572859,residential,nan
1378572860,1378572860,commercial,nan
1378572861,1378572861,residential,nan
1378572867,1378572867,residential,nan
1378572878,1378572878,residential,nan
1378572885,1378572885,residential,nan
1378923057,1378923057,commercial,Ramana Maharshi Heritage Auditorium
1378923059,1378923059,residential,nan
1378923060,1378923060,residential,nan
1378923062,1378923062,commercial,nan
1378923065,1378923065,residential,nan
1378923066,1378923066,commercial,nan
1378923077,1378923077,residential,nan
1378923100,1378923100,residential,nan
1378923125,1378923125,residential,nan
1378926226,1378926226,residential,nan
1378926231,1378926231,residential,nan
1378926271,1378926271,residential,nan
1378926272,1378926272,residential,nan
1378947159,1378947159,residential,nan
1378947160,1378947160,residential,nan
1379017113,1379017113,commercial,nan
1379017115,1379017115,residential,nan
1379017121,1379017121,residential,nan
1379017122,1379017122,residential,nan
1379017123,1379017123,residential,nan
1379017125,1379017125,residential,nan
1379017126,1379017126,residential,Mulberry Lane
1379017127,1379017127,commercial,nan
1379017133,1379017133,residential,nan
1379082674,1379082674,residential,nan
1379082678,1379082678,residential,nan
1379082685,1379082685,residential,nan
1379082697,1379082697,residential,nan
1379082706,1379082706,residential,nan
1379082716,1379082716,residential,nan
1379082729,1379082729,residential,nan
1379082736,1379082736,residential,nan
1379082738,1379082738,residential,nan
1379091712,1379091712,residential,nan
1379091713,1379091713,residential,nan
1379091717,1379091717,residential,nan
1379091733,1379091733,residential,nan
1379091738,1379091738,residential,nan
1379091750,1379091750,residential,nan
1379091775,1379091775,residential,nan
1379091776,1379091776,residential,nan
1379091786,1379091786,residential,nan
1379091795,1379091795,residential,nan
1379091800,1379091800,residential,nan
1379091826,1379091826,residential,nan
1379091835,1379091835,residential,nan
1379091836,1379091836,residential,nan
1379091848,1379091848,residential,nan
1379091858,1379091858,residential,nan
1379091859,1379091859,residential,nan
1379107036,1379107036,residential,Aashraaya Citadel
1379384265,1379384265,residential,nan
1379384304,1379384304,residential,nan
1379384305,1379384305,residential,nan
1379384337,1379384337,residential,nan
1379384367,1379384367,residential,nan
1379384368,1379384368,residential,nan
1379384369,1379384369,residential,nan
1379384378,1379384378,residential,nan
1379384403,1379384403,residential,nan
1379384404,1379384404,residential,nan
1379384405,1379384405,residential,nan
1379384406,1379384406,residential,nan
1379384456,1379384456,residential,nan
1379384466,1379384466,residential,nan
1379384467,1379384467,residential,nan
1379543541,1379543541,residential,Sobha Malachite
1379543544,1379543544,residential,Duo Residency
1379543554,1379543554,residential,Crown Aura
1379616868,1379616868,commercial,nan
1379616871,1379616871,commercial,nan
1379616873,1379616873,commercial,nan
1379629488,1379629488,residential,Krishna Gardenia
1379629489,1379629489,residential,Krishna Laburnum
1379629492,1379629492,residential,Prathamesh Apartments
1379629605,1379629605,residential,RK Gardens
1379681744,1379681744,residential,Manu Building
1380595908,1380595908,residential,nan
1381019966,1381019966,commercial,August Center
1381019968,1381019968,residential,MLN Signature
1381019973,1381019973,residential,Sundew Zrika
1381021055,1381021055,residential,nan
1381380894,1381380894,residential,nan
1381380901,1381380901,residential,nan
1381380902,1381380902,residential,nan
1381380912,1381380912,residential,nan
1381418976,1381418976,residential,nan
1381418987,1381418987,residential,nan
1381418990,1381418990,residential,nan
1381888159,1381888159,residential,nan
1381888160,1381888160,residential,nan
1381888161,1381888161,residential,nan
1382445527,1382445527,residential,nan
1383008157,1383008157,residential,nan
1383193995,1383193995,commercial,Yelahanka Telephone Exchange
1383194008,1383194008,residential,nan
1383201470,1383201470,residential,nan
1383201471,1383201471,residential,nan
1383201472,1383201472,residential,nan
1383201473,1383201473,residential,nan
1383201475,1383201475,residential,Sri Krishna Shrine Apartments
1383201478,1383201478,commercial,nan
1383201488,1383201488,residential,nan
1383201489,1383201489,residential,nan
1383201490,1383201490,residential,nan
1383201491,1383201491,residential,nan
1383201492,1383201492,residential,nan
1383201493,1383201493,residential,nan
1383201494,1383201494,residential,nan
1383201495,1383201495,residential,nan
1383201496,1383201496,residential,nan
1383201497,1383201497,residential,nan
1383201509,1383201509,residential,nan
1383201510,1383201510,residential,nan
1383201512,1383201512,residential,nan
1383201515,1383201515,residential,nan
1383279882,1383279882,residential,nan
1383279896,1383279896,residential,nan
1383279897,1383279897,residential,nan
1383279898,1383279898,residential,nan
1383279924,1383279924,commercial,nan
1383279925,1383279925,residential,nan
1383279945,1383279945,residential,nan
1383279947,1383279947,residential,nan
1383279963,1383279963,residential,nan
1383279980,1383279980,residential,nan
1383280001,1383280001,residential,nan
1383280015,1383280015,residential,nan
1383280026,1383280026,residential,nan
1383280050,1383280050,residential,nan
1383280074,1383280074,residential,nan
1383280095,1383280095,residential,nan
1383280115,1383280115,residential,nan
1383280116,1383280116,residential,nan
1383280117,1383280117,residential,nan
1383280147,1383280147,residential,nan
1383280155,1383280155,residential,nan
1383280163,1383280163,commercial,Rockline Studios
1383280165,1383280165,residential,nan
1383280183,1383280183,residential,nan
1383280184,1383280184,residential,nan
1383280198,1383280198,residential,nan
1383280203,1383280203,residential,nan
1383280219,1383280219,residential,nan
1383280242,1383280242,residential,nan
1383280253,1383280253,residential,nan
1383280259,1383280259,residential,nan
1383280265,1383280265,residential,nan
1383280273,1383280273,residential,nan
1383280285,1383280285,residential,nan
1383280300,1383280300,residential,nan
1383280305,1383280305,residential,nan
1383280317,1383280317,commercial,nan
1383280319,1383280319,residential,nan
1383280325,1383280325,residential,nan
1383280336,1383280336,residential,nan
1383280353,1383280353,residential,nan
1383280365,1383280365,residential,nan
1383280373,1383280373,residential,nan
1383280384,1383280384,residential,nan
1383280387,1383280387,residential,nan
1383280388,1383280388,residential,nan
1383280389,1383280389,residential,nan
1383280390,1383280390,residential,nan
1383284328,1383284328,residential,nan
1383284338,1383284338,residential,nan
1383284339,1383284339,residential,nan
1383284355,1383284355,residential,nan
1383284356,1383284356,residential,nan
1383284357,1383284357,residential,nan
1383521651,1383521651,residential,nan
1383521652,1383521652,residential,nan
1383521655,1383521655,residential,nan
1383521656,1383521656,residential,nan
1383521658,1383521658,residential,nan
1383521663,1383521663,residential,nan
1383521669,1383521669,residential,nan
1383521679,1383521679,residential,nan
1383521680,1383521680,residential,nan
1383521696,1383521696,residential,BWSSB Quarters
1383521704,1383521704,residential,nan
1383521712,1383521712,residential,BHEL SBD Township A
1383521713,1383521713,residential,nan
1383526734,1383526734,residential,nan
1383579870,1383579870,residential,nan
1383925231,1383925231,residential,nan
1385084875,1385084875,residential,Byrathi Suresh
1385087385,1385087385,residential,nan
1385087387,1385087387,residential,nan
1385089157,1385089157,commercial,nan
1385089158,1385089158,commercial,nan
1385089159,1385089159,commercial,nan
1385223885,1385223885,residential,nan
1385223886,1385223886,residential,nan
1385223887,1385223887,residential,nan
1385223888,1385223888,residential,nan
1385223889,1385223889,residential,nan
1385223890,1385223890,residential,nan
1385223891,1385223891,residential,nan
1385223892,1385223892,residential,nan
1385223893,1385223893,residential,nan
1385496225,1385496225,residential,nan
1385496226,1385496226,residential,nan
1385496227,1385496227,residential,nan
1385496228,1385496228,residential,nan
1385496229,1385496229,residential,nan
1385496230,1385496230,residential,nan
1385496231,1385496231,residential,nan
1385496232,1385496232,residential,nan
1385496234,1385496234,residential,nan
1385496235,1385496235,residential,nan
1385609201,1385609201,residential,nan
1385609234,1385609234,commercial,Central Bureau of Investigation - CBI
1385836578,1385836578,residential,nan
1385836580,1385836580,residential,nan
1386054451,1386054451,residential,DS Max Sankalp Manor
1386060478,1386060478,residential,nan
1386060479,1386060479,residential,nan
1386060480,1386060480,residential,nan
1386060492,1386060492,residential,nan
1386060493,1386060493,residential,nan
1386060494,1386060494,residential,nan
1386060495,1386060495,residential,nan
1386060557,1386060557,residential,nan
1386060572,1386060572,residential,nan
1386060573,1386060573,residential,nan
1386060574,1386060574,residential,nan
1386060575,1386060575,residential,nan
1386060675,1386060675,residential,nan
1386060676,1386060676,residential,nan
1386060677,1386060677,residential,nan
1386060679,1386060679,residential,nan
1386060680,1386060680,residential,nan
1386060682,1386060682,residential,nan
1386097317,1386097317,residential,Rose Mansion Apartment
1386128819,1386128819,residential,nan
1386128844,1386128844,residential,nan
1386128868,1386128868,residential,nan
1386128888,1386128888,residential,nan
1386128901,1386128901,residential,nan
1386128902,1386128902,residential,nan
1386128929,1386128929,residential,nan
1386128949,1386128949,residential,nan
1386128970,1386128970,residential,nan
1386128971,1386128971,residential,nan
1386128972,1386128972,residential,nan
1386156999,1386156999,residential,nan
1386157000,1386157000,residential,nan
1386157006,1386157006,residential,nan
1386157007,1386157007,commercial,nan
1386157009,1386157009,commercial,nan
1386157011,1386157011,residential,nan
1386157025,1386157025,residential,nan
1386157028,1386157028,residential,nan
1386157029,1386157029,residential,nan
1386157155,1386157155,residential,nan
1386468924,1386468924,residential,nan
1386468969,1386468969,residential,nan
1386514319,1386514319,commercial,nan
1386584004,1386584004,residential,nan
1386584005,1386584005,residential,nan
1386584006,1386584006,residential,nan
1386584007,1386584007,residential,nan
1386584008,1386584008,residential,nan
1386584009,1386584009,residential,nan
1386584026,1386584026,residential,nan
1386584027,1386584027,residential,nan
1386584028,1386584028,residential,nan
1386584029,1386584029,residential,nan
1386584030,1386584030,residential,nan
1386584031,1386584031,residential,nan
1386584032,1386584032,residential,nan
1386584072,1386584072,residential,nan
1386663341,1386663341,residential,nan
1386663342,1386663342,residential,nan
1386663343,1386663343,residential,nan
1386663345,1386663345,residential,Victorian Meadows
1387155185,1387155185,commercial,nan
1387946434,1387946434,residential,nan
1388140852,1388140852,residential,nan
1388143625,1388143625,residential,Maruti Apartments
1388143632,1388143632,residential,nan
1388143637,1388143637,residential,nan
1388428776,1388428776,residential,ND Sepal
1388440053,1388440053,residential,nan
1389714637,1389714637,commercial,nan
1389761625,1389761625,commercial,Zepto HQ-Bharat IT Park
1390079363,1390079363,residential,nan
1390079368,1390079368,residential,Government B. Ed. Boys Hostel
1390079374,1390079374,residential,Bhagwan Buddha Boys Hostel
1390079375,1390079375,residential,Vokkaligara Sangha Boys Hostel
1390079388,1390079388,commercial,nan
1390081778,1390081778,commercial,nan
1390081780,1390081780,residential,nan
1390081781,1390081781,residential,nan
1390296233,1390296233,residential,Thayappa Reddy Layout
1390995570,1390995570,commercial,nan
1390995589,1390995589,commercial,nan
1391137150,1391137150,residential,nan
1391367664,1391367664,residential,nan
1391367669,1391367669,commercial,nan
1391367670,1391367670,residential,nan
1391861754,1391861754,residential,nan
1391861758,1391861758,residential,Residential Quarters
1393083597,1393083597,commercial,nan
1393102034,1393102034,commercial,Kia
1393102044,1393102044,residential,nan
1393567646,1393567646,commercial,Tactical Arenas
1393770383,1393770383,residential,nan
1393770384,1393770384,residential,nan
1393770385,1393770385,residential,nan
1393770386,1393770386,residential,nan
1393770387,1393770387,commercial,nan
1393770388,1393770388,commercial,nan
1393770389,1393770389,residential,nan
1393770390,1393770390,residential,nan
1393770391,1393770391,residential,nan
1393770392,1393770392,residential,nan
1393770393,1393770393,residential,nan
1393795133,1393795133,residential,nan
1393795138,1393795138,residential,Salarpuria Sattva Kings Domain
1393795145,1393795145,residential,Jhunjhunwalas
1394111413,1394111413,residential,nan
1395462338,1395462338,residential,nan
1395462339,1395462339,residential,nan
1395462344,1395462344,residential,nan
1395462345,1395462345,residential,nan
1395462346,1395462346,residential,nan
1395462347,1395462347,commercial,nan
1395462348,1395462348,commercial,nan
1395462351,1395462351,residential,Bangalore University Women's Student Hostel
1395880705,1395880705,residential,nan
1395880710,1395880710,residential,nan
1395880719,1395880719,commercial,nan
1395880727,1395880727,commercial,nan
1395880728,1395880728,residential,Nava Vedantha
1395882885,1395882885,residential,nan
1395882887,1395882887,commercial,nan
1395882889,1395882889,residential,nan
1395900198,1395900198,residential,nan
1395900202,1395900202,residential,Venus Gardenia
1395900204,1395900204,residential,TZED Homes
1396156513,1396156513,residential,K.C.A layout
1396549911,1396549911,commercial,nan
1396730155,1396730155,residential,Government Colony
1409123682,1409123682,commercial,nan
1409178824,1409178824,residential,BDA Apartment
1409186536,1409186536,residential,PF Quarters
1409206804,1409206804,residential,BSR Mantralaya Phase 2
1409207925,1409207925,residential,Canara Bank Apartments
1409210195,1409210195,residential,EGPI Saathvi
1409264314,1409264314,residential,Eshwari Enclave
1409275403,1409275403,residential,Garudadri Springs
1409388218,1409388218,residential,Gurupriya Akashganga Apartment
1409389295,1409389295,residential,Happy Valley Pearl Apartment
1409392872,1409392872,residential,Hills View Meadows
1409393557,1409393557,residential,Hoysala Commanders Galleria
1409448968,1409448968,residential,Lakvin Elite
1409455722,1409455722,residential,Madku D Comforts
1409456407,1409456407,residential,Mahaveer Fortune
1409460002,1409460002,residential,Manjunatha Residency
1409461703,1409461703,residential,Maruthi Residency
1409465436,1409465436,residential,Model Terrace
1409477148,1409477148,residential,Oasis Vijaya
1409539453,1409539453,commercial,nan
1409539454,1409539454,residential,nan
1409539468,1409539468,commercial,nan
1409539470,1409539470,commercial,nan
1409548614,1409548614,residential,Hatha Coco Nest
1409652635,1409652635,residential,Om Sri Residency
1409652937,1409652937,residential,Parisara Flying View
1409658800,1409658800,residential,Real House Apartments
1409669292,1409669292,residential,Sai Gangothri Apartment
1409671647,1409671647,residential,Sai Paradise
1409671938,1409671938,residential,Sai Pavitra Amogh
1409687401,1409687401,residential,Sarang Parkway Apartment
1409688249,1409688249,residential,Saraswati Nivas
1409690960,1409690960,residential,Sashank Aikhya
1409697329,1409697329,residential,Sattva Shubham Apartment
1409713092,1409713092,commercial,SGR Plaza
1409715897,1409715897,residential,Shivaganga Swasthik
1409719383,1409719383,residential,Shrestha Pratham Apartments
1409730478,1409730478,residential,Siri Exotica
1409735273,1409735273,residential,SLS Silicon Valley
1409744433,1409744433,residential,nan
1409746910,1409746910,residential,Southern Manor Apartments
1409748581,1409748581,residential,Sri Krishna Residency
1409779171,1409779171,residential,Sri Venkateshwara Nilaya
1409804260,1409804260,residential,Srivara Vistara Apartment
1409805643,1409805643,residential,Camellia Elegant
1409814968,1409814968,residential,Surbacon Aspen
1410000965,1410000965,commercial,Sri Salsar Marble
1410000969,1410000969,commercial,nan
1410001063,1410001063,residential,nan
1410389149,1410389149,residential,nan
1410389157,1410389157,residential,nan
1410389158,1410389158,residential,nan
1410389184,1410389184,residential,nan
1410389190,1410389190,residential,nan
1410389191,1410389191,residential,nan
1410389192,1410389192,residential,nan
1410389198,1410389198,residential,nan
1410389393,1410389393,residential,nan
1410389520,1410389520,residential,nan
1410389521,1410389521,residential,LVS Elegance
1410389524,1410389524,residential,LVS Excellency
1410389530,1410389530,residential,nan
1410389533,1410389533,residential,nan
1410389538,1410389538,residential,nan
1410389539,1410389539,residential,Villa Maria
1410389587,1410389587,residential,Garuda Park Square
1410389593,1410389593,commercial,nan
1410852335,1410852335,commercial,nan
1410963055,1410963055,residential,nan
1411371800,1411371800,residential,nan
1411371801,1411371801,residential,nan
1411371806,1411371806,residential,nan
1411371808,1411371808,residential,nan
1411379478,1411379478,residential,nan
1411381115,1411381115,residential,Vaishno Seasons
1411408705,1411408705,residential,nan
1411408706,1411408706,residential,nan
1411408708,1411408708,residential,nan
1411408713,1411408713,residential,Ushodaya S Square
1411413066,1411413066,commercial,nan
1411461033,1411461033,residential,nan
1411461150,1411461150,residential,nan
1411461369,1411461369,commercial,Lotus Convention Centre
1411912783,1411912783,residential,nan
1411939822,1411939822,residential,nan
1412415463,1412415463,residential,nan
1412416154,1412416154,residential,nan
1412418274,1412418274,residential,nan
1412418275,1412418275,residential,nan
1412953915,1412953915,residential,Sri Tirumala Ambience
1412964975,1412964975,residential,Gravity Temple Bell Apartment
1413010466,1413010466,residential,Canopy Cologne
1413029964,1413029964,commercial,SMR Vinaya Estate
1413310958,1413310958,residential,Sandeep Vihar AWHO Apartments
1413523379,1413523379,commercial,nan
1413525539,1413525539,residential,nan
1413525540,1413525540,residential,nan
1413855773,1413855773,residential,nan
1413855774,1413855774,residential,nan
1414001450,1414001450,residential,nan
1414001451,1414001451,residential,nan
1414001452,1414001452,commercial,nan
1414001454,1414001454,residential,nan
1414001455,1414001455,residential,nan
1414001456,1414001456,residential,nan
1414001457,1414001457,residential,nan
1414001458,1414001458,residential,nan
1414001459,1414001459,residential,nan
1414001460,1414001460,residential,nan
1414001463,1414001463,commercial,nan
1414001465,1414001465,residential,nan
1414001466,1414001466,residential,nan
1414001467,1414001467,residential,nan
1414001468,1414001468,residential,nan
1414001469,1414001469,commercial,nan
1414001470,1414001470,residential,nan
1414001472,1414001472,residential,nan
1414001473,1414001473,residential,nan
1414001474,1414001474,commercial,nan
1414001475,1414001475,residential,nan
1414001476,1414001476,residential,nan
1414001477,1414001477,commercial,nan
1414001478,1414001478,commercial,nan
1414001479,1414001479,residential,nan
1414001480,1414001480,commercial,nan
1414001481,1414001481,residential,nan
1414001482,1414001482,commercial,nan
1414001483,1414001483,residential,nan
1414001484,1414001484,residential,nan
1414001485,1414001485,residential,nan
1414001486,1414001486,commercial,nan
1414001487,1414001487,commercial,nan
1414001488,1414001488,commercial,nan
1414001497,1414001497,residential,nan
1414001511,1414001511,residential,nan
1414001519,1414001519,residential,nan
1414001520,1414001520,residential,nan
1414001546,1414001546,residential,nan
1414001563,1414001563,residential,nan
1414001564,1414001564,residential,nan
1414002538,1414002538,residential,nan
1414003351,1414003351,residential,nan
1414003386,1414003386,commercial,nan
1414003388,1414003388,residential,Ecolife Elements of Nature
1414003396,1414003396,residential,Prestige Lavender Fields (u/c)
1414118855,1414118855,commercial,nan
1414466889,1414466889,residential,nan
1414466902,1414466902,residential,Adithya
1414466930,1414466930,residential,Saptagiri Nivas
1414469220,1414469220,commercial,nan
1414469226,1414469226,residential,nan
1414473387,1414473387,residential,Drumpellier
1414577201,1414577201,residential,nan
1414639366,1414639366,residential,nan
1414650727,1414650727,residential,nan
1414650728,1414650728,residential,nan
1414809360,1414809360,residential,nan
1414843113,1414843113,residential,nan
1414843116,1414843116,residential,nan
1415079197,1415079197,residential,nan
1415079198,1415079198,residential,nan
1415083363,1415083363,residential,nan
1415083445,1415083445,commercial,nan
1415580379,1415580379,residential,nan
1415580570,1415580570,residential,nan
1415914828,1415914828,commercial,Maruti Suzuki
1416027913,1416027913,residential,nan
1416027914,1416027914,residential,nan
1416027915,1416027915,residential,nan
1416027916,1416027916,residential,nan
1416027917,1416027917,residential,nan
1416027918,1416027918,residential,nan
1416027919,1416027919,residential,nan
1416028009,1416028009,residential,nan
1416028010,1416028010,residential,nan
1416028011,1416028011,residential,nan
1416028012,1416028012,residential,nan
1416028013,1416028013,residential,nan
1416028136,1416028136,residential,Landsowne
1416028426,1416028426,residential,nan
1416675105,1416675105,residential,JNNURM Quarters
1417238145,1417238145,residential,"Sudha Enterprises, No. 157, V R VIHAR,"
1418253589,1418253589,residential,nan
1418253604,1418253604,residential,nan
1418253605,1418253605,residential,nan
1418253606,1418253606,residential,nan
1418253607,1418253607,residential,nan
1418253608,1418253608,residential,nan
1418253609,1418253609,commercial,Bharat Sevashram Sangha
1418253610,1418253610,residential,nan
1418253611,1418253611,residential,nan
1418253612,1418253612,residential,nan
1418331246,1418331246,residential,nan
1418331305,1418331305,residential,nan
1418331309,1418331309,residential,nan
1418611894,1418611894,residential,nan
1418663994,1418663994,residential,nan
1418824968,1418824968,residential,nan
1418948135,1418948135,commercial,nan
1418971231,1418971231,commercial,Hilton Garden Inn Bengaluru Whitefield
1419156986,1419156986,residential,nan
1419156987,1419156987,residential,nan
1419156988,1419156988,residential,nan
1419165097,1419165097,residential,nan
1419219664,1419219664,commercial,nan
1419389598,1419389598,residential,Signature Park
1419389599,1419389599,residential,Pragati Layout
1419389605,1419389605,residential,nan
1419395020,1419395020,residential,nan
1419395034,1419395034,residential,nan
1419395035,1419395035,residential,nan
1419412633,1419412633,commercial,nan
1419422296,1419422296,commercial,nan
1419422297,1419422297,residential,nan
1419422741,1419422741,commercial,V Cinemas - Vijayalakshmi Theater
1419425208,1419425208,residential,nan
1419425222,1419425222,residential,Sobha Dream Acres Oasis
1419425229,1419425229,residential,nan
1419663685,1419663685,commercial,nan
1419884017,1419884017,residential,nan
1419884038,1419884038,residential,nan
1419884049,1419884049,residential,nan
1419884071,1419884071,residential,nan
1419884072,1419884072,residential,nan
1419884073,1419884073,residential,nan
1419884074,1419884074,residential,nan
1419884115,1419884115,residential,nan
1419884116,1419884116,residential,nan
1419894209,1419894209,residential,nan
1419894216,1419894216,residential,nan
1419894226,1419894226,residential,nan
1419894245,1419894245,residential,nan
1419894286,1419894286,residential,nan
1419894287,1419894287,residential,nan
1419894288,1419894288,residential,nan
1419896467,1419896467,residential,nan
1419896472,1419896472,residential,nan
1419896495,1419896495,residential,nan
1419896513,1419896513,residential,nan
1419896530,1419896530,residential,nan
1419896544,1419896544,residential,nan
1419896559,1419896559,residential,nan
1419896576,1419896576,residential,nan
1419896588,1419896588,residential,nan
1419896602,1419896602,residential,nan
1419979522,1419979522,residential,nan
1419979603,1419979603,residential,nan
1419979755,1419979755,residential,nan
1419994106,1419994106,residential,nan
1419994107,1419994107,residential,nan
1419994115,1419994115,residential,nan
1419994137,1419994137,residential,nan
1419994157,1419994157,residential,nan
1420149319,1420149319,residential,nan
1420149320,1420149320,residential,nan
1420149329,1420149329,residential,nan
1420318907,1420318907,residential,nan
1421090956,1421090956,commercial,nan
1421484076,1421484076,residential,nan
1421952649,1421952649,residential,nan
1421952667,1421952667,commercial,nan
1421952670,1421952670,residential,nan
1421952691,1421952691,residential,nan
1421952710,1421952710,residential,nan
1421952731,1421952731,residential,nan
1421952754,1421952754,residential,nan
1421952776,1421952776,residential,nan
1422508818,1422508818,commercial,GNR Kalyana Mantapa
1422675930,1422675930,residential,Prestige Botanique
1422677734,1422677734,residential,nan
1422781172,1422781172,residential,Shankara Lakeview
1422781177,1422781177,residential,SS Vrudhi
1422781178,1422781178,residential,Mahaveer Carnation
1422979174,1422979174,residential,nan
1422979175,1422979175,residential,nan
1422979176,1422979176,residential,nan
1422979177,1422979177,residential,nan
1422979178,1422979178,residential,nan
1422993549,1422993549,residential,nan
1423518850,1423518850,commercial,Karle Town Centre
1423779992,1423779992,residential,nan
1423880504,1423880504,commercial,Natyapriya's Nruthyakshetra School of Performing Arts
1423886989,1423886989,residential,nan
1423887046,1423887046,residential,nan
1424040649,1424040649,residential,nan
1424056933,1424056933,residential,nan
1424106515,1424106515,commercial,nan
1424733010,1424733010,residential,nan
1424933637,1424933637,residential,nan
1424933716,1424933716,residential,nan
1424933741,1424933741,residential,nan
1424933768,1424933768,residential,nan
1424933771,1424933771,residential,nan
1424933865,1424933865,residential,nan
1425005513,1425005513,commercial,Brigade Padmini Tech Valley
1425611582,1425611582,residential,nan
1425611597,1425611597,residential,nan
1425611607,1425611607,residential,nan
1425611608,1425611608,residential,nan
1425611609,1425611609,residential,nan
1425611610,1425611610,residential,nan
1425611611,1425611611,residential,nan
1425611612,1425611612,residential,nan
1425611613,1425611613,residential,nan
1425611614,1425611614,residential,nan
1425611615,1425611615,residential,nan
1425611617,1425611617,residential,nan
1425611619,1425611619,residential,nan
1425611641,1425611641,residential,nan
1425620934,1425620934,commercial,nan
1425620935,1425620935,commercial,nan
1425620940,1425620940,commercial,nan
1425620942,1425620942,commercial,nan
1425643294,1425643294,residential,nan
1425792871,1425792871,residential,Purple Woods
1425834251,1425834251,residential,nan
1425834252,1425834252,residential,nan
1425834253,1425834253,residential,nan
1425834267,1425834267,residential,nan
1425834268,1425834268,residential,nan
1425834327,1425834327,residential,nan
1425967091,1425967091,residential,nan
1425968757,1425968757,residential,nan
1425968758,1425968758,residential,nan
1425968759,1425968759,residential,nan
1425968760,1425968760,residential,nan
1425968763,1425968763,residential,nan
1425968764,1425968764,residential,nan
1425968765,1425968765,residential,nan
1426066748,1426066748,residential,nan
1426267703,1426267703,residential,nan
1426267704,1426267704,residential,nan
1426267726,1426267726,residential,nan
1426267729,1426267729,commercial,nan
1426267734,1426267734,residential,Chartered Coronet
1426267743,1426267743,residential,Masturlal
1426267780,1426267780,commercial,HDFC Bank ATM CDM
1426267785,1426267785,residential,nan
1426558551,1426558551,residential,1B
1426588581,1426588581,residential,nan
1426588935,1426588935,residential,nan
1426588936,1426588936,residential,nan
1426588979,1426588979,residential,nan
1426872738,1426872738,residential,nan
1427248358,1427248358,commercial,nan
1427248739,1427248739,residential,nan
1427250481,1427250481,commercial,nan
1427256051,1427256051,residential,nan
1427355555,1427355555,residential,nan
1427355556,1427355556,residential,nan
1427467816,1427467816,residential,nan
1427485384,1427485384,residential,Dwarakamai Olive
1427513669,1427513669,residential,nan
1427663387,1427663387,residential,nan
1427663403,1427663403,residential,nan
1427663419,1427663419,residential,Kristal Tiara
1427731857,1427731857,residential,nan
1427731858,1427731858,residential,nan
1427963399,1427963399,residential,nan
1427963400,1427963400,residential,nan
1427963401,1427963401,residential,nan
1428207627,1428207627,residential,nan
1428220011,1428220011,residential,Li-12
1428269062,1428269062,residential,nan
1428269074,1428269074,residential,nan
1428269081,1428269081,residential,nan
1428274232,1428274232,residential,nan
1428276583,1428276583,residential,nan
1428347333,1428347333,residential,nan
1428689319,1428689319,residential,nan
1428689320,1428689320,residential,nan
1428811908,1428811908,residential,nan
1428811956,1428811956,residential,nan
1428814732,1428814732,residential,Krishnappa Layout
1429010460,1429010460,residential,nan
1429156963,1429156963,residential,nan
1429156964,1429156964,residential,nan
1429156972,1429156972,residential,nan
1429156978,1429156978,residential,nan
1429157032,1429157032,residential,nan
1429157037,1429157037,residential,SLV Elanza
1429157038,1429157038,residential,Maruthi Layout
1429157039,1429157039,residential,nan
1429157049,1429157049,residential,nan
1429157115,1429157115,residential,nan
1429157175,1429157175,residential,nan
1429159658,1429159658,residential,Mahaveer Sanctum Annexe
1429161297,1429161297,residential,nan
1429161310,1429161310,residential,nan
1429184635,1429184635,residential,nan
1429184640,1429184640,residential,nan
1429319212,1429319212,residential,nan
1429319217,1429319217,residential,nan
1429319276,1429319276,residential,Vaishnavi Orchid
1429442430,1429442430,residential,nan
1429653284,1429653284,residential,Rohan Jharoka 2
1429699962,1429699962,commercial,nan
1429706365,1429706365,residential,SMR Vinay Endevour
1430477818,1430477818,residential,nan
1431097684,1431097684,residential,nan
1431247738,1431247738,residential,nan
1431743215,1431743215,residential,nan
1431743216,1431743216,residential,nan
1432018648,1432018648,residential,nan
1432018649,1432018649,residential,nan
1432018650,1432018650,residential,nan
1432018663,1432018663,residential,nan
1432018664,1432018664,residential,nan
1432018665,1432018665,residential,nan
1432189742,1432189742,residential,nan
1432363456,1432363456,residential,nan
1432363457,1432363457,residential,nan
1432363485,1432363485,residential,nan
1432506742,1432506742,residential,nan
1432506743,1432506743,residential,nan
1432506750,1432506750,residential,nan
1432506775,1432506775,residential,nan
1432506776,1432506776,residential,nan
1432506778,1432506778,residential,nan
1432506779,1432506779,residential,nan
1432506780,1432506780,residential,nan
1432701443,1432701443,residential,nan
1432701444,1432701444,residential,nan
1432701445,1432701445,residential,nan
1432701446,1432701446,residential,nan
1432701447,1432701447,residential,nan
1432701448,1432701448,residential,nan
1432701449,1432701449,residential,nan
1432701555,1432701555,residential,nan
1432701579,1432701579,residential,nan
1432701580,1432701580,residential,nan
1432701581,1432701581,residential,nan
1432701582,1432701582,residential,nan
1432701583,1432701583,residential,nan
1432701584,1432701584,residential,nan
1432701585,1432701585,residential,nan
1432701586,1432701586,residential,nan
1432701587,1432701587,residential,nan
1432701588,1432701588,residential,nan
1432701589,1432701589,residential,nan
1432703099,1432703099,residential,nan
1432703100,1432703100,residential,nan
1432703101,1432703101,residential,nan
1432703102,1432703102,residential,nan
1432703104,1432703104,residential,nan
1432703105,1432703105,residential,nan
1432703106,1432703106,residential,nan
1432703107,1432703107,residential,nan
1432703108,1432703108,residential,nan
1433092896,1433092896,residential,nan
1433212582,1433212582,residential,nan
1433506041,1433506041,residential,nan
1433991617,1433991617,residential,Shriram Earth
1434002505,1434002505,residential,nan
1434043774,1434043774,residential,Ittina Abha
1434446228,1434446228,residential,nan
1435133917,1435133917,residential,nan
1435133918,1435133918,residential,nan
1435133920,1435133920,residential,nan
1435133929,1435133929,residential,nan
1435791067,1435791067,residential,nan
1435962297,1435962297,residential,nan
1435963560,1435963560,residential,nan
1435966029,1435966029,residential,nan
1436965937,1436965937,residential,nan
1436965953,1436965953,residential,nan
1436965954,1436965954,residential,nan
1437142640,1437142640,residential,nan
1438687379,1438687379,residential,nan
1441753655,1441753655,residential,Myhna Mandi Villas
1441824722,1441824722,commercial,nan
1441918221,1441918221,residential,nan
1441918248,1441918248,commercial,nan
1442173549,1442173549,residential,nan
1442173581,1442173581,residential,nan
1442173582,1442173582,residential,nan
1442261802,1442261802,residential,nan
1442261833,1442261833,residential,nan
1442271932,1442271932,residential,nan
1442271948,1442271948,residential,nan
1442271966,1442271966,residential,nan
1442271967,1442271967,residential,nan
1442293511,1442293511,residential,nan
1442293512,1442293512,residential,nan
1442293513,1442293513,residential,nan
1442293597,1442293597,residential,nan
1442293598,1442293598,residential,nan
1442293599,1442293599,residential,nan
1442293600,1442293600,residential,nan
1442293601,1442293601,residential,nan
1442293760,1442293760,residential,nan
1442293773,1442293773,residential,nan
1442293801,1442293801,residential,nan
1442329988,1442329988,residential,nan
1442329989,1442329989,residential,nan
1442330228,1442330228,residential,nan
1442330254,1442330254,residential,nan
1442330266,1442330266,residential,nan
1442330299,1442330299,residential,nan
1442330300,1442330300,residential,nan
1442330301,1442330301,residential,nan
1442330314,1442330314,residential,nan
1442330315,1442330315,residential,nan
1442330316,1442330316,residential,nan
1442330317,1442330317,residential,nan
1442330318,1442330318,residential,nan
1442330319,1442330319,residential,nan
1442330320,1442330320,residential,nan
1442330321,1442330321,residential,nan
1442330322,1442330322,residential,nan
1442330323,1442330323,residential,nan
1442330327,1442330327,residential,nan
1442330328,1442330328,residential,nan
1442330329,1442330329,residential,nan
1442330330,1442330330,residential,nan
1442330331,1442330331,residential,nan
1442330332,1442330332,residential,nan
1442330333,1442330333,residential,nan
1442330334,1442330334,residential,nan
1442330335,1442330335,residential,nan
1442616774,1442616774,residential,nan
1442616799,1442616799,residential,nan
1442616831,1442616831,residential,nan
1442616860,1442616860,residential,nan
1442616884,1442616884,residential,nan
1442616902,1442616902,residential,nan
1442616926,1442616926,residential,nan
1442616939,1442616939,residential,nan
1442616955,1442616955,residential,nan
1442616969,1442616969,residential,nan
1442616977,1442616977,residential,nan
1442616986,1442616986,residential,nan
1442617008,1442617008,residential,nan
1442617026,1442617026,residential,nan
1442617048,1442617048,residential,nan
1442617062,1442617062,residential,nan
1442617079,1442617079,residential,nan
1442752363,1442752363,residential,nan
1442752381,1442752381,residential,nan
1442752418,1442752418,residential,nan
1442752419,1442752419,residential,nan
1442752421,1442752421,residential,nan
1442752422,1442752422,residential,nan
1442752542,1442752542,residential,nan
1442752571,1442752571,residential,nan
1442752603,1442752603,residential,nan
1442752604,1442752604,residential,nan
1442752605,1442752605,residential,nan
1442752679,1442752679,residential,nan
1443183172,1443183172,residential,nan
1443183173,1443183173,commercial,nan
1443183174,1443183174,residential,nan
1443183175,1443183175,residential,nan
1443183177,1443183177,residential,nan
1443183180,1443183180,residential,nan
1443183181,1443183181,commercial,nan
1443183182,1443183182,commercial,nan
1443183187,1443183187,residential,nan
1443183188,1443183188,residential,nan
1443183191,1443183191,residential,nan
1443183192,1443183192,residential,nan
1443183193,1443183193,residential,nan
1443183196,1443183196,commercial,nan
1443183198,1443183198,commercial,Ideal Club
1443183204,1443183204,residential,nan
1443183205,1443183205,commercial,nan
1443183206,1443183206,residential,nan
1443183207,1443183207,commercial,nan
1443183209,1443183209,residential,nan
1443183210,1443183210,commercial,BESCOM
1443186887,1443186887,commercial,nan
1443186888,1443186888,residential,nan
1443186937,1443186937,residential,nan
1443186938,1443186938,commercial,nan
1443186939,1443186939,residential,nan
1443186940,1443186940,residential,nan
1443186941,1443186941,residential,nan
1443186942,1443186942,residential,nan
1443402170,1443402170,residential,nan
1443402171,1443402171,residential,nan
1443402184,1443402184,residential,nan
1443411615,1443411615,residential,nan
1443411619,1443411619,residential,nan
1443411623,1443411623,residential,nan
1443411624,1443411624,residential,nan
1443411627,1443411627,residential,nan
1443414773,1443414773,commercial,BBMP
1443415224,1443415224,residential,nan
1443415225,1443415225,residential,nan
1443415981,1443415981,residential,nan
1443482009,1443482009,residential,nan
1443482010,1443482010,residential,nan
1443482011,1443482011,residential,nan
1443482012,1443482012,residential,nan
1443516535,1443516535,residential,nan
1443516549,1443516549,residential,nan
1443516550,1443516550,residential,nan
1443516586,1443516586,residential,nan
1443623320,1443623320,residential,nan
1443623321,1443623321,residential,nan
1443623322,1443623322,residential,nan
1443623850,1443623850,commercial,Prestige Terminus
1443631611,1443631611,residential,nan
1443631612,1443631612,residential,nan
1443631613,1443631613,residential,nan
1443631614,1443631614,residential,nan
1443631615,1443631615,residential,nan
1443631685,1443631685,residential,nan
1443631686,1443631686,residential,nan
1443631687,1443631687,residential,nan
1443631688,1443631688,residential,nan
1443631689,1443631689,residential,nan
1443631690,1443631690,residential,nan
1443631691,1443631691,residential,nan
1443631692,1443631692,residential,nan
1443631693,1443631693,residential,nan
1443631694,1443631694,residential,nan
1443636793,1443636793,residential,nan
1443636795,1443636795,residential,nan
1443636803,1443636803,residential,nan
1443640409,1443640409,residential,nan
1443640410,1443640410,residential,nan
1443657890,1443657890,residential,nan
1443848428,1443848428,residential,nan
1443848432,1443848432,residential,nan
1443848434,1443848434,residential,nan
1443848435,1443848435,residential,nan
1443848436,1443848436,residential,nan
1443878650,1443878650,residential,nan
1443942740,1443942740,residential,nan
1443942968,1443942968,residential,nan
1443943008,1443943008,residential,nan
1443962326,1443962326,residential,nan
1444089954,1444089954,residential,nan
1444097609,1444097609,residential,nan
1444120380,1444120380,commercial,nan
1444120381,1444120381,residential,nan
1444260407,1444260407,residential,nan
1444260455,1444260455,residential,nan
1444260456,1444260456,residential,nan
1444260490,1444260490,residential,nan
1444464442,1444464442,residential,Vaastu Hill View
1444469675,1444469675,residential,Garuda Vista Apartments
1444469678,1444469678,residential,nan
1444469683,1444469683,residential,nan
1444469713,1444469713,residential,nan
1444539086,1444539086,residential,nan
1444539096,1444539096,residential,nan
1444539097,1444539097,residential,nan
1444539098,1444539098,residential,nan
1444539107,1444539107,residential,nan
1444539108,1444539108,residential,nan
1444539113,1444539113,residential,Skandha Amoris
1444539115,1444539115,residential,nan
1444539118,1444539118,residential,nan
1444539124,1444539124,residential,nan
1445338529,1445338529,residential,nan
1445460582,1445460582,commercial,nan
1446321059,1446321059,residential,Silicon Enclave Residential Layout
1446434484,1446434484,residential,nan
1446434557,1446434557,residential,nan
1446434558,1446434558,residential,nan
1446434603,1446434603,residential,nan
1446434646,1446434646,residential,nan
1446434702,1446434702,residential,Sherwood
1446434704,1446434704,residential,nan
1446434705,1446434705,residential,nan
1446434706,1446434706,residential,nan
1446434711,1446434711,residential,Samhita
1446546835,1446546835,residential,VIP Layout
1446546836,1446546836,residential,nan
1446898642,1446898642,residential,nan
1446936798,1446936798,residential,nan
1446941080,1446941080,commercial,Gayathri Lakefront
1447160864,1447160864,residential,nan
1447160865,1447160865,residential,nan
1447510892,1447510892,residential,nan
1447510976,1447510976,residential,nan
1447515031,1447515031,residential,nan
1447515316,1447515316,residential,nan
1447685564,1447685564,residential,nan
1447685621,1447685621,residential,nan
1447685762,1447685762,residential,nan
1447685981,1447685981,residential,nan
1447954546,1447954546,residential,nan
1447954574,1447954574,residential,nan
1448235416,1448235416,residential,nan
1448235420,1448235420,commercial,nan
1448247048,1448247048,commercial,nan
1448247049,1448247049,residential,nan
1448548518,1448548518,residential,nan
1448548633,1448548633,residential,Mahaveer Sanctum
1448551003,1448551003,residential,nan
1449319753,1449319753,residential,Triveni Enclave
1449375376,1449375376,residential,nan
1449375377,1449375377,residential,nan
1449375378,1449375378,residential,nan
1449375379,1449375379,residential,nan
1449375395,1449375395,residential,nan
1449375404,1449375404,residential,nan
1449375420,1449375420,residential,nan
1449386790,1449386790,commercial,nan
1449587473,1449587473,residential,nan
1449587584,1449587584,residential,nan
1449587586,1449587586,commercial,SJP Kalyana Mantapa
1449587798,1449587798,commercial,Bharathiya Grameen Mahila Sangh
1449595455,1449595455,residential,nan
1449609162,1449609162,residential,nan
1449723947,1449723947,residential,nan
1449723948,1449723948,residential,nan
1449723949,1449723949,residential,nan
1449723950,1449723950,residential,nan
1449723968,1449723968,residential,nan
1449723969,1449723969,residential,nan
1449723973,1449723973,residential,nan
1449723981,1449723981,residential,Sycon Heritage
1450175840,1450175840,residential,nan
1451528747,1451528747,residential,nan
1451897763,1451897763,commercial,nan
1451961252,1451961252,residential,nan
1452270792,1452270792,residential,nan
1452328811,1452328811,residential,nan
1452342252,1452342252,residential,nan
1452342264,1452342264,residential,nan
1452342266,1452342266,residential,nan
1452396102,1452396102,commercial,nan
1452541766,1452541766,residential,nan
1452541778,1452541778,residential,nan
1452778842,1452778842,residential,nan
1453040556,1453040556,commercial,nan
1453040560,1453040560,residential,nan
1453040577,1453040577,commercial,nan
1453040581,1453040581,commercial,White Pearl Convention Centre
1453041899,1453041899,commercial,nan
1453046749,1453046749,residential,nan
1453323934,1453323934,commercial,nan
1453325601,1453325601,residential,nan
1453325602,1453325602,residential,nan
1453325603,1453325603,commercial,nan
1454051717,1454051717,residential,SV Heights
1454051720,1454051720,commercial,Alembic City
1454051736,1454051736,commercial,nan
1454053839,1454053839,residential,nan
1454606763,1454606763,residential,APC Layout East Side
1454606764,1454606764,residential,APC Layout West Side
1454919860,1454919860,residential,nan
1454927458,1454927458,residential,nan
1454927476,1454927476,residential,nan
1454927509,1454927509,residential,nan
1455374735,1455374735,residential,Bliva Elina
1455401181,1455401181,residential,nan
1455401184,1455401184,residential,nan
1455402457,1455402457,residential,nan
1455402458,1455402458,residential,nan
1455402459,1455402459,residential,Prestige Green Gables
1455433880,1455433880,residential,nan
1455433884,1455433884,residential,nan
1455980470,1455980470,residential,nan
1455980482,1455980482,commercial,Manthra Convention Centre
1455980487,1455980487,residential,nan
1455980488,1455980488,residential,nan
1455980500,1455980500,residential,nan
1455980501,1455980501,residential,nan
1455980502,1455980502,residential,nan
1456248454,1456248454,residential,nan
1456248504,1456248504,residential,nan
1456248515,1456248515,residential,nan
1456248522,1456248522,residential,nan
1456248523,1456248523,residential,nan
1456285194,1456285194,residential,nan
1456405932,1456405932,residential,nan
1456905440,1456905440,residential,GTTC Boy's Hostel
1457670195,1457670195,residential,ITI Colony
1457945486,1457945486,residential,nan
1457945489,1457945489,residential,nan
1457956294,1457956294,residential,nan
1457956297,1457956297,residential,nan
1457956312,1457956312,residential,nan
1457958379,1457958379,residential,nan
1457958380,1457958380,residential,nan
1457958383,1457958383,residential,nan
1457958386,1457958386,residential,nan
1457958389,1457958389,residential,nan
1457958400,1457958400,residential,nan
1457959819,1457959819,residential,nan
1457959844,1457959844,residential,nan
1457959849,1457959849,residential,nan
1458218791,1458218791,residential,nan
1458295493,1458295493,commercial,Seethi Bhairaveshwara Furnitures
1458298332,1458298332,residential,nan
1458308504,1458308504,residential,nan
1458308516,1458308516,residential,nan
1458308521,1458308521,residential,nan
1458308522,1458308522,residential,nan
1458308534,1458308534,residential,nan
1458308557,1458308557,residential,nan
1458314998,1458314998,residential,nan
1458315085,1458315085,residential,nan
1458315110,1458315110,residential,nan
1458315133,1458315133,residential,nan
1458415585,1458415585,residential,nan
1458415586,1458415586,residential,nan
1458415587,1458415587,residential,nan
1458544314,1458544314,residential,nan
1458648074,1458648074,residential,nan
1458657395,1458657395,residential,nan
1458657435,1458657435,residential,nan
1458666554,1458666554,residential,nan
1458666555,1458666555,residential,nan
1458666623,1458666623,residential,nan
1458729073,1458729073,commercial,nan
1458729084,1458729084,residential,nan
1458729112,1458729112,residential,nan
1458729113,1458729113,residential,nan
1458736800,1458736800,residential,nan
1458955892,1458955892,residential,nan
1458955922,1458955922,residential,nan
1458955970,1458955970,residential,nan
1458956024,1458956024,residential,nan
1459039826,1459039826,residential,nan
1459039827,1459039827,residential,nan
1459039828,1459039828,residential,nan
1459039875,1459039875,residential,nan
1459039902,1459039902,residential,nan
1459039947,1459039947,residential,nan
1459039983,1459039983,residential,nan
1459039985,1459039985,residential,nan
1459039986,1459039986,residential,nan
1459039987,1459039987,residential,nan
1459040012,1459040012,residential,nan
1459040044,1459040044,residential,nan
1459040084,1459040084,residential,nan
1459040110,1459040110,residential,nan
1459048381,1459048381,residential,nan
1459048407,1459048407,residential,nan
1459048426,1459048426,residential,nan
1459067492,1459067492,residential,nan
1459067493,1459067493,residential,nan
1459083664,1459083664,residential,nan
1459083688,1459083688,residential,nan
1459083689,1459083689,residential,nan
1459083720,1459083720,residential,nan
1459083721,1459083721,residential,nan
1459083749,1459083749,residential,nan
1459083764,1459083764,residential,nan
1459083765,1459083765,residential,nan
1459083805,1459083805,residential,nan
1459083823,1459083823,residential,nan
1459083868,1459083868,residential,nan
1459083878,1459083878,residential,nan
1459083891,1459083891,residential,nan
1459083892,1459083892,residential,nan
1459089764,1459089764,residential,nan
1459089765,1459089765,residential,nan
1459089767,1459089767,residential,nan
1459089768,1459089768,residential,nan
1459202085,1459202085,residential,nan
1459202115,1459202115,residential,nan
1459202190,1459202190,residential,nan
1459202191,1459202191,residential,nan
1459208145,1459208145,residential,nan
1459208147,1459208147,residential,nan
1459208148,1459208148,residential,nan
1459208149,1459208149,residential,nan
1459208150,1459208150,residential,nan
1459208151,1459208151,residential,nan
1459208152,1459208152,residential,nan
1459208153,1459208153,residential,nan
1459208154,1459208154,residential,nan
1459208155,1459208155,residential,nan
1459208156,1459208156,residential,nan
1459208157,1459208157,residential,nan
1459208158,1459208158,residential,nan
1459208159,1459208159,residential,nan
1459237759,1459237759,commercial,nan
1459521213,1459521213,residential,nan
1459521224,1459521224,residential,nan
1459521244,1459521244,residential,nan
1459521262,1459521262,residential,nan
1459521281,1459521281,residential,nan
1459521302,1459521302,residential,nan
1459521322,1459521322,residential,nan
1459521323,1459521323,residential,nan
1459521324,1459521324,residential,nan
1459521325,1459521325,residential,nan
1459521326,1459521326,residential,nan
1459521327,1459521327,residential,nan
1459521328,1459521328,residential,nan
1459793731,1459793731,commercial,Shree Siddhaganga Samuhika Bhavana
1459793732,1459793732,residential,nan
1459793757,1459793757,residential,nan
1459793785,1459793785,residential,nan
1459793834,1459793834,residential,nan
1460084758,1460084758,residential,nan
1460084768,1460084768,residential,nan
1460084782,1460084782,residential,nan
1460088544,1460088544,residential,nan
1460088558,1460088558,residential,nan
1460088564,1460088564,residential,nan
1460088565,1460088565,residential,nan
1460088566,1460088566,residential,nan
1460091129,1460091129,residential,nan
1460091130,1460091130,residential,nan
1460418462,1460418462,residential,nan
1460658616,1460658616,residential,nan
1460658650,1460658650,residential,nan
1460658719,1460658719,residential,nan
1460658720,1460658720,residential,nan
1460661000,1460661000,residential,nan
1460661014,1460661014,residential,nan
1460686599,1460686599,commercial,nan
1460686600,1460686600,commercial,nan
1460686601,1460686601,commercial,nan
1460686607,1460686607,commercial,nan
1460696052,1460696052,residential,nan
1460696055,1460696055,residential,nan
1460780893,1460780893,residential,nan
1460929520,1460929520,commercial,nan
1461443617,1461443617,residential,nan
1461448840,1461448840,residential,nan
1461513551,1461513551,residential,Ciroc Luxor
1461702096,1461702096,commercial,nan
1461702099,1461702099,commercial,nan
1461702102,1461702102,residential,nan
1461702107,1461702107,commercial,Sti Sathya Sai Complex
1461993299,1461993299,commercial,nan
1462502466,1462502466,commercial,Venus Buildings
1462525247,1462525247,residential,nan
1462525369,1462525369,residential,nan
1462525370,1462525370,residential,nan
1462525551,1462525551,residential,nan
1462534528,1462534528,residential,nan
1462534710,1462534710,residential,nan
1462748355,1462748355,residential,Guru Punvaanii Mannat
1462748372,1462748372,commercial,nan
1462748379,1462748379,residential,Linea Sunflower
1462748381,1462748381,residential,Good Earth Orchard
1462748382,1462748382,residential,nan
1462748384,1462748384,residential,nan
1463462448,1463462448,residential,nan
1463636831,1463636831,residential,nan
1463636832,1463636832,residential,nan
1463636833,1463636833,residential,nan
1463643834,1463643834,residential,nan
1463643851,1463643851,residential,nan
1463643864,1463643864,residential,nan
1463643872,1463643872,residential,nan
1463643877,1463643877,residential,nan
1463856159,1463856159,commercial,nan
1464299542,1464299542,residential,nan
1464299543,1464299543,residential,nan
1464513372,1464513372,residential,nan
1464513374,1464513374,residential,nan
1464513375,1464513375,residential,nan
1464513376,1464513376,residential,nan
1464995844,1464995844,residential,nan
1464995845,1464995845,residential,nan
1464995846,1464995846,residential,nan
1465621932,1465621932,residential,nan
1465655832,1465655832,residential,Mahaveer Bower
1466933293,1466933293,residential,nan
1469033584,1469033584,commercial,nan
1469033585,1469033585,residential,nan
1469033586,1469033586,commercial,nan
1469033587,1469033587,commercial,nan
1469033588,1469033588,residential,nan
1469033589,1469033589,residential,nan
1470061037,1470061037,commercial,nan
1470061038,1470061038,commercial,nan
1470061039,1470061039,commercial,nan
1470061040,1470061040,commercial,nan
1470061041,1470061041,commercial,nan
1470061044,1470061044,commercial,nan
1470061047,1470061047,residential,nan
1470061050,1470061050,commercial,nan
1470061051,1470061051,residential,nan
1470061053,1470061053,commercial,nan
1470061060,1470061060,residential,nan
1470061062,1470061062,residential,nan
1470061067,1470061067,commercial,nan
1470061068,1470061068,residential,nan
1470061069,1470061069,commercial,nan
1470266445,1470266445,residential,nan
1470266447,1470266447,residential,nan
1470266468,1470266468,residential,White Lotus Kalpavriksha
1470266470,1470266470,residential,Tefilah Tranquille
1471535984,1471535984,commercial,nan
1471535985,1471535985,residential,nan
1472339952,1472339952,residential,nan
1476065677,1476065677,residential,nan
1481037998,1481037998,residential,nan
1481059327,1481059327,residential,nan
1481059337,1481059337,residential,nan
1481059338,1481059338,residential,nan
1481059359,1481059359,residential,nan
1481059384,1481059384,residential,nan
1481123204,1481123204,residential,nan
1481123205,1481123205,residential,nan
1481123206,1481123206,residential,nan
1481123213,1481123213,residential,nan
1482865540,1482865540,residential,nan
1484978131,1484978131,residential,nan
1486315099,1486315099,residential,nan
1486315100,1486315100,residential,KPT SLV Durga
1487518758,1487518758,residential,nan
1487518824,1487518824,residential,nan
1487692863,1487692863,residential,nan
1488021180,1488021180,residential,nan
1488651602,1488651602,residential,nan
1488651608,1488651608,residential,nan
1488651609,1488651609,residential,nan
1488651618,1488651618,residential,nan
1488652747,1488652747,residential,nan
1488652748,1488652748,residential,nan
1489035925,1489035925,residential,nan
1489035934,1489035934,residential,nan
1489035941,1489035941,residential,nan
1489346230,1489346230,residential,nan
1489346242,1489346242,residential,nan
1489533663,1489533663,residential,nan
1489659645,1489659645,residential,nan
1489659677,1489659677,residential,nan
1489659708,1489659708,residential,nan
1489659766,1489659766,residential,nan
1489838417,1489838417,residential,nan
1489838420,1489838420,residential,nan
1489838422,1489838422,residential,Aakruthi Aura Springs
1489838431,1489838431,residential,nan
1489890983,1489890983,residential,nan
1489953940,1489953940,residential,nan
1490089097,1490089097,residential,nan
1490089098,1490089098,residential,nan
1490127496,1490127496,residential,nan
1491101705,1491101705,residential,nan
1491267338,1491267338,residential,nan
1491267346,1491267346,residential,nan
1491277840,1491277840,commercial,nan
1491306545,1491306545,residential,nan
1491306615,1491306615,residential,nan
1491389070,1491389070,residential,nan
1491389077,1491389077,residential,nan
1491389083,1491389083,commercial,nan
1491389089,1491389089,commercial,nan
1491398487,1491398487,residential,Sri Samrudhi Nilayam
1491571170,1491571170,commercial,nan
1492079129,1492079129,commercial,nan
1492511344,1492511344,residential,nan
1492511345,1492511345,residential,nan
1492547658,1492547658,residential,nan
1493374030,1493374030,commercial,nan
1494503423,1494503423,commercial,nan
1494503424,1494503424,commercial,nan
1494503425,1494503425,residential,nan
1494554154,1494554154,residential,nan
1494554155,1494554155,residential,nan
1494554301,1494554301,residential,nan
1494554307,1494554307,residential,nan
1494554310,1494554310,residential,nan
1494554311,1494554311,residential,nan
1494554312,1494554312,residential,nan
1494554314,1494554314,residential,nan
1494554322,1494554322,residential,nan
1494554323,1494554323,residential,nan
1494554324,1494554324,residential,nan
1494627843,1494627843,commercial,nan
1494642438,1494642438,commercial,nan
1495171770,1495171770,residential,nan
1495171771,1495171771,residential,nan
1495171772,1495171772,residential,nan
1495171773,1495171773,residential,nan
1495171782,1495171782,residential,nan
1495171793,1495171793,residential,nan
1495171794,1495171794,residential,nan
1495171796,1495171796,residential,nan
1495171806,1495171806,residential,nan
1495171807,1495171807,residential,nan
1495171808,1495171808,residential,nan
1495171811,1495171811,residential,nan
1495171812,1495171812,residential,nan
1495382652,1495382652,residential,nan
1495382661,1495382661,residential,nan
1495382666,1495382666,residential,nan
1495382676,1495382676,residential,nan
1495382678,1495382678,residential,nan
1495382680,1495382680,residential,nan
1495382696,1495382696,residential,nan
1495382698,1495382698,commercial,nan
1495604592,1495604592,residential,nan
1495604593,1495604593,residential,nan
1495604594,1495604594,residential,nan
1495616694,1495616694,residential,nan
1495616695,1495616695,residential,nan
1495616697,1495616697,residential,nan
1495616698,1495616698,residential,nan
1495616713,1495616713,residential,nan
1496004497,1496004497,commercial,nan
1496006074,1496006074,residential,nan
1496208115,1496208115,residential,nan
1496208116,1496208116,residential,nan
1496208117,1496208117,residential,nan
1497839474,1497839474,residential,RJR Patel Residency
1498841805,1498841805,residential,nan
1499398999,1499398999,residential,Thirumala Anemone
1499399011,1499399011,residential,Vishwendra Apartments
1499399044,1499399044,residential,RJR Laguna
1499403381,1499403381,residential,nan
1499403382,1499403382,commercial,nan
1501162717,1501162717,residential,nan
1501256297,1501256297,residential,nan
1501256298,1501256298,residential,nan
1501256299,1501256299,residential,nan
1501496444,1501496444,residential,nan
1501496445,1501496445,residential,nan
1501496446,1501496446,residential,nan
1501496447,1501496447,residential,nan
1501496448,1501496448,residential,nan
1501496449,1501496449,residential,nan
1501661092,1501661092,residential,nan
1501691880,1501691880,residential,nan
1501691897,1501691897,residential,nan
1501691899,1501691899,residential,nan
1501691900,1501691900,residential,nan
1501691901,1501691901,residential,nan
1501691902,1501691902,residential,nan
1501691903,1501691903,residential,nan
1501691904,1501691904,residential,nan
1501691905,1501691905,residential,nan
1501691906,1501691906,residential,nan
1501691907,1501691907,residential,nan
1501691909,1501691909,residential,nan
1501691910,1501691910,residential,nan
1501691911,1501691911,residential,nan
1501691912,1501691912,residential,nan
1501691918,1501691918,residential,nan
1501706069,1501706069,residential,nan
1501706070,1501706070,residential,nan
1501788749,1501788749,residential,nan
1501788750,1501788750,residential,nan
1501788751,1501788751,residential,nan
1501788752,1501788752,residential,nan
1504026523,1504026523,residential,nan
1504310360,1504310360,residential,nan
1504310362,1504310362,residential,nan
1504310495,1504310495,residential,nan
1504765394,1504765394,residential,nan
1506516575,1506516575,residential,nan
1506516594,1506516594,residential,nan
1506542256,1506542256,residential,nan
1507004198,1507004198,residential,Countryside Layout
1507377591,1507377591,residential,nan
1507400912,1507400912,residential,nan
1507400920,1507400920,residential,nan
1507400966,1507400966,residential,Essem18 The Courtyard
1507512046,1507512046,residential,MLA Muniraju Layout
1507815051,1507815051,residential,nan
1508163964,1508163964,residential,nan
1508163965,1508163965,residential,nan
