zone_id,zone_type,transformer_max_capacity_kw,historical_peak_load_hour,baseline_peak_load_kw
6738778,residential,270.45,19,137.86
13942356,commercial,893.54,14,500.76
13971623,commercial,1738.6,14,937.76
14015120,residential,489.77,19,335.1
15256372,residential,368.76,19,218.23
15454011,commercial,1355.73,14,724.02
15841419,residential,297.98,19,152.03
15989825,residential,344.56,19,234.82
16284031,residential,340.29,19,177.68
17077499,residential,257.09,19,156.55
17101059,commercial,813.29,14,466.61
17143468,commercial,1417.64,14,897.26
17205663,commercial,1941.79,14,1094.1
17344746,residential,275.21,19,164.69
17948650,residential,363.33,19,213.92
18066770,residential,474.49,19,264.32
18451756,residential,325.54,19,168.62
19756720,residential,242.7,19,157.09
20266116,residential,451.76,19,229.56
20266117,residential,419.03,19,242.75
20357587,residential,486.6,19,288.9
23029693,commercial,1828.25,14,1211.26
23030046,commercial,1941.2,14,1137.14
24349811,residential,433.75,19,221.57
24349812,residential,384.24,19,201.13
24349879,residential,302.64,19,200.27
24364894,residential,489.98,19,262.84
24364895,commercial,998.41,14,536.3
24365453,residential,297.31,19,204.91
24365454,residential,256.98,19,177.65
24450423,residential,256.17,19,140.27
24450430,residential,454.75,19,237.44
24579798,residential,344.18,19,223.94
24579799,residential,294.9,19,202.96
24579800,residential,416.98,19,210.19
24579802,residential,433.73,19,266.97
26399624,commercial,1280.06,14,662.95
26399625,commercial,1229.66,14,729.48
26399626,residential,330.77,19,166.11
27931605,residential,247.94,19,134.34
27994647,residential,421.4,19,267.55
28110531,commercial,1518.56,14,759.59
28126293,commercial,1871.24,14,1075.0
28444513,residential,348.46,19,206.86
28451526,commercial,1086.5,14,756.86
28453260,residential,377.27,19,202.46
28453293,residential,490.75,19,324.15
28453683,commercial,977.16,14,545.52
30212088,residential,232.92,19,138.95
30800487,residential,439.57,19,228.82
30801153,commercial,1974.79,14,1134.25
32260141,residential,203.64,19,113.8
32260174,residential,275.09,19,172.97
32316800,residential,344.78,19,195.27
33300477,commercial,1029.43,14,529.01
34121900,commercial,1050.12,14,544.39
34167482,residential,297.77,19,197.56
35192889,residential,368.19,19,253.27
35213754,residential,267.17,19,140.66
35215317,residential,410.92,19,233.62
35279855,commercial,964.22,14,562.03
35901713,residential,431.51,19,252.49
35909118,residential,467.46,19,298.84
35909738,residential,361.61,19,239.8
35910071,residential,328.81,19,192.34
35912577,residential,246.35,19,145.36
35927712,residential,390.33,19,266.96
35933157,residential,476.38,19,291.29
35933173,residential,403.08,19,246.49
35933495,residential,301.24,19,172.83
36328304,commercial,1312.03,14,682.81
36328305,commercial,1182.07,14,660.38
36970831,commercial,1163.33,14,753.56
36982699,commercial,1192.36,14,744.28
37338859,commercial,1627.48,14,947.97
37595128,commercial,1799.69,14,1098.8
37786545,residential,259.04,19,147.4
37825675,residential,263.22,19,160.62
37829612,residential,297.74,19,155.47
37829851,residential,403.71,19,247.52
37838292,residential,384.58,19,206.35
38415417,residential,454.23,19,314.44
38416183,residential,289.09,19,173.06
38420676,residential,474.0,19,313.05
38536361,residential,387.16,19,231.13
38758048,commercial,1348.06,14,840.84
38758705,commercial,1367.86,14,715.77
38772824,commercial,1586.5,14,1052.45
38773290,commercial,1015.94,14,522.55
38870571,commercial,899.04,14,488.46
38870577,residential,326.26,19,207.77
38870579,residential,210.35,19,136.94
38871248,commercial,1540.66,14,815.49
38871249,commercial,1182.93,14,609.76
38872927,commercial,1960.27,14,1215.16
38872969,commercial,1590.97,14,959.97
38978560,residential,257.13,19,153.26
39541558,commercial,1736.09,14,1136.69
40631129,commercial,894.86,14,571.55
40631634,commercial,946.44,14,485.7
40631635,residential,455.08,19,301.49
40633849,residential,369.84,19,241.0
40633868,residential,417.18,19,217.33
40633869,residential,304.76,19,158.6
41184090,residential,270.1,19,143.41
41206236,residential,486.99,19,287.22
41744637,residential,482.36,19,317.67
41748192,residential,263.65,19,164.06
41752462,residential,228.77,19,135.79
41752739,residential,344.88,19,181.2
42013540,commercial,1069.83,14,686.16
42014444,residential,232.72,19,131.87
42014445,residential,411.48,19,279.21
42027291,residential,367.36,19,213.38
42396273,commercial,1039.87,14,711.68
42396274,residential,234.2,19,131.79
42850914,residential,332.46,19,212.59
42851262,residential,469.36,19,327.42
42851263,residential,315.41,19,212.61
42851273,residential,354.46,19,220.61
42857418,residential,361.98,19,189.55
42857478,residential,448.68,19,307.8
43102214,residential,499.0,19,330.93
43317315,residential,387.0,19,245.31
43317324,residential,292.89,19,159.39
43321727,residential,334.5,19,181.29
43363673,residential,240.09,19,157.99
43363681,residential,400.53,19,259.53
43363684,residential,211.6,19,118.23
43363723,residential,258.66,19,178.37
43364155,residential,333.74,19,228.36
43364349,residential,290.4,19,163.72
43364350,residential,388.42,19,211.16
43364352,residential,285.47,19,162.36
43608453,residential,201.1,19,103.36
43609753,residential,286.32,19,198.38
43609761,residential,476.13,19,316.13
43825207,residential,245.09,19,171.22
43825209,residential,316.04,19,195.49
43990790,residential,334.82,19,204.6
43990803,residential,432.11,19,301.51
44165758,commercial,1504.28,14,859.07
44768628,residential,381.93,19,214.26
44945498,residential,204.71,19,104.68
45096250,commercial,1220.87,14,641.3
45185773,commercial,1678.26,14,1009.63
45267145,residential,364.63,19,234.61
45267554,residential,466.91,19,263.99
45528591,residential,469.25,19,290.05
45528593,commercial,1929.69,14,1269.42
45740313,commercial,1677.12,14,1058.0
45740328,commercial,1621.91,14,982.96
45740329,residential,475.14,19,256.63
46228626,residential,227.73,19,152.1
46228627,residential,267.75,19,150.69
46229299,residential,214.34,19,132.31
46229341,commercial,1177.0,14,651.36
46229454,residential,285.83,19,143.7
46244855,residential,286.81,19,178.13
46245005,residential,292.21,19,167.23
46251254,residential,247.17,19,166.8
46554633,residential,205.18,19,106.89
46922189,residential,393.25,19,255.97
48396748,residential,249.56,19,158.54
50891866,residential,381.54,19,241.89
51130872,residential,410.09,19,217.65
51868686,commercial,819.56,14,499.42
52033438,commercial,857.94,14,508.83
52033918,commercial,1206.93,14,729.07
52050266,commercial,1802.06,14,1147.56
52050275,commercial,1429.26,14,960.07
52059209,commercial,881.38,14,460.04
52063527,commercial,1839.3,14,1261.97
52242929,commercial,1666.36,14,997.1
52244612,commercial,1766.96,14,1209.12
52244622,residential,251.72,19,143.83
52244638,commercial,1578.15,14,859.37
52245042,commercial,1770.49,14,1004.02
52246043,commercial,1562.3,14,980.21
52246045,commercial,1171.59,14,752.92
52464006,residential,224.69,19,142.68
53264749,commercial,1900.71,14,1044.98
53849357,residential,235.25,19,148.86
53859282,residential,442.34,19,225.54
56180200,commercial,1224.32,14,659.23
57885751,commercial,1324.85,14,754.06
58517044,residential,204.8,19,129.95
59358775,commercial,1678.99,14,935.1
60118137,residential,482.51,19,337.32
63707694,residential,489.39,19,299.35
68680160,residential,245.95,19,133.84
70807228,residential,300.88,19,202.2
70809516,commercial,1304.87,14,819.7
73954248,commercial,1410.88,14,779.85
73954250,commercial,1466.79,14,881.69
82432653,residential,396.87,19,203.02
82486702,residential,238.14,19,123.64
83231745,commercial,1621.54,14,932.86
83356936,residential,442.21,19,229.97
83694092,residential,449.73,19,232.31
83694285,residential,255.11,19,162.99
84086381,commercial,1755.81,14,1093.47
84271198,residential,482.96,19,319.27
84514506,residential,277.46,19,185.84
84514507,residential,357.88,19,211.13
85265737,residential,209.5,19,139.94
85392306,residential,281.29,19,176.91
85568486,residential,325.94,19,180.04
86309369,residential,236.25,19,148.5
86310221,commercial,1295.77,14,790.55
89797678,residential,477.92,19,282.39
89932989,residential,254.77,19,145.61
89933144,residential,314.81,19,164.94
89933436,residential,236.69,19,125.98
89933990,residential,403.56,19,218.63
89934224,residential,454.22,19,243.41
89934530,residential,442.27,19,243.69
89935112,residential,225.71,19,145.4
90177974,residential,319.95,19,208.03
90178625,residential,361.33,19,200.33
90292572,residential,230.93,19,131.02
90298952,residential,492.51,19,286.46
90300009,residential,226.88,19,119.73
90389093,residential,301.23,19,203.75
90816891,residential,248.42,19,154.71
90816893,residential,322.16,19,201.86
90817457,residential,304.32,19,183.98
90817790,residential,479.62,19,301.94
90957022,residential,215.22,19,131.92
90999557,residential,212.2,19,144.14
91000291,residential,444.36,19,303.42
91237236,commercial,1537.09,14,828.26
91374395,commercial,1247.32,14,752.56
93023034,residential,266.3,19,149.97
93210953,residential,232.2,19,157.74
93211238,residential,493.29,19,321.58
93340455,residential,348.3,19,211.02
93712855,residential,244.8,19,139.13
93715006,residential,317.26,19,163.69
93715439,residential,450.25,19,308.85
93716004,residential,426.49,19,221.35
93719029,residential,271.54,19,169.92
93738604,residential,344.24,19,182.8
93887340,commercial,1205.52,14,674.53
94119915,residential,357.53,19,182.24
94125754,residential,268.53,19,161.19
94126062,residential,476.12,19,329.89
94685714,commercial,1141.22,14,762.76
94711583,residential,398.44,19,245.4
94712245,residential,410.46,19,265.43
94718540,residential,346.56,19,218.17
94719031,residential,391.77,19,218.21
94728213,residential,202.32,19,132.54
94947648,residential,375.43,19,247.92
94959297,residential,313.85,19,158.08
94960539,residential,372.74,19,224.02
94961207,residential,208.23,19,123.78
95214236,residential,416.06,19,211.71
95384317,residential,482.13,19,320.47
95384464,residential,390.95,19,235.71
95384729,residential,302.3,19,211.36
95385125,residential,247.88,19,168.72
95385691,residential,264.97,19,160.51
95385956,residential,240.81,19,160.5
95507930,residential,440.9,19,234.93
95508167,residential,280.6,19,142.84
95639943,commercial,1518.6,14,948.61
95799812,residential,490.85,19,286.04
95799861,residential,383.99,19,259.84
96542822,residential,416.15,19,233.29
96567778,residential,320.48,19,185.04
96568555,residential,277.07,19,187.24
96682580,residential,347.51,19,184.02
96707218,residential,450.13,19,288.89
96710695,residential,308.48,19,212.79
96778576,residential,442.52,19,299.84
96787265,commercial,1321.97,14,893.18
97062992,residential,271.62,19,145.81
97087325,residential,267.4,19,164.1
97087564,residential,365.47,19,224.75
97088324,residential,297.26,19,190.36
97088785,residential,261.78,19,150.43
97200163,residential,484.45,19,252.12
97200383,residential,383.83,19,222.38
97200523,residential,304.43,19,182.02
97200573,residential,357.31,19,246.07
97200646,residential,286.35,19,187.67
97200769,residential,212.2,19,135.19
97210062,residential,447.54,19,224.61
97215870,residential,214.89,19,113.25
97215871,residential,413.97,19,245.04
97215872,residential,377.27,19,218.48
97215874,residential,242.71,19,122.47
97343843,residential,468.22,19,300.92
97374147,residential,400.11,19,243.96
97557678,residential,473.9,19,297.75
97676801,residential,420.71,19,222.14
97676940,residential,240.76,19,168.39
97846124,residential,386.91,19,221.49
97991407,residential,338.41,19,216.74
100584019,commercial,1459.94,14,756.16
101345895,residential,485.24,19,281.8
101346040,residential,340.49,19,186.61
101573097,residential,250.14,19,153.35
101677661,residential,418.25,19,289.32
101966136,commercial,1507.24,14,1052.44
101966149,commercial,806.3,14,524.35
102934591,residential,327.19,19,212.15
104963266,residential,246.36,19,147.7
105018167,residential,326.87,19,198.13
105201140,residential,417.47,19,238.69
105318891,residential,342.0,19,185.04
105318893,residential,407.51,19,210.23
105318895,residential,273.15,19,143.77
105318896,residential,458.07,19,244.37
105318899,residential,318.68,19,197.81
105322106,commercial,933.91,14,473.86
105322146,residential,230.49,19,117.86
105322161,residential,379.57,19,197.35
107240640,commercial,1516.52,14,842.53
111087597,residential,373.32,19,205.35
111563731,residential,361.36,19,228.23
111564222,residential,476.71,19,285.94
112143823,residential,207.34,19,132.3
112243713,residential,308.42,19,195.97
112380259,residential,354.02,19,233.76
112380272,residential,449.67,19,287.0
112462013,residential,231.65,19,161.23
112565251,residential,269.04,19,137.35
112579232,residential,372.29,19,208.85
112647576,commercial,970.79,14,611.78
113287087,residential,319.04,19,219.08
113311401,residential,359.14,19,200.76
114786294,residential,470.33,19,326.79
115837331,commercial,1118.46,14,747.25
116070091,commercial,1525.71,14,1051.74
116070394,commercial,1778.49,14,995.51
116071523,commercial,1360.16,14,878.69
116350203,residential,381.78,19,223.48
116475321,residential,220.88,19,120.13
116595473,residential,374.06,19,207.22
116708075,residential,404.5,19,260.84
116709140,residential,403.8,19,250.61
116709178,residential,388.51,19,209.07
116709886,residential,492.08,19,327.18
117067887,residential,441.51,19,263.55
117154068,residential,229.55,19,145.1
117166791,residential,390.51,19,229.21
117173138,residential,467.53,19,261.62
117313552,residential,419.23,19,264.53
117313586,commercial,1794.78,14,1008.45
117318672,residential,318.87,19,186.19
117318695,residential,370.75,19,249.3
117340617,residential,494.29,19,281.08
117341722,residential,318.56,19,209.88
117350537,residential,285.93,19,151.3
117351176,residential,385.84,19,193.71
117757759,residential,266.99,19,170.9
118415617,residential,371.7,19,240.6
118895504,residential,222.05,19,113.18
118907944,residential,404.96,19,247.33
118927038,residential,493.93,19,290.75
119145155,residential,420.78,19,249.09
119330921,commercial,825.98,14,546.7
119980906,residential,373.09,19,219.36
120108487,residential,277.22,19,149.9
120108496,residential,201.2,19,117.07
120108573,residential,437.49,19,287.47
120115591,residential,351.55,19,209.59
121000806,commercial,1330.84,14,805.37
121004026,commercial,1282.44,14,884.15
121004115,commercial,889.74,14,583.99
121005197,commercial,872.98,14,450.98
121883113,residential,293.47,19,194.68
121981976,residential,350.18,19,187.21
122146913,residential,424.57,19,240.62
122146915,commercial,1415.84,14,759.21
122146928,residential,479.89,19,253.19
122151911,residential,465.05,19,282.67
122270533,residential,264.23,19,156.4
122270537,residential,349.65,19,196.53
122278924,commercial,1929.65,14,999.55
122278941,residential,349.23,19,217.78
122403366,commercial,1877.68,14,1231.19
122403371,commercial,1143.63,14,603.01
122409738,residential,338.79,19,187.24
122424491,residential,271.22,19,141.55
122668435,commercial,1194.32,14,643.91
122668438,commercial,1193.74,14,829.35
122668448,commercial,1903.66,14,1022.82
122668449,commercial,1683.63,14,1125.38
122668454,commercial,1868.49,14,1214.89
122668456,commercial,1980.22,14,1250.96
122668462,commercial,1482.57,14,923.32
122668472,commercial,1890.56,14,1027.83
122668477,commercial,1854.44,14,1039.38
122686412,residential,211.96,19,145.76
122686415,residential,495.07,19,312.02
122686448,residential,400.73,19,202.17
122691467,residential,422.11,19,294.39
122701298,commercial,1309.68,14,659.77
122701299,commercial,901.2,14,514.98
122701300,commercial,1661.77,14,1111.05
122701301,commercial,1211.81,14,626.23
122701312,commercial,1582.22,14,1060.21
122737527,commercial,1936.19,14,1301.03
122737532,residential,227.07,19,128.47
122738032,residential,498.33,19,257.12
122899909,residential,240.65,19,151.42
122899919,residential,343.29,19,234.66
122900608,residential,466.16,19,253.52
123103813,commercial,1834.69,14,1282.09
123103814,commercial,941.14,14,634.19
123594079,residential,497.03,19,252.29
123613244,commercial,1018.85,14,600.5
123613246,commercial,1493.54,14,947.63
123613252,commercial,1406.05,14,840.6
123613255,commercial,1768.42,14,1212.58
123613260,commercial,1515.17,14,822.19
123613262,commercial,823.92,14,508.91
123613263,commercial,1807.78,14,1201.96
124079086,residential,393.93,19,226.58
124079093,residential,499.2,19,285.0
124079095,residential,456.24,19,262.5
124388475,residential,482.65,19,279.46
124418328,commercial,999.38,14,674.8
124537328,residential,390.3,19,265.81
124537360,residential,306.54,19,190.67
124760636,commercial,988.21,14,571.41
124779974,residential,377.0,19,231.54
124779981,residential,250.37,19,128.92
124779986,residential,497.68,19,346.7
124782789,commercial,1687.7,14,1099.48
124782793,commercial,948.5,14,558.05
125111017,residential,477.36,19,316.26
125173717,commercial,1994.54,14,1100.47
128211143,commercial,1200.83,14,692.43
128211193,residential,409.88,19,280.3
128252510,commercial,1877.07,14,1033.27
128510748,commercial,1180.32,14,821.73
128510770,commercial,1823.66,14,1195.59
128510771,residential,328.44,19,209.33
128515251,residential,245.53,19,133.95
128515255,commercial,1289.58,14,664.28
128515890,residential,434.54,19,222.54
128515892,residential,375.98,19,206.37
128886906,commercial,825.05,14,523.04
129438439,residential,466.26,19,323.32
129491516,residential,401.85,19,250.92
129732438,residential,219.66,19,138.79
130121749,commercial,1184.51,14,610.29
130160819,residential,309.19,19,161.59
130510277,commercial,1131.72,14,670.74
131284500,residential,293.04,19,151.73
131487378,residential,334.59,19,227.94
131610639,residential,494.21,19,264.64
131663189,residential,236.16,19,136.77
132417298,residential,449.6,19,280.47
132782112,commercial,1654.01,14,1020.51
133020696,commercial,1654.39,14,934.9
133021451,residential,482.31,19,317.69
133021679,commercial,1549.02,14,853.45
133117257,commercial,1709.61,14,1115.51
133117493,residential,415.19,19,226.4
133189469,residential,475.42,19,273.85
133256306,commercial,1102.72,14,646.98
133296529,residential,406.88,19,205.5
133524189,residential,253.06,19,150.87
133524190,residential,448.35,19,311.56
133524193,residential,309.44,19,157.43
133630420,residential,458.19,19,271.06
133630422,residential,477.95,19,293.29
133751394,residential,472.21,19,261.58
133752863,residential,298.18,19,203.25
133881874,commercial,1860.89,14,1259.71
133881876,commercial,1350.34,14,748.05
133881878,commercial,1109.51,14,659.97
133883061,commercial,1300.54,14,698.59
133940637,residential,489.58,19,275.53
133940681,residential,440.09,19,307.5
133945834,residential,250.04,19,151.74
134099953,commercial,875.31,14,521.2
134100146,commercial,1871.13,14,1247.29
134195645,residential,397.22,19,208.33
134910209,residential,317.23,19,166.7
134987795,residential,215.34,19,131.89
134987838,residential,310.85,19,185.77
135078007,commercial,1361.74,14,923.78
135167309,residential,347.25,19,236.19
135262256,commercial,897.35,14,473.35
135262275,commercial,1301.8,14,796.2
135265533,residential,224.81,19,118.73
135266041,residential,368.58,19,206.36
135266043,commercial,1215.72,14,844.1
135271153,residential,439.39,19,246.18
136052794,residential,465.33,19,292.57
136052795,residential,301.66,19,193.04
136052796,residential,378.39,19,195.66
136997475,commercial,1197.63,14,667.28
137068510,residential,256.21,19,159.15
137223439,residential,369.21,19,224.48
137772088,commercial,1334.89,14,727.67
137772257,commercial,1005.96,14,556.74
137775971,residential,414.67,19,263.37
137776371,residential,303.53,19,176.31
137776431,residential,276.14,19,153.54
137804510,residential,487.45,19,286.08
137804511,residential,401.44,19,223.37
137804571,residential,346.76,19,239.46
137804668,residential,200.75,19,116.54
137804669,residential,328.06,19,205.38
137812657,residential,235.93,19,159.02
138123923,residential,372.52,19,213.34
138222884,residential,496.14,19,340.19
138222895,residential,447.52,19,284.99
138223970,residential,280.91,19,151.69
138290173,residential,471.38,19,321.27
138290174,residential,351.14,19,188.55
138290207,residential,301.47,19,175.62
138391763,residential,414.37,19,212.84
138714896,residential,368.93,19,195.05
138952985,residential,356.45,19,214.82
138953342,residential,462.87,19,283.66
138991391,residential,291.26,19,202.9
138991394,commercial,1898.0,14,1286.39
138991396,commercial,988.85,14,532.82
139238787,commercial,918.32,14,599.63
139372747,residential,398.99,19,231.39
139502949,residential,449.77,19,304.25
139503153,residential,438.71,19,244.81
139504303,residential,488.01,19,329.4
139635565,residential,245.4,19,157.28
139639601,residential,487.52,19,293.14
140022954,commercial,1264.25,14,715.31
140235891,residential,490.83,19,329.07
140752857,residential,476.95,19,293.89
140872075,residential,419.59,19,238.49
141211672,residential,247.55,19,145.3
141211814,residential,254.69,19,175.6
141626681,residential,246.7,19,130.89
142141356,residential,227.91,19,133.79
142262217,residential,282.05,19,160.65
142262298,residential,243.87,19,133.15
142262401,residential,271.17,19,149.06
142262525,residential,209.34,19,131.47
142263405,residential,353.42,19,218.75
142374252,residential,297.65,19,189.08
142374613,residential,351.72,19,227.92
142469141,residential,246.0,19,150.15
142740903,residential,265.65,19,154.7
143368247,commercial,1117.9,14,618.64
144771898,commercial,1356.44,14,770.46
144771903,commercial,1096.17,14,607.6
144771904,commercial,813.35,14,449.58
144963286,residential,351.26,19,228.53
145128188,commercial,889.77,14,551.59
145130697,commercial,1996.45,14,1189.09
145224051,residential,243.3,19,160.37
145265487,residential,248.15,19,167.96
145495707,commercial,1097.41,14,577.15
146202211,residential,341.05,19,208.62
146202214,commercial,1042.75,14,617.47
147230027,residential,253.27,19,151.03
147260919,residential,246.59,19,123.86
147268882,residential,306.36,19,193.82
147614265,residential,469.85,19,277.64
148075558,residential,384.44,19,238.48
148075563,residential,260.52,19,156.76
149420817,commercial,1082.76,14,669.78
149517584,residential,396.7,19,271.35
149517585,residential,268.69,19,149.85
149517592,residential,457.22,19,311.62
150593034,residential,368.58,19,194.11
151191144,residential,388.71,19,263.35
152426499,residential,390.44,19,251.06
152426534,residential,472.93,19,292.76
153929118,residential,307.6,19,171.64
154094631,residential,493.54,19,344.08
154662156,residential,466.51,19,246.48
155147355,residential,328.66,19,165.46
155167163,residential,349.51,19,199.35
155272120,residential,231.33,19,146.21
155417240,residential,202.44,19,113.4
155417500,residential,383.55,19,259.26
155417956,residential,233.2,19,153.41
155973106,residential,387.0,19,200.21
156547661,residential,316.48,19,164.31
156959704,commercial,973.75,14,504.8
157083018,residential,274.05,19,184.03
157204431,residential,288.9,19,158.82
157204436,residential,390.42,19,200.93
157835869,residential,415.43,19,279.9
158027742,residential,393.94,19,230.44
158701327,residential,220.4,19,110.72
159031320,residential,219.77,19,114.01
159853877,commercial,1310.87,14,811.7
159875836,residential,285.34,19,190.23
160011306,residential,377.54,19,196.55
160326964,residential,318.05,19,160.34
160398774,residential,212.37,19,148.33
163201014,residential,372.56,19,233.1
164598328,residential,290.67,19,161.21
164598369,residential,263.77,19,134.09
164598397,residential,443.95,19,280.22
164598428,residential,228.24,19,146.37
164598623,residential,245.25,19,135.5
166560364,residential,220.03,19,127.32
166560434,residential,366.59,19,245.22
166560435,residential,410.22,19,238.44
166560436,residential,402.65,19,279.51
166560437,residential,396.4,19,224.44
166560439,residential,316.33,19,208.93
166560440,commercial,1172.79,14,601.37
166560441,residential,238.81,19,120.73
166611418,residential,229.05,19,135.98
166611437,residential,409.35,19,206.61
168384742,commercial,1000.03,14,645.12
168968264,residential,480.68,19,245.68
169709333,commercial,1647.67,14,1052.88
169711287,commercial,1142.72,14,578.78
169801513,residential,263.98,19,143.46
169812187,residential,203.11,19,120.92
169814465,residential,266.74,19,142.36
169816703,residential,498.31,19,315.57
169817244,residential,281.86,19,172.22
169817456,residential,202.87,19,127.03
169817498,residential,426.95,19,222.74
169818351,commercial,1044.05,14,525.95
169825867,commercial,924.89,14,575.34
169827685,residential,292.16,19,159.16
169827688,commercial,1424.39,14,867.71
170199729,residential,361.9,19,213.66
170199731,residential,354.06,19,243.95
170338925,residential,257.2,19,155.11
172468949,residential,389.76,19,270.33
172883335,commercial,1886.13,14,1106.71
172903815,commercial,1865.66,14,964.92
172903817,residential,359.16,19,184.68
172920305,commercial,1292.28,14,852.76
172947356,commercial,874.22,14,519.61
173006679,commercial,1170.3,14,599.14
173006680,residential,313.75,19,207.84
173006682,commercial,1139.59,14,663.76
173435203,commercial,839.75,14,461.66
173435228,commercial,1624.75,14,1022.14
173435229,residential,451.51,19,248.4
173435230,residential,452.72,19,293.11
173470562,residential,320.32,19,223.61
173574697,commercial,1539.61,14,815.94
173577477,residential,494.55,19,262.61
174038181,residential,206.42,19,110.62
175060857,commercial,1485.0,14,942.38
175061142,residential,325.62,19,205.85
176068555,residential,377.35,19,263.47
176341868,residential,484.16,19,277.36
176342025,residential,343.36,19,205.86
176770894,residential,404.92,19,225.35
177929895,commercial,1750.64,14,883.68
178914761,residential,352.04,19,239.17
179640626,residential,230.7,19,135.03
180205464,residential,387.28,19,198.13
181331890,commercial,1758.69,14,1124.14
181461600,commercial,1673.29,14,979.45
181466412,commercial,1682.98,14,973.39
181544627,commercial,1615.25,14,1025.26
181695458,commercial,1504.5,14,860.23
181695461,commercial,1671.58,14,909.48
181699297,commercial,1968.5,14,1103.51
182038132,residential,263.14,19,167.35
182175815,residential,382.34,19,243.91
182175819,commercial,1873.73,14,1044.71
182177274,residential,414.48,19,288.68
182486346,commercial,1265.82,14,812.38
182819734,commercial,1722.16,14,978.27
184387456,residential,309.49,19,182.46
184759328,commercial,1151.61,14,700.63
184946109,residential,343.78,19,240.37
185975068,residential,398.64,19,255.76
185975845,residential,410.82,19,237.0
185977461,residential,234.91,19,156.29
186248629,residential,470.87,19,248.93
186866772,residential,257.42,19,161.52
187400967,residential,422.12,19,226.24
187765472,residential,258.84,19,133.51
187765614,residential,328.28,19,190.34
187767259,residential,282.61,19,151.39
188171495,residential,462.15,19,263.99
188208032,residential,367.62,19,184.06
188209553,residential,229.3,19,146.9
188212105,residential,208.0,19,112.17
188430969,residential,395.18,19,226.96
188431718,commercial,1089.93,14,632.85
188434386,residential,205.45,19,105.42
188623964,residential,404.18,19,272.68
188893527,residential,431.95,19,220.53
188895370,commercial,1655.44,14,1009.48
189046488,residential,205.88,19,143.85
190141669,residential,294.92,19,172.9
190144812,commercial,1365.69,14,762.17
190144828,residential,253.73,19,162.38
190387170,residential,446.68,19,249.64
191035688,commercial,1144.02,14,756.94
191035693,residential,283.16,19,171.33
192032069,commercial,1648.8,14,981.18
192032074,commercial,854.38,14,475.77
193664737,residential,460.17,19,303.09
194059735,residential,485.2,19,257.18
194580931,residential,489.87,19,275.93
194600686,residential,266.06,19,160.15
195278102,residential,213.92,19,109.56
195842851,residential,392.17,19,199.57
196302460,residential,273.55,19,146.27
197986146,residential,394.71,19,263.92
198048173,residential,293.78,19,171.63
200130973,residential,385.03,19,254.62
200750242,commercial,1010.15,14,663.82
201253299,commercial,972.41,14,561.23
201762062,residential,290.33,19,190.45
202063467,residential,312.87,19,184.71
202063468,residential,229.93,19,155.66
202063469,residential,353.2,19,197.52
202063472,residential,255.11,19,138.94
202662174,residential,242.67,19,140.36
204266412,commercial,1064.78,14,703.05
204414356,commercial,1639.4,14,1028.29
208686727,commercial,1715.2,14,1195.9
208686729,commercial,1749.04,14,974.12
208686730,residential,200.31,19,116.29
208693358,commercial,801.71,14,461.87
208693753,commercial,1597.44,14,821.77
208697532,commercial,994.66,14,591.95
208697536,commercial,1956.82,14,1184.33
208699640,commercial,1336.9,14,839.85
208699641,residential,486.4,19,307.64
208699642,residential,429.12,19,217.08
208699644,commercial,1848.78,14,997.65
208699646,commercial,1431.19,14,798.14
208699647,commercial,1693.12,14,1084.53
208701340,commercial,894.21,14,460.7
208701341,residential,482.12,19,243.63
208701342,residential,318.27,19,193.7
208701343,commercial,938.42,14,633.72
208701345,commercial,1507.84,14,961.56
208701346,commercial,1549.74,14,872.09
208701347,commercial,1143.4,14,658.55
208701348,commercial,1775.74,14,1085.2
208745482,commercial,1231.09,14,692.59
208745483,commercial,892.97,14,501.21
208745487,commercial,1931.91,14,1074.1
208745488,commercial,987.91,14,656.04
208745491,commercial,1458.57,14,820.96
208745493,commercial,1269.1,14,865.87
208746625,residential,379.81,19,221.52
208746626,residential,426.61,19,261.38
208746628,residential,338.47,19,175.33
208746629,commercial,800.92,14,468.73
208746630,commercial,1893.46,14,1280.77
208827398,commercial,1804.7,14,1176.29
208827401,commercial,1384.23,14,779.76
208827402,commercial,1743.94,14,967.5
208827403,commercial,1087.01,14,619.81
208827405,commercial,1915.53,14,1156.18
208827406,commercial,1458.25,14,1007.45
208827407,commercial,1108.53,14,728.56
208827410,commercial,1477.85,14,930.65
208827413,commercial,1106.28,14,766.04
208957570,residential,367.5,19,243.38
215972588,residential,320.2,19,202.89
217529756,residential,483.21,19,290.59
217536629,residential,329.8,19,215.36
217566868,residential,200.33,19,138.83
217566878,commercial,1251.03,14,864.51
217566879,commercial,1695.98,14,1020.25
217566881,commercial,1611.37,14,1041.03
217566882,commercial,882.81,14,605.2
217566884,commercial,1888.28,14,1063.84
217566885,commercial,891.77,14,591.43
217566886,commercial,955.98,14,634.37
217566887,residential,342.36,19,232.56
217572291,commercial,1976.04,14,1153.21
217572292,commercial,1696.35,14,945.6
218642149,commercial,1501.18,14,1021.23
218907532,residential,441.93,19,223.68
218907558,residential,297.86,19,157.68
218907561,residential,391.72,19,230.16
218907562,commercial,1685.15,14,910.51
218911639,residential,281.76,19,170.19
218919366,commercial,1572.22,14,945.58
219000787,residential,279.39,19,190.31
219000802,residential,239.84,19,125.41
219016891,residential,335.83,19,226.04
219016893,residential,431.17,19,226.3
219016895,residential,278.44,19,190.94
219016896,residential,228.05,19,151.32
219016905,residential,240.41,19,152.01
219016924,residential,379.75,19,207.92
219381649,residential,398.47,19,275.27
219618390,commercial,1457.28,14,965.11
219618391,commercial,1334.95,14,674.43
219618418,residential,221.18,19,118.46
219618419,commercial,999.74,14,648.31
219618421,residential,335.46,19,173.11
221313795,residential,487.43,19,337.72
223045623,residential,444.4,19,307.54
224621538,commercial,1081.27,14,588.01
226065770,commercial,1523.59,14,1026.77
226529040,residential,416.04,19,243.83
227096526,residential,230.17,19,152.99
227097031,residential,491.0,19,318.91
227097740,residential,310.45,19,214.11
227098151,residential,264.18,19,147.17
229037226,residential,204.07,19,103.65
229037337,residential,346.89,19,190.37
229628369,residential,303.12,19,160.24
230229162,commercial,1597.3,14,1112.46
230468433,residential,341.89,19,209.22
230469051,residential,460.82,19,284.23
230469462,commercial,1108.24,14,768.85
230863017,residential,216.23,19,119.84
231521949,residential,247.99,19,129.55
231529153,residential,270.72,19,150.93
231529158,residential,230.1,19,160.14
232235456,residential,440.79,19,276.61
232238868,residential,308.3,19,179.3
232238869,residential,296.72,19,190.53
232239478,residential,302.38,19,179.45
232327875,residential,442.86,19,289.65
232329241,commercial,1177.01,14,599.84
232332726,residential,369.47,19,193.14
232333306,residential,377.59,19,209.61
232333307,residential,377.16,19,200.2
232430926,residential,372.47,19,191.97
232431133,residential,430.07,19,281.34
232657594,commercial,807.13,14,547.59
232866008,residential,327.28,19,168.11
232892803,commercial,1711.21,14,1022.08
232970396,commercial,1944.01,14,1105.67
232972967,commercial,1912.4,14,1108.38
232973995,commercial,822.09,14,464.05
232973997,commercial,1200.66,14,607.02
232978094,residential,201.33,19,108.59
232980250,residential,259.9,19,179.52
232981267,residential,241.62,19,121.16
232981268,residential,329.05,19,166.89
232983507,residential,496.79,19,257.6
232983673,residential,330.13,19,220.31
233001388,commercial,1069.73,14,576.63
233003597,residential,345.43,19,240.25
233003773,commercial,1363.07,14,910.74
233003774,residential,391.91,19,214.02
233006409,residential,341.07,19,186.84
233006410,residential,405.86,19,214.18
233094034,residential,244.71,19,136.72
233201273,residential,346.22,19,217.2
233202147,residential,370.25,19,233.41
233391055,residential,373.71,19,240.04
236668473,residential,424.17,19,257.09
236669244,residential,444.66,19,266.11
236670154,residential,486.89,19,253.27
236670240,residential,363.09,19,227.32
236693943,residential,376.18,19,189.28
236694109,residential,230.22,19,143.9
236694288,residential,458.63,19,261.61
236730838,residential,368.24,19,196.53
236814188,residential,205.8,19,129.44
236947469,commercial,1436.2,14,861.17
236976148,residential,244.32,19,132.21
236976150,commercial,1901.84,14,1113.85
237060204,residential,480.67,19,325.69
237063429,residential,478.27,19,286.52
237063440,residential,280.4,19,173.12
238031280,residential,233.4,19,138.32
238289623,residential,403.43,19,272.9
238289646,residential,426.95,19,263.12
238571959,residential,315.38,19,205.15
238581403,residential,297.39,19,176.16
238582593,residential,363.83,19,193.19
239072206,residential,438.03,19,270.81
239436411,commercial,894.93,14,496.76
239451831,residential,392.59,19,261.62
239586703,residential,259.09,19,161.24
239588887,residential,263.06,19,174.2
239599065,residential,394.11,19,226.27
243396964,residential,336.27,19,210.94
243553544,commercial,1815.51,14,984.93
243554710,residential,352.75,19,217.69
243898038,residential,392.61,19,223.25
243932085,residential,361.54,19,185.51
245806441,commercial,943.42,14,492.24
246344386,residential,228.17,19,148.78
247572210,residential,392.9,19,221.76
248099390,commercial,1046.85,14,541.52
248437741,residential,464.51,19,302.59
249233210,residential,280.48,19,142.7
254334628,residential,297.97,19,182.88
256685820,commercial,1613.89,14,894.33
257661992,residential,297.1,19,181.1
259063320,commercial,1403.38,14,945.63
259157353,residential,466.96,19,261.91
259160039,residential,276.84,19,186.5
259181617,commercial,1146.03,14,746.9
259191813,commercial,1768.92,14,990.68
260359250,residential,451.84,19,303.08
261043856,residential,340.93,19,216.99
262491688,residential,216.64,19,130.01
263668180,commercial,1500.49,14,858.66
263923063,residential,388.31,19,199.52
264038069,residential,268.59,19,153.26
264139928,residential,229.24,19,138.23
264885186,residential,222.04,19,128.73
265565391,commercial,1798.82,14,997.31
266310354,residential,390.81,19,271.78
266537221,residential,244.08,19,148.62
266744402,residential,362.92,19,251.41
266744565,residential,290.25,19,184.91
272973474,residential,354.21,19,212.81
282860645,commercial,1350.85,14,714.07
283808742,residential,260.54,19,170.69
285465921,residential,369.6,19,241.77
285466414,residential,234.56,19,156.54
285608036,residential,498.49,19,259.42
285608037,residential,384.58,19,221.99
287103311,residential,488.38,19,264.81
287872486,residential,467.99,19,298.64
290191383,commercial,1780.53,14,894.64
290363186,commercial,1881.53,14,1255.96
291266074,commercial,1375.82,14,876.09
297042986,residential,429.4,19,234.71
301754965,residential,293.67,19,198.85
302359306,residential,423.89,19,229.16
304482165,residential,430.49,19,258.04
304772485,residential,301.79,19,180.35
306079940,residential,454.3,19,261.22
306514355,residential,413.23,19,274.24
306520671,commercial,1307.74,14,713.55
308682772,commercial,1450.37,14,768.98
309161351,residential,431.72,19,268.74
309450890,residential,232.65,19,160.36
309688622,residential,410.99,19,284.32
310345249,residential,201.8,19,111.58
310345250,residential,450.22,19,311.04
310456338,residential,490.43,19,274.98
310909494,residential,206.89,19,126.53
312720671,residential,442.74,19,276.36
312904028,commercial,1577.1,14,972.37
313191027,commercial,960.49,14,665.15
313830633,residential,451.83,19,288.73
314609681,residential,206.24,19,129.9
314616178,residential,402.64,19,278.44
316015845,residential,391.13,19,242.79
316018414,commercial,1194.71,14,723.95
317760346,commercial,1290.94,14,703.0
320455185,commercial,1584.24,14,1023.06
321498181,residential,390.89,19,233.92
322947140,residential,474.87,19,245.5
322954720,residential,448.52,19,261.59
323010664,residential,459.41,19,256.07
323036050,residential,260.65,19,151.64
323047914,commercial,1609.49,14,1072.45
323047915,residential,253.46,19,171.64
323094323,residential,252.29,19,143.12
323094325,residential,277.38,19,144.09
323094327,residential,205.72,19,114.81
323121671,commercial,1053.93,14,593.06
323207011,residential,271.26,19,137.27
323217248,residential,488.33,19,267.87
323217250,commercial,1913.53,14,1319.16
323217251,commercial,1505.66,14,790.6
323217252,residential,208.79,19,118.23
323217253,residential,272.62,19,167.19
323217254,residential,353.76,19,235.75
323217255,commercial,1420.14,14,918.75
323217262,commercial,1079.32,14,705.67
323217496,residential,376.73,19,230.21
323220377,commercial,992.41,14,558.36
323220380,commercial,1978.86,14,1209.02
323458353,commercial,1650.25,14,1131.96
323629916,commercial,1259.76,14,804.49
323642598,residential,354.32,19,227.76
323642599,residential,405.14,19,248.55
323852394,residential,369.28,19,235.62
323852398,commercial,1929.78,14,1317.46
323946095,residential,345.73,19,224.1
323946096,residential,481.66,19,266.01
323946097,residential,242.15,19,133.16
323946098,residential,312.52,19,177.94
323946099,residential,216.35,19,124.55
323946101,residential,335.6,19,222.6
324204464,commercial,999.59,14,664.77
324698164,commercial,1869.56,14,1076.9
325436707,commercial,1295.88,14,783.92
325854824,residential,441.58,19,254.25
325926779,commercial,1287.79,14,775.61
326180339,residential,301.74,19,197.12
326468263,residential,402.79,19,251.4
326491691,commercial,1461.05,14,1017.75
327032475,commercial,1522.97,14,813.22
327059482,commercial,1802.99,14,1196.57
327534076,commercial,985.38,14,556.45
327534077,commercial,1635.11,14,1033.82
327534078,commercial,1749.19,14,1024.52
327551782,commercial,1675.5,14,952.93
327551791,commercial,1303.18,14,809.13
328894846,commercial,890.62,14,581.99
328996274,commercial,802.82,14,444.75
329298737,residential,411.03,19,268.38
330057890,residential,413.42,19,244.48
330072418,residential,287.27,19,146.39
330072419,residential,220.27,19,116.6
330072421,residential,385.66,19,248.08
330079114,commercial,1091.05,14,727.31
331184054,residential,337.5,19,175.24
331352084,commercial,1347.13,14,913.76
331352085,commercial,821.97,14,471.58
331376862,residential,231.09,19,129.55
331382761,commercial,1615.17,14,1099.26
331382780,residential,288.61,19,145.7
331538350,commercial,1061.79,14,594.6
331669900,commercial,859.94,14,446.58
331670041,commercial,1348.04,14,942.78
331670260,residential,418.87,19,226.77
331670261,commercial,1909.26,14,1033.06
331670262,commercial,1230.73,14,633.1
331807248,commercial,1603.89,14,1117.35
331807249,residential,255.46,19,156.22
331807250,residential,471.44,19,307.07
331811886,commercial,1176.73,14,689.7
331811887,commercial,1985.45,14,1271.82
331811889,residential,276.17,19,138.26
331814097,residential,290.96,19,167.86
331814746,residential,324.49,19,197.23
332092442,residential,398.02,19,231.23
332907587,commercial,1949.74,14,1194.04
333728073,residential,447.92,19,304.12
334455498,commercial,1011.94,14,566.6
334633607,residential,305.92,19,180.01
334651225,residential,356.74,19,207.79
334651226,commercial,1506.4,14,803.06
334653047,residential,299.37,19,152.32
334653051,residential,476.88,19,330.2
334654790,residential,383.7,19,194.89
334654791,commercial,1544.98,14,847.88
334654792,residential,385.74,19,267.58
334955890,residential,367.75,19,190.23
334955891,residential,282.69,19,157.63
335169246,commercial,1896.1,14,1215.74
335404563,commercial,943.89,14,515.77
338103089,residential,338.72,19,211.62
338103139,commercial,1913.56,14,1159.48
338103140,commercial,1905.13,14,1042.88
338103198,residential,345.07,19,189.5
338103868,residential,202.8,19,121.57
338104618,residential,480.37,19,302.67
338105673,residential,441.91,19,283.67
338106449,commercial,1803.09,14,971.92
340241105,residential,477.35,19,310.47
340241106,commercial,1213.86,14,748.19
340255771,residential,312.0,19,166.81
343138212,residential,297.05,19,165.17
343141799,residential,223.63,19,153.4
343624635,residential,225.59,19,123.62
343628951,residential,357.0,19,235.69
343842766,commercial,955.99,14,555.73
343842772,residential,431.32,19,246.84
343842774,residential,310.76,19,210.44
343842775,residential,274.92,19,186.96
343842778,commercial,1787.37,14,929.11
343842783,residential,241.42,19,151.84
343842786,residential,353.96,19,211.86
343842789,residential,315.69,19,183.94
343842792,residential,257.73,19,178.84
343842793,residential,457.11,19,310.5
343842794,residential,298.6,19,199.81
343842795,residential,393.58,19,259.13
343842796,residential,392.82,19,203.95
343842804,residential,220.98,19,121.33
343885049,residential,325.27,19,200.82
344100106,commercial,1785.86,14,1170.84
344322138,commercial,1272.59,14,876.23
345868197,residential,373.03,19,227.12
346150335,residential,442.29,19,258.47
346177585,commercial,1477.19,14,965.85
346223765,residential,392.66,19,212.84
346239710,residential,313.54,19,216.97
346239997,residential,363.57,19,245.05
346444839,commercial,1098.27,14,552.89
346460207,commercial,1897.4,14,1286.79
346492924,residential,489.16,19,249.88
346518846,commercial,859.11,14,527.69
346520717,commercial,1273.2,14,791.94
346520718,commercial,1652.54,14,982.63
346526290,commercial,1783.54,14,996.87
346714189,residential,483.32,19,277.83
346714976,residential,266.26,19,164.64
346754238,residential,324.24,19,225.88
347029160,residential,295.6,19,198.87
347144592,residential,371.6,19,247.03
347145385,commercial,1489.6,14,754.16
347159781,commercial,923.07,14,581.59
347167686,residential,343.66,19,224.8
347196366,residential,295.64,19,166.97
347434793,residential,275.64,19,171.55
347438356,residential,490.23,19,294.74
347478228,residential,451.56,19,269.14
347537295,residential,336.16,19,229.45
347593507,residential,306.7,19,209.56
348375410,commercial,1915.17,14,1270.47
348453590,residential,450.2,19,243.14
348498281,residential,241.65,19,150.3
349098891,residential,336.22,19,185.64
349502232,residential,289.33,19,167.73
349654005,commercial,880.96,14,512.09
351346801,residential,473.19,19,327.52
351415565,residential,299.39,19,161.76
351585566,residential,455.64,19,262.84
352481876,residential,256.24,19,149.42
352740640,residential,378.29,19,225.07
352974094,commercial,1870.36,14,944.71
353236629,residential,475.03,19,322.22
353374559,commercial,1277.53,14,723.64
353374565,commercial,1617.29,14,864.23
353981011,commercial,1415.25,14,977.26
357144582,residential,442.19,19,231.22
358330818,residential,285.22,19,181.28
359083455,residential,377.33,19,216.05
360342802,commercial,1429.05,14,719.86
360343564,residential,317.39,19,160.22
361528993,commercial,990.78,14,602.89
361567930,residential,310.63,19,162.21
361568357,residential,379.49,19,259.04
361569047,residential,417.98,19,237.28
362880382,residential,321.72,19,165.33
363085001,residential,230.61,19,148.17
363104747,residential,344.46,19,227.04
363116234,residential,312.16,19,175.05
363147254,residential,410.21,19,243.23
363454314,commercial,819.37,14,566.29
363454315,commercial,1063.95,14,577.51
363454316,commercial,1435.73,14,816.65
363456522,commercial,1508.39,14,920.13
363612211,commercial,1277.68,14,849.77
364495430,residential,316.91,19,194.28
364692609,residential,475.63,19,287.62
365255375,residential,350.54,19,192.62
365273817,residential,473.0,19,261.35
366244149,residential,443.14,19,304.54
366244494,commercial,1759.32,14,1112.22
366257070,residential,300.96,19,206.36
366701247,residential,318.43,19,166.43
366702185,residential,440.28,19,223.97
367605330,residential,465.87,19,265.47
367605331,residential,433.85,19,234.95
367605349,residential,385.01,19,236.16
367605353,residential,440.85,19,264.51
367605354,residential,324.11,19,196.06
368126224,residential,499.38,19,296.4
368274331,residential,457.75,19,228.98
368274332,residential,251.43,19,135.52
368274334,commercial,1379.53,14,935.75
368401557,commercial,1109.0,14,696.87
368504354,residential,350.25,19,201.2
368504780,residential,303.73,19,206.66
368722867,residential,404.58,19,238.53
368769035,residential,324.9,19,183.46
368769046,residential,499.43,19,313.59
368769671,commercial,1237.01,14,802.93
368773893,commercial,1283.11,14,644.8
368775238,commercial,996.92,14,508.76
368775239,commercial,1641.14,14,1050.0
369295555,commercial,1303.49,14,814.66
369295557,commercial,1371.38,14,762.06
369295558,commercial,1708.12,14,907.83
369295568,commercial,1305.32,14,684.49
369384573,residential,370.8,19,243.56
369835812,residential,488.73,19,256.51
369835816,residential,245.45,19,123.16
369835819,residential,485.62,19,279.42
369835822,residential,214.62,19,124.87
369870619,residential,402.92,19,264.88
370301096,commercial,1920.17,14,1235.51
370301097,commercial,1125.66,14,666.07
370301098,commercial,1403.47,14,824.85
370322276,residential,374.69,19,244.12
370327479,commercial,1858.41,14,1195.57
370381642,commercial,906.36,14,613.74
370387413,residential,412.4,19,256.27
370388045,commercial,1619.82,14,1021.02
370388047,commercial,1136.22,14,760.37
370526798,residential,227.94,19,118.09
370526799,residential,295.96,19,183.03
370527776,residential,328.26,19,215.73
371602981,residential,288.78,19,183.24
371602982,commercial,1880.87,14,1099.93
371602984,commercial,1903.07,14,1286.59
371605139,commercial,1555.26,14,788.71
372083761,commercial,1404.09,14,934.35
373409692,commercial,823.07,14,569.5
373570584,commercial,1889.01,14,1224.39
373787222,residential,274.57,19,189.03
373787224,residential,368.74,19,216.82
373787227,residential,494.63,19,299.83
373787229,residential,207.02,19,127.34
373787231,residential,387.43,19,230.51
373787232,residential,296.66,19,181.35
373812696,residential,450.25,19,283.43
374694460,residential,311.34,19,159.25
374694463,residential,364.68,19,228.34
374746498,commercial,865.66,14,491.14
378413913,residential,492.63,19,337.06
378414548,residential,348.85,19,189.7
378615437,residential,243.71,19,155.96
383057933,commercial,1306.48,14,774.32
383568896,residential,235.91,19,124.64
385359250,residential,292.08,19,201.99
388309530,commercial,1710.56,14,917.98
389341674,residential,430.88,19,264.13
391140243,commercial,1297.85,14,795.86
391140244,commercial,1082.08,14,709.17
391140245,commercial,914.31,14,547.66
391140246,residential,406.27,19,219.99
393657985,residential,492.71,19,334.03
394253548,residential,390.83,19,243.26
395084901,residential,249.24,19,166.66
395490284,residential,320.75,19,172.0
395490285,residential,410.78,19,260.43
395490291,residential,380.29,19,204.18
395490293,residential,217.99,19,118.84
395505146,residential,453.1,19,232.07
395505149,residential,398.16,19,241.75
395505151,residential,333.15,19,187.17
395505155,residential,315.1,19,164.21
395505156,residential,401.69,19,202.06
395505158,residential,430.39,19,272.36
395505159,residential,208.17,19,107.98
395954132,commercial,1869.17,14,1094.49
396517426,commercial,1524.04,14,799.67
396517428,residential,494.88,19,345.8
396517430,residential,470.24,19,326.01
396518545,commercial,1566.66,14,856.21
396654009,residential,293.98,19,181.63
397787926,residential,293.64,19,147.98
397787927,residential,433.65,19,227.74
397787931,residential,432.53,19,278.78
397787932,residential,408.87,19,279.79
397787933,residential,479.93,19,258.1
397789907,residential,386.56,19,223.2
397789908,residential,213.51,19,133.77
397789909,residential,293.68,19,157.94
397794672,residential,351.99,19,245.76
397797211,residential,464.76,19,277.65
397797748,residential,266.97,19,137.68
397797749,residential,338.34,19,234.23
397797750,residential,245.22,19,142.59
397797751,residential,414.53,19,280.31
397797752,residential,486.61,19,294.06
397798254,commercial,1433.59,14,761.64
400467515,commercial,1560.76,14,967.22
400475394,commercial,1641.72,14,889.32
400484615,commercial,1405.68,14,866.09
400484616,commercial,1379.34,14,959.04
400484617,commercial,852.31,14,569.45
400484619,commercial,1620.0,14,898.77
400484621,residential,253.41,19,134.71
400484622,commercial,918.73,14,521.44
401998711,commercial,1276.06,14,686.08
401998712,commercial,1395.48,14,772.51
401998715,commercial,1214.19,14,813.58
401998716,commercial,1051.31,14,640.37
402004566,residential,285.05,19,151.82
402011849,residential,260.69,19,156.45
402812678,residential,330.77,19,186.71
402812679,residential,321.23,19,211.87
403024944,residential,434.86,19,226.73
403473921,residential,339.11,19,208.65
403473924,commercial,1402.26,14,831.63
403473962,residential,256.41,19,152.65
403473967,commercial,875.86,14,567.47
403476603,residential,274.31,19,148.39
405141209,commercial,1392.36,14,845.61
405141210,commercial,1306.27,14,688.33
405141212,commercial,1807.05,14,929.54
405141214,commercial,869.69,14,479.49
405141230,commercial,1263.22,14,814.31
405141231,commercial,1744.62,14,1106.91
405141232,commercial,1812.17,14,928.86
405141234,commercial,1044.8,14,566.3
405429048,residential,347.75,19,195.77
405430812,commercial,1612.23,14,918.85
405432271,residential,490.11,19,249.32
405464107,residential,381.79,19,226.09
408154459,commercial,1542.02,14,880.67
408154460,commercial,1425.32,14,841.07
408154461,residential,272.81,19,160.67
408154462,residential,244.87,19,137.38
408154464,commercial,1835.98,14,1206.05
408154465,residential,270.98,19,182.61
408154466,residential,283.85,19,183.35
408154467,commercial,1921.75,14,1085.66
408154468,residential,284.14,19,161.88
408154469,commercial,1216.67,14,695.9
408154470,commercial,1666.66,14,1064.18
408154471,residential,369.75,19,200.27
408154472,commercial,1724.65,14,937.18
408154473,residential,327.38,19,201.18
408154475,residential,258.48,19,151.88
408154476,residential,213.89,19,111.64
408154477,commercial,1460.01,14,865.62
408154478,commercial,1979.3,14,1123.96
408154479,residential,249.82,19,164.24
408154480,commercial,978.37,14,576.96
408157836,commercial,997.4,14,504.31
408157837,commercial,1526.35,14,969.25
408157839,commercial,1753.82,14,1104.34
408157840,commercial,1355.08,14,935.19
408157841,commercial,1381.66,14,944.4
408157843,commercial,1559.9,14,945.72
408157844,commercial,1074.11,14,626.09
408157845,commercial,1857.27,14,1092.57
408157847,commercial,1703.04,14,990.56
408157848,commercial,1663.07,14,865.01
408157850,commercial,1335.27,14,848.27
408157851,commercial,1166.77,14,770.72
408157853,commercial,1406.32,14,812.49
408157854,commercial,1772.74,14,1136.62
408160891,residential,250.2,19,164.44
408160892,commercial,1652.9,14,922.04
408160893,residential,367.82,19,256.05
408160894,residential,298.05,19,185.03
408160895,commercial,1049.54,14,635.35
408160896,residential,300.54,19,171.17
408160897,commercial,1335.56,14,745.38
408160898,residential,422.39,19,259.22
408160899,residential,293.88,19,159.44
408160900,commercial,1633.45,14,1024.21
408160901,residential,370.13,19,214.02
408160902,residential,429.18,19,223.04
408160903,residential,328.26,19,225.37
408161879,residential,411.79,19,231.61
408161880,residential,329.98,19,196.19
408162740,residential,469.08,19,245.06
408162741,residential,423.6,19,245.67
408162742,residential,348.28,19,224.9
408162969,residential,271.55,19,188.18
408162970,residential,208.07,19,127.86
408165572,residential,223.71,19,155.63
408165574,commercial,1739.74,14,945.84
408165576,commercial,840.48,14,546.95
408165577,commercial,870.78,14,444.1
408165578,commercial,1816.43,14,1219.83
408165579,residential,211.4,19,112.56
408165580,residential,365.6,19,197.98
408165581,residential,460.77,19,317.87
408165582,commercial,804.67,14,491.32
408165583,residential,291.03,19,178.5
408168806,residential,213.43,19,124.59
408168807,residential,365.3,19,190.91
408168808,residential,421.07,19,259.98
408168809,residential,321.48,19,202.43
408168812,residential,281.37,19,141.06
408168813,commercial,1376.26,14,708.87
408248124,commercial,1433.37,14,826.42
408248126,commercial,1788.27,14,1244.21
408838799,residential,378.57,19,262.13
408839285,residential,239.42,19,123.08
408938060,residential,248.0,19,156.74
411036476,residential,347.5,19,229.59
411036521,residential,307.82,19,187.18
411036526,residential,429.58,19,240.43
411043596,residential,200.59,19,135.35
411043597,commercial,1376.41,14,839.28
411043599,residential,296.68,19,160.96
411043601,commercial,1558.04,14,828.93
411043602,commercial,1520.2,14,906.31
411044708,commercial,1526.86,14,857.79
411055260,commercial,1952.63,14,1250.7
411067270,commercial,1821.81,14,1226.12
411067271,commercial,1030.14,14,547.9
411067273,commercial,1505.0,14,1015.81
411069166,commercial,847.49,14,479.78
413271616,residential,381.77,19,219.44
413271617,residential,481.09,19,257.54
413271618,residential,268.82,19,170.6
413271619,residential,310.72,19,200.87
413271620,residential,322.46,19,184.43
413271622,residential,262.61,19,173.79
413271623,residential,483.17,19,258.5
413529814,residential,282.22,19,186.64
414821492,residential,235.58,19,155.83
414821493,residential,498.81,19,264.04
414821495,commercial,1608.82,14,838.67
414833842,commercial,1138.98,14,758.9
414833843,commercial,1978.11,14,1017.55
414833854,residential,464.83,19,246.7
414833855,residential,448.71,19,311.46
414833856,residential,282.75,19,165.19
414833858,commercial,1518.13,14,771.25
414834473,residential,281.44,19,143.55
414836208,residential,333.22,19,230.21
414836209,residential,477.37,19,279.6
414836213,commercial,1451.51,14,935.94
414836215,residential,349.72,19,236.76
414837838,residential,377.76,19,193.54
414837841,residential,243.1,19,129.87
414837847,residential,467.31,19,323.17
414837848,commercial,898.31,14,503.58
414837849,residential,452.51,19,240.52
414838097,commercial,1665.24,14,964.05
414840789,residential,423.62,19,237.31
414842308,commercial,1227.05,14,715.48
414842346,commercial,1717.09,14,1018.37
414842348,commercial,1435.76,14,828.83
414842349,commercial,1787.61,14,1007.88
414842351,commercial,1894.89,14,1092.11
414843098,commercial,1353.25,14,891.5
414843099,commercial,1573.58,14,795.05
415116795,residential,433.61,19,267.1
415116833,residential,278.31,19,151.57
415116834,residential,402.87,19,242.58
415116837,residential,300.88,19,153.39
416707221,residential,280.68,19,194.48
416736193,commercial,1981.01,14,1212.85
416736202,residential,291.56,19,186.94
416736209,residential,339.93,19,187.0
416736216,residential,460.84,19,256.54
416736222,commercial,1131.11,14,716.98
416736228,residential,320.02,19,210.82
416736235,residential,260.51,19,146.6
416736239,commercial,1158.73,14,677.9
416736247,residential,414.05,19,247.53
416736253,commercial,1849.57,14,1133.88
416736259,residential,200.71,19,134.79
416736266,residential,439.37,19,244.88
416736270,residential,484.8,19,264.68
416736277,residential,411.01,19,243.38
419816003,residential,482.26,19,278.44
419816259,residential,228.98,19,126.38
419816260,residential,426.82,19,287.23
419816261,residential,338.06,19,205.39
419816262,residential,403.52,19,213.83
419816263,residential,436.89,19,242.81
419816264,commercial,1731.54,14,870.85
419816265,commercial,1709.8,14,1161.03
419816474,residential,451.62,19,237.44
419816558,residential,208.39,19,104.76
421097872,commercial,1456.47,14,948.33
421097873,commercial,1773.23,14,1071.15
421102472,commercial,1960.07,14,1206.41
421102473,commercial,1427.05,14,797.11
421114600,commercial,1276.36,14,880.54
421114601,commercial,1549.44,14,951.66
421114602,commercial,1972.63,14,1057.04
421114603,commercial,1423.28,14,986.2
421116112,commercial,914.54,14,628.35
421116115,commercial,1360.94,14,876.87
421217255,residential,402.22,19,275.31
422438642,residential,255.33,19,162.95
422438644,residential,341.59,19,230.57
422438645,residential,283.9,19,149.26
422439678,residential,472.78,19,296.33
422455495,residential,369.45,19,254.08
422455496,residential,305.96,19,191.23
422455497,commercial,986.82,14,557.88
422455498,residential,246.06,19,167.34
422455499,residential,203.99,19,110.9
422455500,residential,495.43,19,331.96
422455501,residential,208.18,19,105.79
422455502,residential,307.43,19,157.13
422455503,residential,489.32,19,316.71
422455504,residential,339.6,19,237.47
422455505,residential,240.08,19,152.06
422455506,residential,233.58,19,144.91
422455507,residential,334.59,19,169.86
422455508,residential,462.26,19,259.05
422455509,residential,221.36,19,126.65
422455949,residential,285.68,19,195.28
422455950,residential,468.08,19,251.87
422457123,residential,290.01,19,197.9
422457125,residential,335.45,19,189.13
422457127,residential,294.4,19,204.32
422457128,residential,273.56,19,157.94
422457129,commercial,1178.29,14,675.23
422457130,residential,433.19,19,254.41
422457993,commercial,1170.67,14,673.12
422457996,residential,317.0,19,214.81
422458085,residential,266.97,19,136.04
422458086,commercial,1803.7,14,1056.44
422458087,residential,468.27,19,327.67
422458088,residential,431.45,19,285.42
422458089,residential,476.24,19,295.22
422458090,residential,451.36,19,242.79
422461611,commercial,1421.07,14,869.77
422471312,residential,241.44,19,121.3
422471313,residential,467.63,19,294.38
422471314,residential,468.03,19,307.01
422662134,residential,389.76,19,205.11
422817360,commercial,1106.03,14,575.05
422817361,residential,470.69,19,264.03
422817362,commercial,923.38,14,463.83
425797659,residential,226.61,19,144.47
425797660,residential,474.35,19,276.3
425797661,residential,402.5,19,258.58
425797662,residential,422.77,19,233.22
425797663,residential,386.33,19,204.85
425797664,residential,396.44,19,264.95
425797665,residential,457.19,19,254.13
427568002,commercial,1291.87,14,687.41
428143084,residential,380.22,19,246.78
428143089,commercial,1572.38,14,1048.73
428170665,residential,437.74,19,297.17
428170666,residential,362.3,19,244.01
428170667,residential,279.24,19,149.68
428170668,residential,417.64,19,229.66
428170669,commercial,1800.81,14,1239.31
428170670,residential,338.46,19,183.73
428170671,residential,417.42,19,237.94
428170672,commercial,895.5,14,525.73
428170673,residential,333.32,19,231.44
428170674,residential,399.78,19,250.95
428170675,residential,442.66,19,277.05
428170676,residential,365.45,19,238.28
428170677,commercial,1079.58,14,587.89
428170678,commercial,1489.15,14,890.47
428170679,residential,404.12,19,279.86
428170680,commercial,1191.14,14,743.25
428170681,commercial,1163.46,14,598.38
428170682,residential,488.55,19,289.79
428170683,commercial,815.27,14,414.78
428170684,residential,275.31,19,170.9
428170685,residential,358.92,19,183.27
428170686,residential,240.09,19,152.15
428170687,residential,395.07,19,217.62
431603158,residential,430.32,19,284.54
431603159,residential,217.61,19,150.91
431814847,residential,345.6,19,226.76
432594248,residential,412.51,19,268.09
437438966,commercial,1052.81,14,654.12
437536498,commercial,1835.52,14,1188.2
437536510,residential,242.65,19,128.32
437536511,residential,304.06,19,191.39
437536512,residential,248.42,19,148.35
437536513,residential,324.28,19,170.21
437536514,residential,325.03,19,184.91
437536515,residential,306.17,19,191.88
437536516,residential,331.62,19,223.49
437539068,residential,383.18,19,250.97
437584787,commercial,1129.78,14,726.69
439843205,residential,338.87,19,235.9
439843206,residential,337.1,19,214.91
439843208,residential,225.74,19,136.5
439843209,commercial,927.04,14,577.06
439881035,residential,494.25,19,285.43
440159712,commercial,1162.35,14,778.74
440159716,residential,499.99,19,346.61
440182101,commercial,1091.24,14,607.57
442048043,commercial,1141.72,14,573.12
442048044,commercial,1190.58,14,613.79
444787055,residential,280.58,19,162.65
447359508,residential,355.06,19,201.95
448349260,residential,423.29,19,246.07
448900270,residential,215.38,19,119.52
448900283,residential,486.41,19,250.76
449855984,residential,413.4,19,272.87
449855985,residential,440.5,19,284.47
449855986,residential,492.55,19,314.97
449855987,residential,414.63,19,232.09
450307517,residential,475.58,19,329.11
450307524,residential,246.35,19,164.94
450309829,residential,366.47,19,208.11
450523337,residential,416.08,19,218.16
450523338,residential,325.56,19,182.74
450523339,residential,348.19,19,212.59
450523340,residential,471.61,19,294.54
450523341,residential,298.59,19,176.06
450523342,residential,444.4,19,268.77
450523343,residential,466.73,19,260.05
450523344,residential,401.13,19,270.66
450524936,residential,288.04,19,145.81
450524937,residential,422.7,19,289.56
450524943,residential,215.1,19,114.6
450537530,residential,229.52,19,137.05
450537541,commercial,1398.25,14,931.63
450546984,commercial,1695.79,14,859.21
450546985,commercial,1814.11,14,948.85
450547673,residential,347.9,19,203.1
450550412,residential,310.39,19,168.08
450550413,residential,348.41,19,216.19
450550419,residential,209.76,19,123.38
450550420,commercial,1047.25,14,641.02
450584261,residential,232.23,19,127.76
450584274,residential,316.25,19,162.12
450601454,residential,424.82,19,233.56
450762934,residential,243.82,19,124.19
450796292,residential,482.06,19,273.32
451336244,residential,261.15,19,131.66
452581282,residential,263.74,19,141.71
452723282,residential,360.92,19,236.61
454700245,residential,493.85,19,296.85
454700246,residential,487.01,19,303.12
454700250,residential,248.08,19,151.36
454707665,residential,373.21,19,248.09
454874716,residential,418.41,19,277.21
457146565,residential,201.77,19,114.07
460225724,commercial,1485.13,14,852.81
460225725,commercial,1530.68,14,882.56
460225727,residential,387.0,19,258.95
460225734,commercial,1709.73,14,876.55
460225735,commercial,1823.61,14,1126.23
460225736,residential,264.75,19,151.58
460225762,commercial,819.36,14,540.05
460225763,commercial,1955.55,14,1124.74
460600476,commercial,1444.14,14,1005.47
460901675,commercial,1576.18,14,1036.96
464678979,residential,387.64,19,215.02
469210803,residential,286.75,19,200.51
469401559,residential,489.11,19,250.99
469498319,residential,285.88,19,156.51
470182239,commercial,1565.96,14,864.52
470531120,residential,270.36,19,157.02
472322380,residential,351.83,19,199.69
472659589,residential,320.6,19,222.76
473575814,commercial,1677.17,14,982.44
473575815,commercial,1879.4,14,1022.68
473575818,commercial,1579.05,14,871.29
473575819,commercial,1876.77,14,942.75
473575831,commercial,1109.32,14,725.93
473575832,commercial,1697.46,14,1054.19
473575833,commercial,1392.05,14,875.3
473575834,commercial,1686.71,14,1086.64
475637553,residential,288.59,19,180.46
475874711,residential,484.55,19,300.75
475874712,residential,287.85,19,159.74
476028225,residential,464.51,19,238.95
479433854,commercial,1645.21,14,894.48
479865630,residential,315.09,19,204.95
482007061,residential,477.58,19,252.47
486966286,residential,414.77,19,269.26
487956079,commercial,1679.56,14,1142.12
487958119,commercial,1793.32,14,1071.35
488164251,residential,434.15,19,231.87
488714236,residential,431.03,19,231.34
493372455,residential,314.45,19,201.51
494678973,residential,344.01,19,190.99
494678976,residential,425.29,19,263.43
494836088,commercial,1339.42,14,833.14
496396728,commercial,1569.54,14,1048.33
502805799,residential,243.64,19,146.32
507886812,residential,334.32,19,200.0
508858599,residential,408.57,19,231.28
508858641,residential,379.05,19,195.74
512481162,residential,429.36,19,221.44
512484550,residential,360.29,19,219.25
513196700,residential,407.78,19,236.84
513199848,residential,390.37,19,244.85
513430908,residential,465.89,19,283.67
514073928,commercial,1532.69,14,1044.03
514270013,residential,428.95,19,293.26
525509298,residential,331.68,19,215.57
525509461,residential,397.3,19,261.89
525509503,residential,215.13,19,115.51
525512333,residential,217.61,19,139.19
525513938,residential,263.87,19,166.58
527186400,residential,379.2,19,263.82
527186406,residential,249.35,19,141.77
527186409,residential,323.59,19,186.11
532166932,commercial,1604.05,14,977.49
533397600,residential,314.53,19,165.03
533397601,residential,335.69,19,217.03
537716163,residential,211.58,19,112.95
537741950,commercial,895.69,14,537.8
541939779,residential,386.18,19,254.79
543260506,residential,258.07,19,146.28
544576598,residential,253.83,19,172.04
544577550,residential,315.53,19,169.67
544577655,residential,427.98,19,277.77
545829404,residential,279.56,19,183.76
545829406,residential,411.25,19,208.89
545829408,residential,451.9,19,248.0
546323319,residential,201.96,19,134.65
548052875,residential,345.39,19,208.8
548813210,residential,260.51,19,142.71
552094399,residential,256.57,19,169.72
554001077,residential,307.95,19,204.49
556832360,residential,353.43,19,186.7
556833532,residential,257.71,19,162.78
556834169,residential,216.01,19,114.85
556835228,residential,482.96,19,266.93
559491999,residential,432.4,19,269.4
560702411,residential,363.91,19,189.83
568518775,commercial,1405.96,14,763.35
568518776,commercial,1496.06,14,974.6
568518779,commercial,1155.67,14,731.33
575099749,commercial,1192.0,14,747.23
575100603,residential,487.11,19,283.52
575100607,commercial,1993.92,14,1061.24
577663649,residential,496.87,19,259.79
577663653,commercial,1960.74,14,1258.5
578810664,residential,425.34,19,219.88
580931916,residential,244.87,19,135.66
581779279,residential,426.07,19,250.89
582562269,residential,398.84,19,212.29
582713921,residential,420.79,19,232.51
588849893,commercial,1827.65,14,1062.54
588849894,commercial,1879.87,14,1306.36
591251799,residential,203.7,19,118.9
591255050,residential,284.19,19,196.13
591255054,residential,488.95,19,334.73
593405452,residential,210.18,19,128.76
599244072,residential,378.98,19,212.61
603163756,residential,423.87,19,286.04
603173057,residential,405.26,19,257.84
603174680,residential,262.48,19,156.67
603174681,residential,278.05,19,154.87
609989198,residential,305.51,19,165.27
609993389,residential,484.25,19,328.91
612186496,residential,422.97,19,262.92
613495763,residential,246.82,19,141.73
614208145,residential,317.04,19,162.26
614208149,commercial,1838.48,14,1198.54
614208152,commercial,1535.5,14,1024.63
614383068,commercial,1335.93,14,711.76
618262040,residential,379.74,19,211.06
619625656,residential,461.05,19,291.47
620849663,residential,295.13,19,203.08
624667995,residential,468.91,19,303.73
625348050,residential,291.17,19,172.38
626900500,residential,369.55,19,200.2
626908528,residential,454.83,19,287.69
626909529,residential,365.45,19,201.81
626914154,residential,332.88,19,167.94
627081073,residential,400.4,19,237.96
627119951,residential,431.33,19,248.1
627145337,commercial,1021.08,14,555.65
627151631,residential,293.9,19,185.31
627152144,residential,466.28,19,251.46
627403914,commercial,1747.59,14,1065.77
627700134,residential,449.45,19,270.27
627705620,residential,416.09,19,219.23
627707540,residential,293.99,19,188.49
627748919,residential,206.82,19,133.52
627749633,residential,420.28,19,244.57
627772417,residential,357.63,19,191.08
627951452,residential,355.74,19,197.55
627954661,residential,320.6,19,209.79
628016237,residential,372.13,19,216.11
628018590,residential,269.37,19,146.6
628023329,residential,235.08,19,134.38
628233557,residential,217.05,19,144.73
628241697,residential,395.53,19,208.48
628258489,residential,232.19,19,131.03
628278126,residential,260.85,19,172.82
628279699,residential,224.43,19,124.41
628281414,residential,313.23,19,198.27
628282135,residential,361.16,19,181.57
628283145,residential,321.96,19,204.71
628284454,residential,397.78,19,220.24
628285083,residential,269.71,19,169.37
628286508,residential,234.96,19,120.75
628288697,residential,206.68,19,123.55
631448576,commercial,1633.13,14,862.77
631823255,commercial,1238.47,14,651.91
632123632,residential,342.39,19,199.05
636489361,residential,462.04,19,263.68
636490556,residential,360.92,19,212.28
637909264,residential,275.54,19,138.69
639368290,residential,386.88,19,231.77
639884725,commercial,1961.72,14,1219.95
639995701,residential,471.63,19,237.52
640750836,residential,438.39,19,237.56
643696408,residential,416.58,19,271.45
643697991,residential,395.52,19,222.39
643706668,residential,423.34,19,226.87
646422857,commercial,880.82,14,542.75
647312309,residential,460.67,19,302.52
647312322,residential,339.44,19,171.07
648961700,residential,224.5,19,125.3
658691372,commercial,1552.94,14,1084.67
665015054,residential,402.38,19,222.03
665234777,residential,393.55,19,266.48
668612934,residential,289.23,19,200.58
668612956,residential,443.38,19,276.25
670210359,commercial,1206.14,14,805.82
670210360,commercial,1001.27,14,543.56
670210362,residential,371.11,19,195.45
672593832,residential,410.1,19,235.07
672593835,residential,226.54,19,132.23
672593836,residential,473.27,19,289.69
673645157,commercial,1580.89,14,973.79
673645158,commercial,1740.0,14,1014.59
673645159,commercial,1986.17,14,1225.96
673677238,commercial,825.08,14,465.55
673933812,commercial,1946.56,14,1236.39
673948787,commercial,1963.21,14,1114.34
673948789,commercial,910.12,14,533.8
674028949,residential,403.08,19,270.13
674038017,residential,406.32,19,278.35
674699424,residential,446.74,19,288.13
674699425,residential,365.23,19,239.5
675387120,residential,208.33,19,130.82
675909873,commercial,1045.94,14,632.02
675909875,commercial,1625.33,14,924.67
675909876,residential,493.53,19,254.69
679570161,residential,452.22,19,258.92
679570164,residential,497.43,19,338.3
679570170,residential,474.11,19,277.6
687173212,residential,415.37,19,276.18
687173240,residential,290.5,19,145.71
687173326,residential,431.01,19,215.63
687173335,residential,349.05,19,176.33
687173337,residential,499.91,19,307.85
687173339,residential,374.12,19,227.75
687173341,residential,455.54,19,296.31
687173344,residential,390.12,19,262.68
687173369,residential,237.53,19,155.11
687216880,residential,481.8,19,268.82
687379371,residential,493.72,19,312.39
688353430,residential,303.18,19,196.75
688356351,residential,458.66,19,253.23
688413057,residential,283.39,19,146.64
688432863,residential,317.16,19,165.78
688443318,residential,328.21,19,185.47
688600223,commercial,946.63,14,554.16
692376257,residential,357.52,19,191.68
692376262,residential,459.8,19,298.64
692376267,residential,397.0,19,199.72
692376270,residential,344.02,19,218.06
692376284,residential,387.77,19,238.74
692376289,residential,281.45,19,169.44
692376290,residential,260.04,19,165.06
695545717,residential,282.18,19,191.06
695545718,residential,334.29,19,195.07
695545720,commercial,1016.03,14,547.07
695548662,residential,268.17,19,161.93
696136978,residential,342.11,19,190.18
696980296,commercial,1768.1,14,1214.63
697075484,residential,332.82,19,209.69
697081714,residential,232.81,19,150.35
697081716,residential,397.14,19,223.03
698147979,residential,238.92,19,153.43
699266183,commercial,1896.62,14,1180.67
699266184,commercial,1283.65,14,671.49
699266186,residential,349.87,19,223.56
699268541,residential,418.23,19,228.35
699268545,commercial,1245.19,14,802.82
699270597,commercial,1217.54,14,673.83
699270611,residential,224.04,19,134.69
700174667,residential,284.99,19,195.41
702716212,residential,290.39,19,158.4
702716215,residential,464.92,19,277.29
704633790,residential,346.06,19,184.86
704633793,residential,428.96,19,237.35
704742726,residential,370.0,19,196.91
705023784,residential,353.92,19,211.7
705675999,residential,327.86,19,212.47
712430110,residential,377.46,19,232.87
712430112,commercial,1980.45,14,1369.21
721685566,commercial,1385.66,14,846.91
723169818,residential,409.03,19,276.29
723940621,residential,227.59,19,135.73
726262492,residential,439.28,19,231.21
726284789,residential,350.2,19,187.46
726300623,residential,499.44,19,334.49
726311233,residential,300.37,19,172.64
726342888,residential,298.47,19,161.2
726409390,residential,292.56,19,204.45
726449821,residential,356.11,19,181.99
726464964,residential,259.39,19,159.07
726472767,residential,360.62,19,196.67
726508884,residential,200.93,19,125.17
726509782,residential,325.1,19,169.36
729214166,commercial,1844.62,14,1076.51
729214177,residential,424.64,19,253.46
729214192,residential,307.44,19,201.59
731726459,commercial,1719.92,14,1186.82
731726460,commercial,1887.89,14,950.91
731726461,commercial,889.18,14,582.19
731726462,residential,313.37,19,181.95
731726463,commercial,1732.75,14,1139.43
731726464,commercial,1136.49,14,588.33
731726465,residential,275.11,19,144.75
731726466,residential,210.4,19,122.62
731726626,residential,473.94,19,280.81
732010477,residential,226.54,19,135.57
732010480,commercial,1384.77,14,889.71
732010482,commercial,1849.74,14,1121.54
732010486,residential,482.67,19,282.68
732010488,residential,363.06,19,196.87
732010489,residential,284.13,19,198.33
732010495,residential,275.58,19,172.46
732012738,residential,425.67,19,257.47
732012739,residential,221.0,19,125.1
732232646,residential,345.52,19,188.08
732232650,commercial,833.07,14,488.36
732232655,commercial,914.13,14,501.12
732232656,commercial,976.84,14,657.43
732232657,residential,304.97,19,211.98
732232660,residential,271.38,19,157.76
732232686,residential,458.3,19,316.54
732232688,commercial,828.88,14,526.95
732317796,residential,400.21,19,244.92
732317798,residential,256.0,19,170.3
732317799,residential,373.81,19,250.33
732317805,residential,294.83,19,150.2
732317816,commercial,1619.7,14,922.13
734148543,residential,314.97,19,176.34
734148544,residential,407.37,19,281.18
734148545,residential,314.85,19,168.39
734148546,commercial,1997.9,14,1316.66
734148549,residential,465.59,19,317.13
734148552,residential,480.25,19,279.58
734148555,commercial,1447.47,14,841.01
734149445,commercial,1690.16,14,980.72
734149447,commercial,1074.08,14,545.1
734149451,commercial,1401.11,14,958.07
734150334,commercial,1296.78,14,726.62
734150335,commercial,969.04,14,672.47
734150336,residential,493.86,19,286.75
734150337,commercial,934.71,14,654.13
734150338,commercial,1121.3,14,560.65
734150339,commercial,1093.15,14,571.91
734150340,commercial,1958.6,14,1228.35
734150342,commercial,1272.87,14,789.32
734150344,commercial,1630.34,14,1030.13
734994028,residential,404.9,19,271.91
736945758,residential,443.76,19,227.36
736945768,residential,417.24,19,281.4
736945769,residential,484.69,19,282.43
736945770,residential,226.25,19,139.83
736945771,residential,363.18,19,193.96
736945776,residential,309.45,19,190.6
737006364,residential,284.64,19,158.26
737006365,commercial,1606.84,14,1033.72
737006366,commercial,917.1,14,583.93
737006367,commercial,1595.85,14,964.57
737006368,residential,392.56,19,269.72
737006369,commercial,976.47,14,566.5
737006370,commercial,832.53,14,474.55
737006371,commercial,1305.07,14,675.85
737006372,residential,392.62,19,241.64
737006373,commercial,1348.35,14,780.44
737006374,residential,372.83,19,205.76
737006376,residential,232.35,19,119.5
737567497,commercial,1326.84,14,829.67
742634557,residential,286.09,19,168.14
745774483,residential,217.47,19,124.71
747956371,residential,365.8,19,220.2
748948333,residential,225.35,19,150.62
748948334,residential,220.71,19,124.61
748948335,residential,404.23,19,234.35
749323041,commercial,824.7,14,516.75
749323042,commercial,1817.43,14,1107.99
749323043,commercial,1758.81,14,1230.67
749323044,commercial,873.7,14,470.69
749329326,commercial,1406.76,14,777.12
752960711,residential,414.37,19,238.02
752960712,residential,274.82,19,184.3
760886634,residential,452.96,19,230.13
763007409,residential,325.24,19,212.89
764571651,residential,323.58,19,224.47
764600972,residential,231.4,19,156.5
765656003,residential,204.66,19,123.11
766245130,residential,436.22,19,281.02
766245134,residential,348.54,19,195.73
766409580,residential,258.92,19,133.78
766411088,commercial,1932.25,14,1090.54
766598703,residential,391.1,19,196.82
766605736,commercial,1406.56,14,845.47
766605737,residential,316.18,19,176.91
766605748,residential,257.65,19,155.8
766633154,residential,252.99,19,130.2
766650743,residential,386.12,19,256.89
766650747,residential,292.43,19,199.9
766650748,residential,402.86,19,211.41
766650749,residential,417.47,19,281.05
766720022,residential,276.22,19,162.74
766720023,residential,234.9,19,143.4
766720024,residential,226.57,19,118.76
766720025,residential,436.39,19,237.69
766720330,residential,223.63,19,141.64
767320168,residential,438.24,19,240.52
767320169,residential,463.44,19,245.53
767320183,residential,307.52,19,213.4
767320191,residential,303.77,19,187.54
767320192,residential,209.77,19,137.36
767320212,residential,327.27,19,192.12
767631160,residential,442.71,19,266.44
767631161,residential,336.36,19,168.96
767631164,residential,486.84,19,285.98
767631169,residential,379.62,19,248.09
768703813,residential,339.33,19,174.99
768703822,residential,420.22,19,285.54
768703832,commercial,1457.78,14,794.4
768703834,residential,370.53,19,188.4
768730150,residential,229.35,19,139.45
768730151,residential,408.13,19,224.36
768730152,residential,329.41,19,204.86
768730153,residential,296.14,19,171.83
768730154,residential,321.12,19,177.8
768730160,residential,214.45,19,111.5
768730163,residential,221.66,19,147.32
768730164,residential,458.74,19,283.72
768730165,residential,384.89,19,222.05
768730166,residential,405.78,19,218.38
768730167,residential,469.02,19,320.11
768730168,residential,387.9,19,213.76
768730175,residential,247.91,19,159.54
768730176,residential,362.37,19,204.71
768997269,residential,408.65,19,263.83
770851403,commercial,1718.04,14,1012.78
770851405,commercial,821.96,14,424.88
770851409,residential,239.26,19,154.36
771371519,residential,238.69,19,139.82
771923546,residential,360.86,19,216.3
771923551,residential,485.56,19,249.46
771923580,residential,255.06,19,127.72
771931323,residential,465.94,19,259.14
771931325,commercial,1256.84,14,800.82
771931330,residential,434.45,19,241.2
771931332,residential,411.33,19,227.78
771931350,residential,480.81,19,334.81
772203190,residential,336.82,19,171.6
772203196,residential,272.67,19,173.22
772203205,residential,236.85,19,118.64
772203208,commercial,1871.34,14,979.61
772203213,residential,287.17,19,200.6
772203214,residential,373.95,19,227.4
772203218,residential,446.47,19,266.77
772203221,residential,229.2,19,123.53
772203225,residential,351.52,19,236.98
772203234,commercial,1184.31,14,770.35
772203237,commercial,1763.57,14,1001.51
772827142,commercial,1901.15,14,993.49
772827143,residential,319.08,19,201.09
772827145,commercial,1675.68,14,1054.88
772827163,residential,442.15,19,289.21
772827165,commercial,1184.82,14,799.54
772835107,residential,345.45,19,211.55
772835108,residential,393.49,19,199.26
772836313,residential,453.2,19,284.52
772934834,commercial,1698.16,14,1166.12
772934836,commercial,1992.4,14,1175.35
772934845,residential,379.92,19,239.1
772934848,commercial,1252.78,14,632.23
772934850,commercial,1462.21,14,888.36
773145595,residential,441.12,19,253.94
773145596,residential,434.25,19,303.65
773145597,residential,426.25,19,297.89
773145599,residential,355.46,19,199.32
773145600,residential,237.52,19,139.18
773145604,residential,294.11,19,180.37
773145605,residential,278.9,19,164.29
773145606,residential,498.38,19,278.96
773145608,residential,252.18,19,162.35
773145614,residential,229.04,19,158.69
773145618,commercial,1763.8,14,978.79
773150264,residential,216.5,19,140.88
773150265,residential,354.95,19,223.23
773577272,commercial,930.1,14,550.58
773577286,residential,218.48,19,126.38
773825325,commercial,1139.83,14,690.11
773825326,residential,312.12,19,179.06
773825330,residential,421.45,19,291.73
773825332,commercial,1221.17,14,690.26
774644001,residential,339.05,19,194.99
774644015,residential,497.1,19,252.35
774649687,residential,207.12,19,112.97
774649688,residential,363.72,19,233.91
774708671,residential,245.2,19,127.83
774716172,commercial,1621.89,14,994.84
774716176,residential,375.18,19,204.89
774716177,commercial,1797.88,14,918.0
774716178,residential,277.86,19,148.71
774716179,residential,335.27,19,200.82
774716180,residential,328.03,19,190.73
774716181,residential,243.17,19,146.94
774716193,commercial,933.81,14,625.06
774719292,residential,455.95,19,306.82
774719295,residential,491.2,19,289.87
774719318,residential,236.28,19,128.57
774954556,residential,450.11,19,277.02
774954559,residential,470.65,19,249.75
774954565,commercial,1172.07,14,723.08
774962900,commercial,911.66,14,465.12
775163648,commercial,1878.83,14,1116.09
775169696,commercial,1079.55,14,613.56
775169704,commercial,1829.32,14,1045.52
775176989,residential,458.92,19,317.85
775184936,commercial,1979.97,14,1041.75
775230094,commercial,1175.36,14,800.65
775230098,commercial,1720.44,14,1042.27
775230099,residential,451.99,19,245.74
775230118,residential,396.77,19,252.82
775231226,residential,412.75,19,206.97
775444091,residential,496.47,19,281.24
775660972,residential,311.25,19,196.21
775660995,residential,365.68,19,247.27
775660996,residential,274.14,19,160.67
775664763,residential,299.92,19,171.44
775664768,commercial,1105.21,14,652.33
776784258,residential,385.3,19,258.42
776784261,residential,477.67,19,314.33
777518472,residential,388.76,19,266.41
777518473,residential,341.63,19,225.0
777518474,residential,466.16,19,262.73
777518475,commercial,1196.97,14,724.15
777518482,residential,286.7,19,171.75
777518483,residential,457.3,19,269.58
777618525,commercial,1192.35,14,729.05
777618526,commercial,1561.3,14,966.98
777638993,residential,324.1,19,185.78
777638998,commercial,957.66,14,628.31
777690245,commercial,1841.88,14,1284.55
777690246,commercial,1637.63,14,965.31
777690260,residential,498.41,19,340.23
779078402,residential,466.92,19,291.12
779282851,commercial,1348.02,14,804.9
779282852,commercial,1731.18,14,879.68
779282864,commercial,1114.19,14,734.79
779282865,residential,239.27,19,122.17
779282868,commercial,1263.4,14,682.95
779290477,residential,211.3,19,119.57
779344647,commercial,1595.61,14,829.3
779344648,residential,352.51,19,217.02
779344650,residential,408.2,19,267.68
779344652,residential,420.08,19,257.75
779344653,residential,471.42,19,277.67
779344670,commercial,1488.42,14,908.8
779346490,residential,283.21,19,150.95
779346494,commercial,989.99,14,643.57
780585928,residential,383.68,19,242.78
780585952,residential,395.76,19,262.18
780585957,residential,449.64,19,300.78
780585958,residential,273.72,19,143.6
780585966,commercial,1782.58,14,959.22
780587948,residential,305.97,19,177.0
780587949,commercial,942.82,14,522.39
780587950,residential,417.06,19,269.71
780587951,commercial,1970.43,14,1100.26
780587952,commercial,1471.5,14,820.81
780917612,commercial,1510.53,14,923.13
780983146,commercial,1275.12,14,746.55
780991607,residential,499.69,19,285.43
780991636,residential,316.23,19,159.88
780991639,residential,307.66,19,170.15
781001558,commercial,1648.05,14,1124.96
781182590,residential,370.45,19,239.54
781182593,commercial,1723.69,14,1151.59
781182601,commercial,1638.83,14,1089.56
781183660,commercial,1463.94,14,786.56
781183661,residential,468.78,19,320.18
781192778,residential,347.29,19,230.43
781192779,commercial,1685.34,14,1003.83
781192783,commercial,1065.47,14,657.76
781192787,residential,408.26,19,269.78
781192789,residential,260.09,19,152.16
781532336,commercial,1793.42,14,1100.87
781538794,residential,340.97,19,188.62
781538795,commercial,1873.96,14,1070.45
781538796,residential,388.58,19,261.46
781538806,commercial,1865.97,14,978.45
781538808,residential,492.62,19,316.93
781541654,residential,318.66,19,174.54
781541655,commercial,1649.33,14,1058.75
781541657,commercial,1574.16,14,1095.48
781541658,residential,336.47,19,215.61
781541659,commercial,1987.13,14,1107.73
781541661,commercial,1023.31,14,666.08
781541662,residential,227.25,19,131.84
781541663,commercial,1219.19,14,640.76
781543820,commercial,922.62,14,560.8
781588912,residential,429.15,19,255.4
781588913,residential,222.32,19,139.38
781588918,residential,484.43,19,294.68
781588921,commercial,826.33,14,487.28
781588933,residential,301.29,19,159.09
781588934,commercial,1177.67,14,609.02
781680953,residential,241.09,19,160.46
781680954,residential,357.2,19,198.72
781680955,residential,288.63,19,168.28
781680956,residential,261.09,19,164.93
781680962,residential,252.87,19,128.88
781680965,residential,390.42,19,215.69
781680966,residential,203.91,19,129.21
781680967,residential,386.72,19,253.75
781680968,residential,330.36,19,200.76
781680969,residential,459.02,19,305.3
781680971,residential,499.8,19,342.29
781680972,residential,378.18,19,263.02
781680973,residential,453.28,19,280.0
781680978,residential,218.17,19,110.75
781680979,residential,420.28,19,257.52
781696168,residential,380.28,19,255.34
781696171,residential,221.67,19,144.05
781696172,residential,490.58,19,266.46
781696174,residential,417.91,19,255.12
781696176,residential,269.8,19,141.38
781696178,residential,417.71,19,278.77
781696179,residential,419.0,19,224.27
781700161,commercial,1226.38,14,729.8
781700162,residential,346.0,19,228.24
781766927,residential,353.22,19,197.3
781766928,residential,482.27,19,316.5
781766929,residential,402.81,19,260.99
781766930,commercial,1337.93,14,705.07
781766931,residential,231.27,19,133.53
781766932,commercial,984.4,14,616.69
781766933,residential,415.84,19,221.65
781766934,commercial,1703.72,14,900.48
781766936,commercial,1179.59,14,715.39
781766937,residential,351.01,19,218.3
781780393,commercial,847.15,14,586.95
781780410,commercial,884.91,14,457.84
781780411,commercial,1331.43,14,737.31
781780412,residential,269.21,19,138.58
781780416,residential,283.3,19,197.59
781780417,residential,280.21,19,143.25
781786337,commercial,1414.51,14,802.26
781846360,residential,297.7,19,174.76
781846362,commercial,1449.45,14,821.53
781846363,residential,450.47,19,276.25
781852582,residential,242.47,19,155.86
781852583,residential,469.88,19,270.29
781852585,residential,408.19,19,259.09
781852586,residential,499.87,19,302.54
781852587,residential,427.26,19,230.22
781852589,residential,356.8,19,201.02
781852590,residential,261.11,19,182.32
781852592,residential,285.65,19,185.46
781852596,residential,367.78,19,244.75
781852597,residential,220.98,19,137.18
781852598,residential,256.79,19,148.92
781852600,commercial,1833.8,14,1097.44
781852601,residential,200.07,19,111.19
781852603,residential,469.86,19,254.62
781853529,commercial,1143.26,14,755.79
781853530,commercial,1296.32,14,849.35
782014061,residential,249.03,19,162.77
782014068,commercial,943.73,14,487.72
782014072,commercial,1524.64,14,1002.66
782014073,commercial,1770.87,14,954.37
782014074,residential,220.09,19,112.66
782014075,commercial,1362.85,14,946.46
782014076,residential,375.45,19,238.25
782014077,residential,338.48,19,189.14
782014078,commercial,1087.89,14,622.81
782014080,residential,348.65,19,217.76
782014082,residential,446.79,19,297.93
782014083,residential,250.86,19,159.0
782014085,residential,296.76,19,162.36
782014086,commercial,1494.84,14,868.4
782014088,commercial,897.57,14,475.06
782014094,residential,405.53,19,209.18
782014095,commercial,1021.82,14,608.32
782014103,commercial,1092.18,14,704.25
782014107,commercial,1547.46,14,1073.64
782014112,commercial,949.32,14,492.9
782014115,residential,399.35,19,217.96
782014116,commercial,1029.73,14,614.72
782069743,residential,323.72,19,176.61
782069744,residential,398.66,19,210.89
782072440,residential,440.4,19,233.01
782072441,residential,368.77,19,226.36
782072442,residential,468.83,19,292.98
782089121,commercial,1406.67,14,848.35
782089129,commercial,812.12,14,531.14
782089136,commercial,1394.87,14,861.91
782089137,commercial,1651.33,14,876.49
782089138,commercial,917.51,14,475.37
782089139,commercial,1575.06,14,825.72
782089142,commercial,1034.94,14,554.74
782089144,commercial,844.93,14,571.72
782089145,commercial,877.52,14,500.78
782089149,commercial,1368.13,14,804.21
782090576,commercial,1271.02,14,749.28
782116416,commercial,1722.56,14,935.43
782283186,residential,448.76,19,261.09
782283189,commercial,1324.93,14,779.91
782283190,residential,455.34,19,263.2
782286411,residential,209.87,19,125.18
782286416,residential,230.97,19,138.58
782292589,residential,275.0,19,146.32
782292590,residential,450.45,19,238.8
785285257,residential,365.4,19,247.46
785285259,residential,370.83,19,206.33
785285260,residential,292.33,19,189.97
785509138,residential,424.18,19,231.61
785509140,residential,445.22,19,252.56
790387444,residential,238.33,19,128.45
790387445,commercial,1786.35,14,1095.99
790387446,residential,335.62,19,190.09
790387460,residential,325.15,19,205.41
790389593,residential,226.46,19,149.64
790389594,residential,219.38,19,110.83
790389595,residential,475.72,19,308.42
790389596,residential,211.21,19,117.96
790389597,residential,423.94,19,278.18
790389598,residential,262.63,19,182.17
790392176,residential,356.78,19,194.91
790393651,commercial,1741.35,14,876.86
790395121,residential,306.92,19,195.08
790395122,residential,384.63,19,248.83
790650989,commercial,815.37,14,570.25
790650992,residential,321.62,19,210.64
790650994,residential,476.27,19,242.78
790650995,residential,334.77,19,209.07
790650996,residential,275.92,19,140.71
792488587,residential,256.21,19,166.76
792553526,residential,206.4,19,117.18
792553527,residential,209.77,19,134.04
792553528,residential,468.29,19,234.82
792795175,commercial,1120.42,14,764.05
792799062,commercial,1166.22,14,713.35
792799066,commercial,1022.59,14,651.1
792799067,residential,449.98,19,250.33
794445338,residential,305.24,19,209.92
794445352,residential,259.23,19,137.49
796367854,residential,278.56,19,168.11
796367855,residential,479.8,19,288.38
796367856,residential,220.55,19,110.82
796367858,residential,341.73,19,206.1
796367866,residential,285.6,19,174.96
796367869,residential,277.69,19,141.36
796367870,residential,423.66,19,263.55
796369060,residential,234.69,19,142.72
796369061,residential,302.7,19,161.51
796369062,residential,206.35,19,134.98
796369063,residential,217.0,19,144.51
796370469,residential,285.06,19,173.77
796458044,residential,471.4,19,325.93
796458049,residential,412.65,19,220.94
796458051,residential,205.06,19,138.48
796458054,residential,333.02,19,223.48
796458055,commercial,949.63,14,634.25
796458061,residential,303.84,19,184.33
796463149,commercial,1496.93,14,896.42
799276617,residential,297.45,19,179.78
799276623,residential,337.68,19,221.03
799276624,residential,258.38,19,161.57
799276627,residential,257.9,19,144.61
799276628,residential,370.21,19,215.54
799452939,residential,431.63,19,265.31
799457104,residential,395.69,19,225.75
800020472,residential,276.33,19,185.91
800096372,residential,440.16,19,306.09
804883128,commercial,1127.73,14,722.7
804883131,commercial,1468.98,14,954.09
804883137,residential,220.66,19,150.82
804883138,residential,332.29,19,229.41
817301125,commercial,1200.6,14,667.39
817544800,residential,269.42,19,135.41
817544808,residential,296.1,19,194.92
817571501,residential,490.66,19,280.12
820135306,commercial,1250.19,14,860.0
820135307,residential,354.03,19,224.46
820135309,commercial,921.83,14,637.73
820141170,residential,442.16,19,284.92
820141171,residential,353.4,19,181.64
820161096,residential,463.76,19,249.48
822777635,residential,305.41,19,185.47
822777637,residential,371.15,19,211.63
822777638,residential,445.92,19,260.6
828403144,residential,438.26,19,306.66
838175307,residential,422.05,19,234.08
838952395,commercial,1337.3,14,899.88
844928282,residential,433.13,19,220.71
844928288,residential,341.92,19,195.38
844928289,residential,250.98,19,138.0
844928291,residential,420.16,19,249.84
844928292,residential,396.51,19,225.89
844928331,residential,392.28,19,271.04
845247589,residential,410.77,19,257.18
845247590,residential,229.39,19,139.8
845247619,residential,440.38,19,245.55
845247620,residential,397.74,19,226.8
845247622,residential,384.15,19,204.99
845247623,residential,312.98,19,213.06
845247624,residential,247.82,19,142.87
845247631,residential,320.29,19,191.09
845247632,residential,362.47,19,187.27
845247633,residential,311.01,19,171.88
845247634,residential,368.53,19,257.46
845247635,residential,320.96,19,175.5
845247643,residential,227.79,19,115.13
845247644,residential,302.79,19,203.5
852277229,residential,363.02,19,212.32
853107522,residential,364.68,19,192.8
853107523,residential,455.86,19,313.8
853107524,residential,479.54,19,262.13
853107525,residential,490.79,19,319.15
853107527,residential,206.85,19,141.55
855861934,residential,206.08,19,124.35
856525624,commercial,1971.45,14,1178.59
863515482,commercial,1310.54,14,905.95
864537326,residential,217.37,19,124.02
865261756,residential,242.77,19,163.11
867941831,residential,363.73,19,225.47
880294273,residential,405.42,19,281.65
880294274,residential,357.15,19,217.16
880294275,residential,438.02,19,231.39
880294276,residential,446.45,19,256.12
880294277,residential,227.44,19,139.5
880294278,residential,433.81,19,216.92
880294279,residential,427.67,19,264.33
880294280,residential,356.9,19,209.0
880294281,residential,228.02,19,125.08
880294282,residential,438.45,19,231.79
880294283,residential,376.34,19,226.2
880294284,residential,424.76,19,264.83
880294285,residential,287.88,19,166.69
880294286,residential,429.85,19,283.82
880294287,residential,209.39,19,113.0
880294288,residential,262.83,19,152.48
880294289,residential,359.26,19,242.23
880294290,residential,357.32,19,244.57
880294291,residential,484.19,19,295.55
880294292,residential,353.59,19,217.0
880294293,residential,312.09,19,161.45
880294294,residential,238.46,19,137.8
886184260,residential,284.32,19,160.99
886246927,residential,245.13,19,156.16
886246928,commercial,1257.82,14,800.48
886246931,residential,230.7,19,152.01
886246934,residential,390.93,19,219.71
886246935,commercial,1638.71,14,1071.47
886251285,commercial,1698.74,14,1003.39
886607090,commercial,1488.2,14,886.68
888606700,residential,210.35,19,110.68
888606702,commercial,1909.8,14,1035.01
888606703,commercial,928.63,14,542.81
891226348,residential,407.69,19,280.22
892243903,residential,219.61,19,134.3
892243905,residential,343.96,19,227.76
892243923,residential,444.11,19,304.59
893319459,commercial,1605.88,14,1113.22
893319460,residential,242.54,19,163.48
894122411,residential,483.61,19,251.98
895115934,commercial,1602.49,14,1066.3
895115936,residential,230.45,19,151.1
897512132,commercial,1557.17,14,998.04
897512137,commercial,903.43,14,564.17
897512140,commercial,1443.69,14,908.29
899217583,residential,462.77,19,249.25
899217586,residential,267.68,19,142.89
899217589,residential,485.98,19,269.58
899217590,commercial,1033.25,14,529.76
899217591,residential,325.29,19,203.18
899217592,commercial,1110.46,14,630.73
899217593,commercial,1913.46,14,1056.49
899217594,residential,452.3,19,248.64
899217595,commercial,1031.47,14,519.94
899217596,residential,266.39,19,155.11
899217597,commercial,1164.21,14,647.54
899217598,residential,452.94,19,272.76
899217599,residential,277.96,19,175.21
899609979,residential,463.97,19,288.44
899729672,commercial,1194.22,14,651.74
899729673,commercial,1074.09,14,684.38
899729675,commercial,1979.04,14,1176.21
899729676,commercial,1364.84,14,822.33
899729677,residential,306.0,19,173.54
899729678,commercial,1371.97,14,873.97
909240049,commercial,1057.43,14,718.76
909240050,commercial,852.49,14,550.97
909240051,commercial,952.82,14,657.35
909270337,residential,347.51,19,216.77
909270338,residential,334.15,19,186.21
909270339,residential,281.7,19,153.2
909270340,commercial,927.37,14,514.29
909270342,commercial,1534.59,14,845.55
917882289,residential,360.74,19,212.74
925595617,residential,304.27,19,185.23
925595618,residential,314.64,19,213.76
925595619,residential,258.24,19,163.37
925595620,residential,335.35,19,218.04
925595621,residential,412.73,19,237.37
925595622,residential,323.03,19,176.19
925595623,residential,334.9,19,201.18
926165659,residential,360.95,19,237.45
936154444,residential,324.67,19,226.06
936568086,commercial,1176.47,14,734.62
946132231,residential,296.19,19,163.66
946132234,residential,452.26,19,248.65
958127995,residential,403.78,19,268.4
961651324,residential,383.17,19,191.9
961651325,residential,405.9,19,217.24
961651326,residential,472.94,19,315.29
963384966,residential,275.69,19,149.46
963384967,residential,460.19,19,258.49
963445870,commercial,1542.57,14,969.11
963445871,residential,399.86,19,267.04
968868049,residential,330.08,19,223.54
969223006,residential,317.93,19,203.78
969223007,residential,446.1,19,247.3
969223008,residential,424.36,19,259.41
969223009,residential,376.63,19,241.78
969223010,residential,244.24,19,143.88
969223011,residential,231.09,19,125.06
971317001,commercial,962.27,14,620.03
971317002,residential,341.46,19,187.48
976123968,commercial,1303.07,14,710.95
976725245,residential,373.0,19,210.01
976725246,residential,219.92,19,138.64
976725247,residential,281.44,19,166.5
976725248,residential,449.78,19,302.62
976822707,residential,270.25,19,161.96
976822708,residential,380.49,19,238.82
976822709,residential,229.16,19,122.82
976822710,residential,242.36,19,127.72
976822711,residential,488.01,19,325.54
976822717,residential,495.52,19,316.9
977481105,residential,464.21,19,263.3
977481106,residential,210.26,19,109.5
977481107,commercial,884.6,14,610.98
979572128,residential,449.24,19,290.65
979572129,residential,476.85,19,315.51
979745142,residential,263.53,19,132.18
988901288,commercial,1841.3,14,980.2
989112198,residential,234.29,19,156.89
991531026,commercial,1763.99,14,1125.96
991531034,commercial,1467.07,14,988.6
991531035,commercial,1996.77,14,1290.53
991965858,residential,328.24,19,167.12
992277125,residential,315.83,19,167.95
992685445,residential,415.59,19,284.32
993207290,commercial,1754.94,14,1069.22
993823387,residential,437.46,19,276.17
993823388,residential,389.01,19,203.68
994008976,residential,271.29,19,151.45
994820799,residential,457.09,19,234.67
994820800,residential,222.8,19,150.72
994820801,residential,407.19,19,269.22
995864555,residential,493.23,19,297.15
995864556,residential,494.89,19,309.98
996021800,residential,229.23,19,115.14
996021801,commercial,1150.99,14,704.57
996021802,residential,427.34,19,225.35
996021803,residential,458.91,19,262.61
996021804,residential,358.13,19,182.77
996021806,commercial,1472.13,14,851.62
996044804,commercial,1500.87,14,826.72
996044805,commercial,1232.72,14,653.67
996044806,commercial,1960.14,14,1071.8
996044808,commercial,1189.04,14,665.37
996047155,commercial,1371.77,14,859.57
996267807,residential,351.53,19,189.12
996354902,residential,250.27,19,160.95
996354903,commercial,1791.3,14,1196.44
997923987,residential,435.26,19,224.51
997923988,commercial,1754.11,14,963.73
997923989,commercial,1140.62,14,733.22
997924003,residential,472.81,19,238.58
997966815,commercial,1137.59,14,599.15
997966816,commercial,1583.54,14,897.3
997966819,commercial,1481.9,14,823.75
997966820,residential,320.38,19,216.93
997966823,commercial,1011.91,14,637.22
997966824,residential,207.71,19,143.16
997966825,commercial,1327.98,14,770.88
997966827,commercial,1465.5,14,855.94
997966830,commercial,1361.03,14,763.6
997966831,residential,424.46,19,253.81
997966840,residential,250.48,19,173.51
998192575,commercial,1223.43,14,686.88
999620509,residential,300.28,19,185.91
999620510,commercial,1134.72,14,733.4
999665471,residential,227.15,19,158.3
999665472,residential,276.6,19,144.67
999983294,commercial,1332.58,14,714.46
1000087221,residential,363.87,19,222.78
1004340436,commercial,1134.84,14,618.77
1005855797,residential,461.1,19,245.53
1006722358,commercial,1050.19,14,679.03
1006722359,residential,485.12,19,285.78
1006722360,commercial,1939.18,14,976.27
1006722361,residential,259.75,19,152.11
1006722362,residential,441.97,19,249.19
1006770041,residential,277.9,19,170.41
1006770042,commercial,1575.56,14,1063.75
1006878350,residential,251.93,19,170.24
1006878351,residential,363.06,19,237.73
1006878353,residential,332.43,19,200.37
1006878354,residential,374.66,19,192.53
1006878355,commercial,1427.32,14,907.57
1006878357,commercial,1586.67,14,1097.27
1006878358,residential,296.76,19,148.41
1006878361,residential,452.43,19,232.17
1006878362,commercial,1980.4,14,1307.65
1006878363,residential,479.95,19,289.88
1006878364,commercial,1631.86,14,892.07
1007640516,commercial,1810.16,14,1245.7
1007640518,commercial,1190.6,14,740.58
1007640519,commercial,1505.06,14,918.37
1007640520,commercial,1109.34,14,708.35
1007640521,residential,276.68,19,176.4
1007646166,commercial,1063.22,14,704.38
1007646167,commercial,1396.77,14,896.82
1009118595,commercial,1699.31,14,1029.78
1009118598,commercial,1112.84,14,572.99
1009118599,commercial,1255.34,14,747.76
1009122431,commercial,1095.83,14,698.76
1009123721,commercial,1722.93,14,1017.29
1009123722,residential,291.36,19,152.04
1009918625,residential,304.03,19,171.69
1011644025,residential,346.94,19,202.24
1013443897,residential,225.78,19,152.77
1013443901,commercial,1809.3,14,963.63
1019671183,residential,442.79,19,304.96
1019671185,commercial,932.92,14,524.77
1028660199,residential,488.04,19,271.87
1028660231,residential,465.11,19,263.99
1030900133,residential,414.16,19,269.4
1030900134,commercial,1282.81,14,763.66
1030900135,commercial,1859.61,14,953.28
1033802669,residential,215.68,19,113.94
1034261982,commercial,1241.27,14,671.07
1034262005,commercial,1996.33,14,1185.21
1034262007,commercial,949.09,14,585.59
1034262008,commercial,1979.2,14,1376.01
1034262009,residential,295.57,19,196.93
1034262010,residential,327.87,19,172.95
1035562484,residential,279.45,19,179.89
1035562485,commercial,1086.31,14,655.94
1036043443,residential,272.59,19,171.7
1036043444,residential,468.18,19,234.96
1036043445,residential,248.49,19,143.43
1036043446,residential,462.68,19,315.32
1036043447,residential,226.4,19,151.61
1036043448,residential,204.58,19,124.4
1036043449,residential,435.42,19,268.02
1036043450,residential,396.31,19,213.4
1036043451,residential,258.41,19,177.55
1036043452,residential,277.77,19,167.53
1036043453,residential,337.85,19,169.45
1036043454,residential,296.33,19,148.19
1036043455,residential,334.47,19,226.65
1036043456,residential,200.46,19,139.6
1036043457,residential,283.6,19,158.96
1036043458,residential,377.31,19,241.18
1036043459,residential,320.28,19,203.21
1036043460,residential,340.23,19,237.97
1036043461,residential,455.28,19,250.62
1036043462,residential,416.09,19,215.2
1036043463,commercial,810.35,14,472.57
1036043464,commercial,1221.88,14,811.92
1036043466,commercial,1830.2,14,943.4
1036043467,commercial,1235.14,14,724.85
1036043468,commercial,904.89,14,633.24
1036043471,commercial,904.66,14,489.9
1036043472,residential,390.56,19,229.4
1039668753,commercial,929.19,14,512.86
1039668761,commercial,1586.34,14,973.4
1039760098,commercial,1996.45,14,1210.28
1040898997,commercial,1192.88,14,734.31
1040898999,residential,307.01,19,174.2
1040899001,commercial,1711.5,14,918.48
1040899002,commercial,1711.36,14,999.78
1040899004,commercial,888.52,14,551.59
1040899006,commercial,994.49,14,575.74
1040899007,commercial,1730.63,14,1105.18
1040899009,residential,268.03,19,171.77
1040899011,residential,341.03,19,189.17
1041856518,residential,450.33,19,299.2
1041856519,commercial,1130.61,14,573.67
1041856521,commercial,925.33,14,513.55
1041871108,commercial,1187.26,14,725.83
1041874277,residential,380.53,19,257.16
1044521109,commercial,1380.85,14,751.4
1044522823,commercial,1241.47,14,867.49
1044522826,commercial,1956.75,14,1072.82
1044522827,commercial,1139.86,14,796.92
1047549755,commercial,1202.52,14,728.95
1047676479,residential,377.7,19,261.88
1047676480,residential,308.44,19,185.62
1047676490,commercial,1181.6,14,727.2
1047676495,commercial,1864.06,14,947.55
1050019882,commercial,1194.99,14,697.91
1050019883,commercial,822.68,14,438.55
1050019884,commercial,1359.0,14,788.53
1050019885,commercial,1591.48,14,982.69
1050019887,commercial,1342.05,14,895.83
1050019888,commercial,1560.83,14,899.49
1050019890,commercial,1601.97,14,1013.5
1050019891,commercial,1457.01,14,755.17
1050019892,commercial,1010.94,14,687.38
1050019893,commercial,1923.56,14,1159.86
1050019902,commercial,1995.79,14,1307.81
1050475169,residential,384.89,19,219.77
1050578225,commercial,1552.77,14,1000.78
1050589707,residential,208.31,19,110.69
1050589712,residential,473.22,19,295.94
1050589715,commercial,1492.24,14,876.45
1050590922,residential,341.11,19,217.94
1050591578,commercial,1972.78,14,1080.52
1050744452,residential,243.15,19,137.13
1050744453,residential,446.98,19,290.56
1050744454,commercial,1268.45,14,867.13
1050744455,residential,471.75,19,288.62
1051886123,residential,242.25,19,133.51
1051886125,residential,400.68,19,214.32
1051886126,residential,407.76,19,280.68
1051886134,commercial,940.66,14,475.38
1052008918,residential,235.0,19,155.46
1052008920,commercial,880.88,14,529.3
1052012964,residential,292.53,19,164.73
1052463657,residential,496.66,19,309.03
1052463663,commercial,1609.36,14,945.87
1052463664,residential,452.07,19,230.13
1053086134,residential,208.04,19,122.5
1053086136,commercial,917.25,14,527.57
1053846097,residential,375.47,19,247.81
1053846100,residential,264.28,19,182.15
1053846102,residential,264.08,19,141.52
1053846103,residential,498.51,19,298.38
1053846105,residential,201.58,19,132.25
1053846108,commercial,868.95,14,447.75
1053846110,residential,421.54,19,280.38
1053846117,residential,473.47,19,321.42
1053846123,residential,324.61,19,217.88
1053846124,residential,403.64,19,202.7
1053846125,residential,315.19,19,161.83
1053846126,residential,294.35,19,162.45
1053846127,residential,496.01,19,298.4
1053846128,commercial,1189.2,14,741.14
1054127605,commercial,1292.51,14,792.38
1054233120,residential,364.08,19,231.63
1054233121,commercial,1021.0,14,534.36
1054233122,residential,440.53,19,232.12
1054384465,commercial,1622.41,14,1109.93
1054384466,residential,458.8,19,258.33
1054384467,residential,361.92,19,229.22
1054384468,residential,232.32,19,122.76
1054384469,residential,239.59,19,122.86
1054384470,residential,232.5,19,160.57
1054384471,residential,398.08,19,225.35
1054488997,residential,423.26,19,249.28
1054489005,commercial,1864.07,14,1069.51
1054489006,commercial,1988.84,14,1310.64
1054489007,commercial,1108.59,14,740.46
1056184617,residential,486.71,19,256.75
1056184621,commercial,1077.24,14,699.85
1056184622,residential,326.26,19,193.17
1056184623,residential,212.66,19,128.61
1056665488,residential,478.88,19,248.04
1056665491,residential,495.77,19,283.77
1056665493,commercial,1831.97,14,1107.3
1056665494,residential,222.19,19,154.01
1056665495,commercial,887.2,14,606.38
1056665496,residential,366.24,19,229.95
1056665497,commercial,1619.92,14,1064.95
1056665498,residential,258.58,19,159.29
1060190456,residential,216.26,19,120.8
1060190457,residential,399.91,19,260.41
1060953966,residential,395.14,19,249.75
1060953988,residential,240.04,19,141.46
1061038547,residential,428.87,19,298.3
1061087828,residential,316.0,19,194.0
1062341298,residential,242.66,19,166.8
1062359625,commercial,1831.58,14,1043.9
1062359626,residential,259.51,19,142.66
1062359627,residential,250.73,19,156.39
1062359628,residential,490.6,19,291.42
1062359629,residential,294.69,19,191.23
1062359632,commercial,1497.57,14,1042.96
1062359633,commercial,1127.46,14,611.33
1062359634,residential,235.7,19,128.34
1062359637,commercial,1089.81,14,690.7
1062372937,residential,428.04,19,294.29
1062372939,residential,246.26,19,125.05
1062372940,residential,282.79,19,155.32
1062372942,residential,435.2,19,267.01
1062372943,residential,462.43,19,304.85
1064408597,residential,464.57,19,297.82
1064418717,residential,476.77,19,281.09
1064418718,residential,338.61,19,193.46
1064418719,commercial,1939.02,14,1120.5
1064573622,residential,227.43,19,137.48
1064840028,residential,426.8,19,229.08
1064840029,commercial,1153.15,14,632.48
1064840032,commercial,1360.37,14,852.17
1064840033,residential,281.61,19,173.34
1064840034,commercial,939.55,14,501.55
1064890979,residential,250.06,19,155.84
1064890980,commercial,1609.28,14,1079.65
1064890981,residential,241.02,19,126.5
1065048411,residential,286.94,19,186.12
1065072654,commercial,1395.25,14,821.37
1065090514,commercial,1642.99,14,860.48
1065090515,residential,285.16,19,178.22
1065090527,residential,208.77,19,105.13
1065099079,residential,442.37,19,252.92
1065099080,residential,285.85,19,158.03
1065104464,commercial,1824.84,14,916.73
1065205731,residential,364.67,19,251.25
1065205751,residential,230.36,19,144.42
1065293814,residential,370.85,19,208.31
1065427105,commercial,1353.09,14,851.13
1065763511,residential,464.38,19,323.56
1066006344,commercial,1604.63,14,841.9
1066116296,residential,338.26,19,172.82
1066116297,residential,492.78,19,267.11
1066396969,residential,297.86,19,190.73
1066396976,residential,397.01,19,253.96
1066506639,commercial,1959.83,14,1063.62
1066506645,residential,261.57,19,180.57
1066604763,commercial,1758.77,14,981.9
1066721253,residential,291.42,19,161.6
1066854626,commercial,1352.54,14,706.58
1066854628,residential,394.5,19,208.75
1066854630,commercial,1802.34,14,1154.6
1066868600,commercial,1034.41,14,641.48
1066870634,commercial,1130.08,14,635.04
1066895468,commercial,1913.85,14,1170.05
1066902628,commercial,1967.47,14,1109.79
1066902629,residential,332.73,19,175.94
1066902630,commercial,1665.23,14,990.99
1066902631,commercial,1232.69,14,676.46
1066902632,commercial,1048.52,14,717.05
1066902633,commercial,1301.85,14,708.96
1066902634,commercial,885.54,14,453.56
1066902637,commercial,1140.45,14,707.42
1066902642,commercial,1636.41,14,982.69
1066902644,commercial,1937.77,14,1194.5
1066902645,residential,290.59,19,164.36
1066902646,residential,432.96,19,220.63
1066902649,residential,317.66,19,192.53
1066902651,residential,389.94,19,227.27
1067945108,commercial,1636.76,14,1132.17
1067951552,residential,420.53,19,260.8
1067951553,residential,247.67,19,142.01
1067951554,residential,475.6,19,311.29
1068798170,commercial,1704.36,14,1102.45
1068836859,residential,488.26,19,329.63
1068836860,commercial,1414.44,14,850.83
1068844240,residential,339.1,19,209.08
1068844241,residential,341.51,19,201.86
1068844242,residential,269.33,19,156.34
1068844244,commercial,1947.89,14,1268.42
1068844245,commercial,817.64,14,500.62
1068844253,commercial,1144.28,14,587.24
1068844254,commercial,1796.52,14,912.58
1068844255,commercial,1779.5,14,1057.27
1068844256,residential,288.99,19,196.2
1068844257,commercial,824.42,14,522.34
1068846819,residential,495.97,19,306.99
1068846820,residential,298.04,19,181.56
1068852048,commercial,1907.01,14,1062.0
1069218254,residential,335.09,19,169.3
1069218255,residential,285.5,19,159.74
1069218256,residential,230.54,19,134.51
1069218257,residential,308.74,19,192.03
1069218258,residential,239.29,19,128.76
1069218259,residential,223.25,19,120.65
1069218260,residential,443.14,19,264.76
1069218261,residential,448.29,19,238.24
1069218266,residential,307.44,19,180.65
1069218267,residential,242.65,19,151.66
1069219394,residential,352.4,19,225.67
1069219395,residential,410.86,19,277.89
1069253438,commercial,1536.34,14,804.47
1069253439,commercial,1071.41,14,544.53
1069253440,residential,475.55,19,245.5
1069253441,residential,396.84,19,211.13
1069253442,residential,448.61,19,241.29
1069265496,residential,337.54,19,175.34
1069265497,residential,395.88,19,240.37
1069600845,residential,465.45,19,264.74
1069600846,residential,392.54,19,270.75
1069600847,residential,443.95,19,236.28
1069600848,commercial,1965.49,14,1110.6
1069600855,residential,364.51,19,207.62
1069910599,residential,367.35,19,225.42
1070105438,residential,359.44,19,182.85
1070105447,commercial,1202.23,14,639.81
1070342523,residential,368.49,19,193.7
1070483693,residential,398.47,19,267.88
1070483698,residential,343.67,19,206.01
1070483753,residential,205.86,19,127.05
1070509113,residential,370.31,19,196.41
1070516510,residential,291.37,19,189.87
1070516512,commercial,1530.88,14,878.08
1070818625,residential,334.1,19,175.69
1070818628,residential,462.74,19,247.76
1070825900,commercial,1421.96,14,888.34
1070952273,residential,471.21,19,323.45
1070977174,residential,483.56,19,314.72
1071053387,residential,434.17,19,297.56
1071061035,commercial,1575.06,14,1085.85
1071061036,residential,215.03,19,136.5
1071257241,residential,250.08,19,134.78
1071257262,residential,406.58,19,242.81
1071265856,residential,331.72,19,182.25
1071407119,residential,421.79,19,215.39
1071407123,residential,254.94,19,168.29
1072006981,residential,345.53,19,204.03
1072006987,residential,378.51,19,192.33
1072007028,residential,272.82,19,138.54
1072197836,residential,215.21,19,133.29
1072272809,residential,359.28,19,183.21
1072283110,residential,349.74,19,213.34
1072283116,residential,299.39,19,166.62
1072290653,residential,234.24,19,132.44
1072290663,residential,284.31,19,154.9
1072344841,residential,360.98,19,242.07
1072648466,residential,412.89,19,256.82
1072674715,residential,411.19,19,214.0
1072674732,residential,329.25,19,181.89
1072674737,residential,226.71,19,136.7
1072676253,residential,406.86,19,260.88
1072948590,commercial,1306.15,14,658.82
1073091157,commercial,953.0,14,635.93
1073952493,commercial,1007.12,14,542.93
1073988495,residential,387.43,19,219.48
1073988496,residential,260.58,19,137.68
1074088674,residential,203.03,19,141.38
1074089347,commercial,1725.3,14,1096.41
1074282720,commercial,815.75,14,445.92
1074881558,commercial,1493.14,14,870.75
1074881561,residential,355.52,19,238.36
1074881563,commercial,1692.54,14,1133.92
1074881568,residential,273.18,19,166.79
1075249162,residential,343.97,19,227.88
1075372136,residential,389.4,19,228.09
1075497285,residential,377.5,19,201.25
1075549043,residential,256.04,19,140.4
1075549071,commercial,1147.07,14,705.29
1075556964,residential,308.5,19,175.45
1075561692,residential,446.67,19,279.94
1075569417,residential,323.76,19,205.37
1075575783,residential,455.3,19,282.1
1075575787,residential,228.7,19,152.62
1076111823,residential,293.71,19,163.18
1076111841,residential,262.62,19,157.42
1076111842,residential,277.87,19,157.89
1076332648,commercial,1718.23,14,915.52
1076398559,residential,440.99,19,270.32
1076405800,commercial,1683.95,14,970.74
1076405806,residential,201.22,19,135.83
1076405810,residential,498.05,19,250.94
1076618914,commercial,1395.62,14,873.16
1076871258,residential,462.89,19,321.97
1076871268,residential,393.97,19,204.95
1077848595,residential,399.14,19,222.09
1078036945,residential,262.9,19,180.4
1078864762,residential,471.49,19,286.58
1078864763,residential,295.4,19,186.06
1078864764,residential,363.0,19,188.57
1078864765,residential,483.66,19,279.51
1078864766,residential,464.9,19,300.96
1078864767,residential,355.27,19,179.49
1078864768,residential,458.58,19,302.79
1078864769,residential,353.03,19,198.45
1078864770,residential,230.21,19,132.07
1078864772,commercial,1691.07,14,1057.82
1079068565,commercial,1723.63,14,1116.06
1079087284,residential,477.34,19,259.01
1079094266,residential,484.71,19,270.43
1079506837,residential,309.1,19,168.41
1079506838,residential,435.39,19,289.09
1079506841,residential,265.97,19,167.52
1079506844,commercial,1834.39,14,991.15
1079506848,commercial,1437.05,14,987.4
1079506852,commercial,802.2,14,544.8
1080164739,residential,238.4,19,151.14
1080795062,residential,413.48,19,273.92
1080795065,residential,298.73,19,159.28
1080795067,commercial,1551.4,14,797.08
1080796143,residential,215.98,19,112.13
1080917755,residential,321.83,19,188.01
1080917756,residential,302.73,19,204.57
1080917758,residential,478.34,19,270.06
1080943278,residential,417.75,19,246.6
1080943279,residential,454.38,19,312.73
1080943280,residential,489.36,19,251.03
1081206653,commercial,865.33,14,446.44
1081215242,residential,416.9,19,263.79
1081215245,commercial,1759.59,14,1146.51
1081463155,commercial,1951.24,14,1269.24
1081463157,commercial,1848.19,14,988.06
1081463159,commercial,1198.4,14,704.57
1081463160,commercial,839.69,14,423.69
1081553338,residential,293.26,19,168.54
1081555827,residential,324.67,19,170.05
1082367459,commercial,834.2,14,473.13
1082449595,commercial,1698.83,14,1096.64
1082662446,residential,478.67,19,297.4
1082665740,residential,310.93,19,155.82
1082668840,residential,498.8,19,341.77
1082671465,residential,342.63,19,177.47
1082784823,residential,326.71,19,215.82
1082784994,residential,226.28,19,149.19
1082810539,residential,322.94,19,216.39
1082810540,residential,241.6,19,167.28
1083396839,residential,210.23,19,138.94
1083400646,residential,311.02,19,193.8
1083449784,commercial,1888.17,14,1099.5
1083566588,residential,242.87,19,158.36
1083566597,commercial,892.56,14,511.94
1083566602,commercial,1513.87,14,1028.79
1083570294,residential,248.35,19,158.45
1083590206,commercial,1619.32,14,1057.61
1083590217,residential,347.52,19,224.36
1083590219,residential,278.08,19,187.67
1083590222,commercial,1955.15,14,1204.89
1084220437,commercial,1925.07,14,974.56
1084220440,residential,270.95,19,150.09
1084220443,residential,310.76,19,207.83
1084220445,commercial,1462.61,14,854.36
1084220446,commercial,1672.86,14,1031.58
1084220449,residential,220.34,19,130.73
1084353637,commercial,1965.03,14,1291.48
1084363595,residential,475.59,19,290.7
1084382248,commercial,1616.41,14,883.18
1084382249,residential,368.07,19,201.17
1084382252,commercial,1093.41,14,615.84
1084382254,commercial,1064.34,14,720.99
1084382255,commercial,856.52,14,498.39
1084382257,commercial,1610.12,14,933.2
1084382650,commercial,1097.55,14,708.42
1084382651,residential,222.51,19,134.9
1084382652,commercial,1661.19,14,1076.83
1084450343,residential,465.43,19,238.99
1084450381,residential,496.41,19,260.59
1084735109,residential,381.05,19,250.19
1084735110,residential,375.28,19,222.72
1084735111,residential,229.3,19,133.46
1084735113,residential,323.08,19,198.7
1084735114,residential,418.07,19,257.51
1084735117,residential,402.88,19,253.67
1084735119,residential,328.27,19,200.1
1084735120,residential,385.69,19,267.09
1084735124,residential,392.26,19,239.45
1084735127,commercial,1511.19,14,862.74
1084735132,residential,351.45,19,182.81
1084735134,residential,248.72,19,159.07
1084735136,residential,464.29,19,277.31
1084735138,residential,352.26,19,224.83
1084735143,commercial,807.68,14,500.49
1084971894,commercial,1083.01,14,612.89
1084971895,commercial,1163.43,14,651.63
1085144198,residential,291.06,19,147.44
1085870705,residential,374.84,19,252.75
1085949504,residential,340.01,19,236.46
1085949505,commercial,1649.91,14,932.08
1085949508,residential,377.73,19,203.4
1085952668,residential,206.41,19,124.21
1085952670,commercial,1801.33,14,1093.99
1086033051,residential,211.92,19,124.71
1086033052,residential,320.83,19,207.25
1086044091,residential,297.61,19,207.99
1086044092,commercial,1187.4,14,818.72
1086044093,residential,453.85,19,249.45
1086044108,residential,375.48,19,251.09
1086044109,commercial,1120.79,14,782.64
1086046637,residential,326.07,19,164.46
1086046638,residential,373.81,19,237.53
1086048444,residential,487.28,19,263.22
1086048446,residential,267.9,19,145.6
1086048449,residential,286.08,19,193.56
1086048451,residential,304.88,19,190.54
1086134443,residential,444.32,19,293.15
1086134444,residential,235.32,19,124.24
1086134445,residential,483.54,19,271.49
1086134446,residential,401.02,19,241.39
1086134447,residential,484.27,19,252.96
1086134451,residential,485.11,19,334.14
1086134452,residential,421.99,19,265.76
1086134455,residential,342.71,19,237.04
1086215346,commercial,1161.07,14,758.04
1086241109,residential,342.75,19,212.61
1086438022,residential,315.52,19,211.32
1086438027,residential,429.85,19,265.75
1086438028,residential,453.51,19,276.07
1086438030,residential,369.37,19,231.21
1086438041,residential,314.71,19,201.99
1086438044,residential,313.78,19,183.83
1086438048,residential,463.89,19,279.94
1086438050,residential,299.87,19,187.02
1086438051,residential,472.67,19,288.61
1086438052,residential,250.96,19,160.15
1086438054,residential,488.63,19,334.23
1086438055,residential,229.24,19,122.04
1087693605,residential,270.93,19,159.2
1087696660,residential,476.88,19,246.23
1087820287,commercial,1478.9,14,764.31
1087820288,commercial,903.15,14,548.86
1087820290,residential,459.14,19,241.36
1088209008,residential,332.2,19,214.02
1088209025,residential,444.57,19,232.73
1089113276,residential,235.7,19,120.31
1089113277,residential,410.61,19,236.04
1089113281,residential,356.94,19,243.58
1089707940,residential,403.23,19,203.85
1089707942,commercial,1072.03,14,556.79
1089707943,residential,391.38,19,273.79
1089707945,commercial,1697.47,14,1109.86
1089707947,residential,246.41,19,149.79
1089710892,residential,234.4,19,131.66
1089710895,commercial,1644.97,14,890.0
1089717986,residential,396.87,19,239.82
1089717987,residential,437.04,19,278.44
1089717988,residential,219.16,19,122.99
1089717989,residential,494.57,19,314.64
1089717991,residential,330.82,19,186.93
1089717996,residential,439.81,19,251.57
1089717997,residential,397.34,19,257.25
1089718000,commercial,1506.09,14,785.55
1089718004,residential,392.83,19,217.15
1091036298,residential,496.21,19,249.0
1091036299,residential,440.87,19,238.61
1091039590,residential,331.16,19,223.17
1091039593,residential,204.33,19,137.37
1091039594,residential,427.25,19,296.92
1091040283,residential,225.27,19,112.73
1091048727,residential,221.73,19,119.98
1091543225,residential,326.11,19,216.14
1091543230,residential,438.49,19,247.4
1091543233,residential,440.13,19,276.98
1091543236,residential,430.81,19,283.13
1091543238,commercial,1603.25,14,880.79
1091543242,commercial,1329.38,14,737.52
1091543243,residential,279.64,19,179.93
1091543244,residential,413.7,19,217.13
1091543245,residential,418.2,19,270.51
1091543246,commercial,1732.06,14,1040.16
1091543248,residential,423.56,19,214.51
1091543249,residential,242.98,19,147.55
1091543250,commercial,1914.11,14,1164.3
1091543253,commercial,1826.75,14,1193.48
1091543254,residential,229.7,19,149.58
1091543260,residential,385.24,19,245.65
1091543261,residential,217.04,19,141.07
1091543262,residential,410.48,19,213.81
1091543264,commercial,1287.72,14,734.23
1091543265,residential,467.81,19,270.58
1091543273,commercial,1245.2,14,676.94
1091543274,commercial,1176.11,14,810.73
1092180884,commercial,1174.0,14,794.22
1092180885,residential,224.74,19,126.64
1092180886,residential,329.78,19,230.16
1092180887,residential,463.17,19,292.26
1092180888,residential,232.02,19,127.82
1092180889,commercial,962.19,14,510.13
1092180890,residential,405.1,19,249.46
1092180891,residential,306.81,19,197.92
1092663381,residential,401.56,19,217.69
1092668717,commercial,1845.39,14,1008.09
1092668718,residential,297.58,19,202.08
1092668721,residential,488.7,19,296.81
1092668722,residential,467.46,19,308.3
1092680591,residential,376.02,19,213.61
1092683241,commercial,862.26,14,582.25
1092683243,residential,293.09,19,151.86
1092941903,residential,224.05,19,135.89
1093183266,residential,412.7,19,270.5
1093287191,commercial,1889.48,14,1070.86
1093290433,residential,310.69,19,167.27
1093290435,residential,290.25,19,194.11
1093290436,commercial,1874.09,14,1055.5
1093290440,commercial,1303.94,14,652.09
1093290441,residential,404.18,19,221.21
1093290442,residential,352.97,19,187.79
1093292153,commercial,1837.44,14,969.8
1093504016,residential,354.38,19,222.36
1093504018,commercial,916.41,14,557.7
1093504019,commercial,1626.81,14,1057.18
1093504020,residential,493.35,19,251.33
1093504021,commercial,1683.9,14,1092.3
1093504022,residential,473.0,19,244.16
1093504023,residential,335.18,19,218.25
1093504024,residential,296.19,19,180.44
1093528496,residential,300.56,19,202.29
1093528497,residential,382.93,19,216.06
1093528498,residential,269.55,19,139.84
1095440450,residential,453.83,19,234.49
1095440451,residential,285.35,19,153.49
1095440454,commercial,1415.79,14,849.02
1095440456,residential,475.2,19,329.79
1095440457,residential,308.09,19,155.46
1095440458,residential,280.95,19,182.6
1095440459,residential,492.74,19,268.83
1095440460,commercial,1134.39,14,571.39
1095458724,commercial,1123.66,14,629.33
1095458726,residential,470.37,19,284.04
1095458728,residential,332.67,19,174.69
1095458729,residential,268.4,19,177.82
1095561484,residential,259.9,19,178.64
1095561485,residential,496.5,19,347.28
1095561498,residential,304.32,19,160.21
1095561500,residential,209.58,19,139.51
1095561505,residential,223.81,19,147.58
1095561515,commercial,1345.29,14,889.95
1095569346,residential,403.77,19,223.04
1095569348,commercial,1265.25,14,752.98
1095569350,commercial,1972.85,14,1096.67
1096795630,residential,419.16,19,244.57
1097086579,commercial,1438.28,14,944.51
1097436275,residential,238.85,19,159.59
1097440445,residential,377.23,19,234.15
1097715842,commercial,1801.03,14,1036.1
1097727352,residential,391.18,19,218.25
1099665417,residential,327.1,19,173.24
1099848875,commercial,821.61,14,494.14
1099882757,commercial,1221.34,14,611.04
1100674384,residential,460.71,19,268.24
1100674385,residential,418.49,19,279.75
1101219233,commercial,1944.45,14,1057.75
1101219235,residential,396.67,19,274.97
1101219243,commercial,1882.04,14,1165.19
1102957210,commercial,1746.78,14,1187.02
1102957211,residential,366.26,19,227.59
1102957212,commercial,1164.84,14,689.01
1102957213,residential,290.92,19,186.99
1104353535,residential,252.5,19,170.91
1104353541,commercial,1257.57,14,689.37
1104353550,commercial,1441.38,14,951.6
1104358048,commercial,1238.4,14,637.64
1106402192,residential,221.83,19,115.35
1106402193,residential,252.8,19,144.19
1106402194,residential,264.96,19,151.86
1106402195,residential,419.46,19,221.48
1106402196,residential,493.73,19,305.12
1106402198,commercial,1901.43,14,1252.26
1106402199,commercial,963.97,14,586.69
1106402200,residential,371.25,19,229.35
1106402202,residential,446.35,19,293.78
1106402203,residential,212.14,19,148.47
1106402205,commercial,1903.54,14,997.81
1106402206,commercial,1896.91,14,1183.13
1106402210,commercial,1931.61,14,1015.14
1107010325,residential,471.03,19,246.05
1107018495,commercial,1000.8,14,503.14
1107018499,residential,307.19,19,179.17
1108003245,commercial,1361.33,14,806.82
1108003246,residential,496.34,19,312.09
1110520956,commercial,1345.7,14,803.97
1110798657,residential,278.88,19,182.06
1110798658,commercial,1857.24,14,1017.18
1110798659,residential,368.27,19,204.86
1110798660,residential,311.65,19,177.42
1110798661,residential,379.95,19,219.02
1110798662,residential,496.63,19,302.83
1110798664,residential,289.49,19,200.73
1110798665,commercial,1127.81,14,745.1
1110798666,residential,288.08,19,148.65
1110808769,commercial,1762.49,14,964.04
1110808779,commercial,1151.05,14,585.24
1111108767,residential,358.22,19,217.92
1111108770,residential,205.43,19,140.58
1111845882,residential,260.21,19,166.45
1111845883,residential,203.01,19,140.47
1111845894,residential,332.69,19,223.1
1112087817,residential,201.85,19,137.5
1112087818,commercial,839.01,14,472.86
1112087825,commercial,1905.31,14,1307.88
1112087827,commercial,889.73,14,475.94
1112525152,residential,292.68,19,200.65
1112525153,residential,339.65,19,206.96
1113090751,commercial,969.48,14,495.45
1114967981,commercial,1818.53,14,1181.07
1114967983,residential,295.32,19,188.12
1114967985,residential,363.06,19,232.57
1114967986,commercial,1847.24,14,1060.98
1114967992,residential,347.32,19,184.76
1115399971,residential,239.16,19,153.5
1115399972,commercial,1370.54,14,923.39
1115399976,commercial,1069.46,14,692.05
1116730318,residential,356.84,19,203.03
1116730325,residential,245.79,19,165.03
1116733296,residential,271.99,19,180.99
1117353468,residential,383.59,19,205.95
1117353469,residential,215.64,19,148.51
1117421878,commercial,1573.95,14,962.06
1117440303,commercial,1399.81,14,817.68
1117440304,commercial,1616.75,14,1057.64
1117440308,residential,303.04,19,179.75
1117522766,commercial,920.84,14,528.15
1117522767,residential,257.94,19,139.34
1117538125,residential,319.25,19,220.43
1117538126,residential,488.51,19,260.35
1117538128,residential,234.57,19,160.74
1117549368,residential,455.29,19,297.35
1118416234,residential,344.32,19,176.23
1118416954,commercial,1920.79,14,1101.14
1118421374,residential,278.71,19,189.18
1118557049,residential,397.48,19,242.04
1118946147,residential,318.94,19,183.3
1118946153,residential,363.82,19,241.32
1118946154,residential,210.9,19,127.07
1118946160,residential,344.52,19,216.49
1118946161,residential,209.68,19,133.03
1118946162,residential,332.23,19,183.34
1118946164,residential,307.0,19,164.84
1118946165,residential,369.44,19,257.38
1118946167,residential,412.4,19,256.06
1118949274,residential,408.7,19,251.12
1118949275,residential,338.47,19,170.46
1118949276,residential,367.48,19,202.17
1119208726,residential,463.58,19,308.03
1119208727,residential,305.18,19,163.2
1119219521,commercial,1062.47,14,585.14
1119219523,commercial,1452.87,14,762.37
1119219526,commercial,1208.95,14,736.7
1119219527,commercial,1043.69,14,650.25
1119219528,commercial,1650.78,14,897.08
1119219529,residential,457.55,19,272.43
1119219531,commercial,1100.31,14,732.46
1119219535,commercial,1746.83,14,1013.92
1119219537,commercial,1363.44,14,848.56
1119219538,commercial,1540.02,14,1029.39
1119219548,residential,439.07,19,284.94
1119221389,commercial,825.88,14,483.51
1119315454,residential,413.27,19,279.35
1119315455,residential,262.31,19,135.56
1119328354,residential,270.06,19,156.84
1119328357,residential,232.6,19,142.81
1119328359,residential,462.88,19,311.67
1119328360,residential,441.65,19,272.68
1119328363,residential,251.47,19,147.7
1119328366,residential,316.68,19,200.28
1119408832,commercial,1237.12,14,830.5
1119896626,commercial,1458.63,14,904.21
1119921703,residential,367.1,19,207.02
1119921708,residential,274.73,19,157.3
1120150542,residential,218.39,19,136.93
1120161132,residential,229.22,19,130.07
1120779480,commercial,1557.01,14,915.06
1122205571,residential,251.1,19,140.62
1122439662,commercial,861.84,14,555.59
1123146960,residential,409.81,19,286.09
1123149229,residential,394.05,19,223.05
1123151706,residential,215.76,19,142.33
1123151712,residential,295.99,19,185.05
1123304171,residential,367.63,19,255.57
1123304174,residential,323.5,19,220.12
1123787552,residential,286.11,19,197.88
1124083554,commercial,1056.01,14,603.91
1124083555,commercial,1861.28,14,981.09
1124083556,commercial,1924.23,14,1016.8
1124083557,commercial,1618.96,14,825.84
1124083560,commercial,1132.97,14,774.81
1124083561,residential,219.96,19,133.19
1124083563,commercial,919.6,14,554.05
1124083564,residential,277.18,19,152.83
1124089047,residential,300.96,19,171.0
1124089048,residential,214.43,19,119.42
1124089049,commercial,1122.85,14,693.66
1124089050,commercial,1966.94,14,1290.18
1124233386,commercial,932.95,14,517.24
1124238266,residential,304.27,19,204.18
1124597756,residential,499.7,19,287.32
1124636159,commercial,1465.63,14,966.76
1124636160,commercial,1769.39,14,951.84
1124687780,residential,217.17,19,140.63
1124790760,commercial,1245.24,14,680.17
1124828968,residential,377.22,19,196.07
1124828970,residential,467.73,19,305.17
1124828971,residential,283.48,19,179.89
1124828975,residential,483.24,19,276.35
1124828979,residential,273.93,19,179.59
1124828980,residential,292.86,19,171.65
1124828981,residential,212.0,19,117.94
1124828983,residential,309.61,19,205.08
1124838023,commercial,1141.64,14,782.37
1124838028,commercial,898.49,14,602.31
1124838029,commercial,1229.5,14,681.32
1124838031,residential,319.78,19,218.59
1124838104,residential,370.07,19,216.29
1124838106,commercial,1606.05,14,1006.12
1124838107,commercial,1415.12,14,977.22
1124838111,residential,223.19,19,154.67
1124838112,commercial,1914.72,14,1189.92
1125367846,commercial,1638.83,14,1007.27
1125371215,commercial,1453.34,14,879.29
1125662416,residential,278.98,19,158.97
1125662417,commercial,1186.71,14,799.58
1125662418,residential,239.52,19,135.27
1125662420,residential,334.06,19,195.0
1125662425,residential,233.72,19,155.63
1125662426,residential,320.18,19,200.02
1125662429,residential,207.9,19,141.79
1125669864,residential,217.34,19,122.87
1125669865,commercial,1950.6,14,1039.95
1125669866,commercial,813.73,14,533.59
1125669872,commercial,1000.82,14,535.65
1125688045,residential,338.97,19,215.62
1125688047,residential,368.02,19,250.64
1125688049,residential,389.64,19,260.25
1125688050,residential,374.28,19,224.49
1125688055,residential,282.26,19,183.78
1125688056,residential,374.25,19,203.0
1125688065,residential,296.85,19,167.93
1125692655,commercial,1320.44,14,770.66
1125692657,residential,482.75,19,273.54
1125698048,residential,483.25,19,267.05
1125877405,residential,401.89,19,277.82
1125877406,commercial,1891.51,14,1136.23
1125877412,commercial,1757.1,14,908.25
1125892142,residential,356.64,19,236.46
1125892143,commercial,1874.6,14,1296.41
1125892144,commercial,1163.5,14,665.54
1125892145,commercial,1280.15,14,765.09
1125892146,commercial,1701.65,14,1072.87
1125892147,commercial,1199.64,14,767.47
1125892149,commercial,1684.63,14,887.61
1125892150,residential,327.52,19,194.74
1125892151,commercial,997.8,14,534.26
1125892153,commercial,1393.88,14,829.56
1125892155,commercial,1343.08,14,819.25
1125892157,residential,258.38,19,167.85
1125892159,commercial,1473.88,14,967.95
1125892160,residential,434.56,19,282.11
1125892166,commercial,1858.87,14,1122.04
1125892167,commercial,1346.38,14,715.01
1125892168,residential,453.91,19,311.74
1125892169,commercial,1047.16,14,571.87
1125892170,residential,246.77,19,171.08
1125892171,residential,408.84,19,242.4
1125892172,residential,407.06,19,239.02
1125892173,residential,371.47,19,211.7
1125892174,residential,319.91,19,174.03
1125892177,commercial,1801.39,14,1123.58
1125988168,commercial,1762.77,14,1090.44
1125988174,commercial,1591.21,14,1002.4
1125988175,commercial,1686.3,14,958.32
1125988176,commercial,1057.42,14,695.82
1125988180,commercial,1638.01,14,1062.2
1125988183,commercial,1350.8,14,705.01
1125988184,commercial,1357.79,14,783.29
1125988186,residential,479.84,19,324.36
1125988188,residential,323.89,19,174.3
1125988189,residential,285.14,19,192.26
1125988190,residential,439.19,19,280.53
1125988191,residential,366.39,19,243.61
1125988192,residential,220.93,19,130.86
1125988193,residential,310.3,19,177.69
1125988194,residential,205.39,19,120.08
1125988195,residential,285.44,19,149.03
1125988196,residential,397.39,19,267.15
1125988197,residential,376.79,19,230.45
1125988198,residential,339.8,19,200.24
1125988199,residential,470.22,19,261.73
1125988200,residential,345.83,19,227.52
1125988201,residential,339.15,19,235.48
1125988202,residential,303.01,19,184.01
1125988203,residential,482.46,19,288.27
1125988204,commercial,1222.22,14,747.19
1125988205,commercial,1613.89,14,897.77
1125988206,commercial,1717.8,14,1181.38
1125999702,residential,250.27,19,160.87
1125999704,residential,318.89,19,193.49
1125999705,commercial,1744.34,14,957.71
1125999706,residential,202.18,19,114.91
1125999708,commercial,1123.99,14,567.91
1126060068,residential,456.95,19,312.56
1126060069,commercial,868.07,14,496.87
1126060071,commercial,1501.02,14,790.73
1126060072,residential,430.07,19,260.81
1126063816,residential,325.26,19,192.09
1126063818,residential,415.37,19,223.93
1126139623,commercial,1504.13,14,796.7
1126139624,commercial,955.23,14,544.93
1126139625,commercial,1577.56,14,997.22
1126139626,commercial,1350.42,14,942.46
1126139629,commercial,1361.44,14,905.63
1126139635,commercial,1154.34,14,592.86
1126139636,residential,357.41,19,223.87
1126139637,commercial,1937.38,14,978.23
1126139641,residential,368.56,19,239.77
1126139642,residential,225.35,19,152.55
1126139644,residential,478.14,19,281.67
1126139651,residential,466.09,19,301.58
1126139652,residential,355.64,19,204.58
1126139655,residential,322.81,19,188.53
1126140034,commercial,1001.08,14,611.56
1126169749,commercial,1818.6,14,1105.91
1126243350,residential,311.03,19,156.75
1126715094,commercial,1907.77,14,1079.75
1126717607,residential,202.14,19,125.76
1126717608,residential,256.49,19,144.46
1126736121,residential,444.98,19,298.36
1126736122,residential,235.98,19,146.95
1126736123,residential,486.48,19,296.56
1126736124,commercial,1699.12,14,1186.69
1126736125,commercial,1072.77,14,634.66
1126736126,commercial,1917.33,14,1232.94
1126736128,residential,344.33,19,201.37
1126736129,commercial,1354.61,14,818.85
1126736130,residential,305.83,19,188.46
1126736131,residential,303.74,19,164.98
1126736132,residential,414.15,19,285.06
1126736133,residential,259.5,19,137.03
1126736134,residential,367.42,19,250.69
1126736135,residential,390.15,19,263.87
1126736136,residential,478.17,19,287.66
1126736137,residential,251.99,19,148.42
1127670289,residential,472.98,19,261.83
1127671316,residential,290.57,19,178.13
1127727163,residential,418.18,19,221.63
1127727164,residential,355.79,19,244.49
1127727167,residential,462.51,19,286.42
1127727168,residential,367.45,19,233.97
1127727174,commercial,1409.04,14,844.83
1127727179,residential,387.44,19,199.03
1127959508,commercial,1927.38,14,1207.53
1127959510,residential,341.33,19,235.14
1127959512,commercial,1606.85,14,1035.11
1127959515,commercial,1460.48,14,883.53
1127959517,residential,447.34,19,292.14
1127959518,residential,411.37,19,276.18
1127959522,residential,227.0,19,120.6
1127959523,commercial,1593.04,14,1058.28
1127959524,residential,384.98,19,222.5
1127959526,residential,296.98,19,182.7
1128022659,residential,413.25,19,269.67
1128022660,residential,384.39,19,253.73
1128022661,residential,246.86,19,169.95
1128022662,residential,325.48,19,227.4
1128022663,residential,469.79,19,240.94
1128022665,residential,463.91,19,264.41
1128022666,residential,349.2,19,220.4
1128022667,residential,335.65,19,206.43
1128022668,residential,239.66,19,129.67
1128022669,residential,349.1,19,209.62
1128022670,residential,312.78,19,176.65
1128022671,residential,297.66,19,196.25
1128022672,residential,364.62,19,193.25
1128022673,residential,417.62,19,239.37
1128022674,residential,237.66,19,141.72
1128022676,residential,432.29,19,282.15
1128022677,residential,330.5,19,210.4
1128022678,residential,458.2,19,261.3
1128022679,residential,352.45,19,207.83
1128022680,residential,474.49,19,260.87
1128022681,residential,383.4,19,203.8
1128022682,residential,416.81,19,212.43
1128022683,residential,483.66,19,310.36
1128022684,residential,364.22,19,196.28
1128022685,residential,488.37,19,292.31
1128022686,residential,211.58,19,120.92
1128022687,residential,499.42,19,327.8
1128022688,residential,475.66,19,297.28
1128022689,residential,379.4,19,195.41
1128022690,residential,327.65,19,225.84
1128022691,residential,291.21,19,181.06
1128022692,residential,447.98,19,232.4
1128022693,residential,408.34,19,247.51
1128022694,residential,461.36,19,312.18
1128022695,residential,302.15,19,154.75
1128022696,residential,374.85,19,245.19
1128022697,residential,296.86,19,155.6
1128022698,residential,380.78,19,221.4
1128022700,residential,371.52,19,190.25
1128022701,residential,412.48,19,239.31
1128022702,residential,235.45,19,160.64
1128022703,residential,228.39,19,120.92
1128022704,residential,403.71,19,233.39
1128022705,residential,266.72,19,185.58
1128022706,residential,314.67,19,157.99
1128022707,residential,468.6,19,302.33
1128022708,residential,368.79,19,255.69
1128022709,residential,456.61,19,274.83
1128022712,commercial,1843.84,14,1226.13
1128023307,commercial,1581.62,14,966.46
1128023308,residential,275.92,19,192.19
1128023309,residential,471.72,19,329.91
1128023310,residential,258.12,19,146.22
1128023311,commercial,1782.71,14,974.95
1128127118,residential,216.09,19,134.9
1128132031,residential,281.83,19,180.87
1128134221,residential,253.13,19,165.3
1128134222,residential,307.27,19,174.34
1128134223,residential,313.65,19,211.59
1128134224,residential,205.63,19,133.45
1128134226,residential,490.57,19,266.99
1128134227,commercial,1667.82,14,862.23
1128134228,residential,486.32,19,288.81
1128134238,residential,471.19,19,306.72
1130678784,commercial,1414.84,14,769.86
1131468750,residential,358.99,19,219.5
1131468753,residential,455.43,19,307.54
1131468754,residential,230.6,19,136.43
1132098868,residential,313.86,19,170.25
1132098869,residential,298.53,19,208.91
1132387735,residential,245.12,19,135.73
1132387736,residential,217.44,19,145.49
1132387737,residential,210.51,19,121.14
1132387738,residential,328.5,19,200.26
1132429438,residential,397.0,19,242.58
1132429439,residential,426.19,19,218.32
1132429442,residential,371.07,19,252.9
1132429445,residential,269.4,19,168.4
1132481728,commercial,1566.36,14,833.08
1133630911,residential,359.26,19,235.72
1134013415,commercial,1704.15,14,999.88
1134015399,residential,372.04,19,219.26
1134015400,residential,438.33,19,283.68
1134015401,residential,203.68,19,126.99
1134015405,residential,374.22,19,241.67
1134052176,residential,356.84,19,235.2
1134052177,commercial,1750.02,14,1212.44
1134272289,residential,382.67,19,223.9
1134275245,residential,359.86,19,202.89
1134275247,residential,289.23,19,200.63
1134275249,residential,469.81,19,306.03
1134275262,residential,219.15,19,118.07
1134275264,commercial,801.38,14,453.24
1134275266,residential,364.71,19,239.35
1134278999,commercial,1607.19,14,910.65
1134279000,residential,381.73,19,210.25
1135596499,residential,404.08,19,208.22
1135846612,commercial,1488.64,14,987.4
1135850909,residential,416.02,19,268.63
1135850913,residential,366.69,19,249.2
1135852234,commercial,939.13,14,579.3
1135950148,residential,415.56,19,258.51
1135950150,residential,344.61,19,225.31
1135950151,residential,207.27,19,126.36
1136162565,residential,404.97,19,249.08
1136162567,residential,295.61,19,170.16
1136162569,commercial,1367.91,14,950.65
1136162572,residential,263.69,19,171.86
1136162887,commercial,1659.55,14,1085.64
1137014174,residential,257.55,19,160.63
1137014175,residential,419.66,19,223.71
1137014176,residential,326.61,19,215.05
1137014177,residential,256.16,19,173.99
1137014178,residential,422.12,19,276.3
1137014179,residential,361.1,19,251.66
1137152701,commercial,1114.01,14,697.05
1137152702,residential,487.91,19,274.19
1137152703,commercial,1878.17,14,1028.63
1137187608,residential,209.3,19,123.02
1137187618,residential,342.69,19,183.85
1137187619,commercial,1093.41,14,661.14
1137187620,residential,466.28,19,267.16
1137187621,commercial,1339.13,14,923.55
1137305675,commercial,1502.49,14,922.62
1137305676,commercial,1094.41,14,553.41
1137305677,commercial,1306.25,14,789.37
1137305678,residential,373.55,19,188.67
1137305683,residential,262.3,19,135.85
1137305685,commercial,1542.44,14,872.41
1137660871,residential,308.74,19,177.66
1137660873,residential,256.39,19,161.5
1137660878,residential,325.71,19,221.54
1137660883,residential,235.6,19,118.64
1137660886,commercial,1030.25,14,710.18
1137660889,residential,270.46,19,175.37
1137668043,commercial,1083.37,14,629.29
1137668046,residential,403.6,19,212.1
1137668047,residential,264.64,19,159.8
1137982236,residential,465.47,19,308.5
1137982237,residential,202.04,19,119.4
1137987556,residential,492.84,19,266.25
1138940972,residential,353.71,19,190.58
1138940973,residential,223.01,19,114.52
1141353117,residential,283.99,19,143.66
1141353118,commercial,1527.65,14,951.89
1141353120,commercial,1703.82,14,1005.39
1141353121,commercial,1134.31,14,654.4
1141353124,commercial,1922.19,14,1025.55
1141353125,residential,349.09,19,212.78
1141353127,commercial,1714.41,14,1084.54
1141353128,residential,475.95,19,328.74
1141353129,residential,376.48,19,193.56
1141353130,commercial,989.3,14,684.2
1141353131,residential,250.48,19,131.51
1141353132,commercial,1787.04,14,1144.5
1141414935,residential,343.45,19,218.46
1141414936,residential,262.21,19,175.43
1141414939,residential,483.01,19,305.96
1141414941,residential,262.05,19,143.37
1141414943,residential,242.82,19,134.62
1144034656,residential,297.9,19,184.76
1144036211,residential,367.88,19,186.79
1144247768,residential,219.11,19,142.38
1144247770,residential,395.19,19,229.04
1144270147,residential,268.59,19,156.15
1144270152,residential,422.24,19,255.16
1144281242,residential,456.62,19,248.17
1144281250,commercial,1310.73,14,905.77
1144281251,commercial,858.26,14,518.83
1144281253,residential,249.43,19,169.34
1144296219,commercial,865.85,14,564.22
1144296220,commercial,1794.86,14,1207.5
1144296221,commercial,1029.91,14,587.76
1144296227,commercial,1810.01,14,986.84
1144343751,residential,356.8,19,192.48
1145006727,commercial,884.56,14,487.19
1147338812,residential,330.69,19,175.79
1147338813,residential,270.47,19,143.87
1147338814,residential,491.72,19,311.82
1147338816,commercial,1949.62,14,1340.2
1147342231,commercial,972.9,14,523.53
1147342233,residential,253.31,19,163.37
1147342234,residential,478.63,19,259.61
1147342235,commercial,1748.62,14,1120.89
1147342236,residential,212.66,19,145.08
1147342237,residential,296.24,19,165.04
1147342238,residential,221.27,19,125.3
1147353861,residential,452.06,19,284.36
1147353862,residential,479.25,19,251.59
1147353863,residential,329.7,19,169.98
1147468850,residential,215.46,19,116.43
1147646460,commercial,1030.0,14,544.08
1147662043,residential,425.09,19,236.92
1147692544,commercial,1301.88,14,830.31
1148268345,residential,484.57,19,315.03
1148302611,commercial,1955.45,14,1298.76
1148302612,residential,251.58,19,141.32
1148302613,commercial,1603.88,14,971.47
1148302614,residential,299.33,19,176.85
1148302615,commercial,1527.02,14,947.56
1148302616,residential,420.51,19,264.34
1148302617,commercial,891.58,14,618.86
1148302618,commercial,1705.66,14,1000.88
1148302619,residential,308.95,19,168.74
1148302620,commercial,1124.56,14,667.63
1148302621,commercial,977.71,14,657.02
1148302622,residential,254.56,19,169.44
1148302623,commercial,1482.64,14,788.8
1148555013,commercial,983.07,14,568.26
1149212989,residential,444.78,19,253.27
1149212990,commercial,1500.13,14,779.84
1149212991,commercial,849.5,14,447.1
1149212992,residential,413.18,19,273.55
1149212993,residential,274.13,19,148.53
1149212994,residential,292.45,19,201.75
1149212995,residential,234.06,19,117.77
1149212996,residential,312.37,19,191.99
1149212997,residential,211.36,19,137.49
1149212998,residential,289.95,19,152.56
1149212999,residential,333.35,19,214.6
1149213000,residential,270.97,19,174.34
1149226849,commercial,1087.59,14,575.79
1149226850,commercial,1895.2,14,1167.7
1149226851,commercial,1358.18,14,773.79
1149226852,commercial,1610.0,14,810.35
1149442733,residential,249.81,19,129.68
1149442737,commercial,1619.91,14,868.47
1149670792,residential,488.09,19,308.61
1149670804,commercial,1968.97,14,1168.42
1149959379,commercial,1525.93,14,1064.96
1149959381,residential,239.28,19,158.08
1149959394,residential,286.47,19,168.94
1149959395,residential,232.32,19,129.86
1149959398,residential,340.04,19,221.33
1149959415,residential,354.61,19,205.34
1150343700,residential,342.89,19,180.6
1150343713,residential,433.8,19,302.92
1150343716,residential,266.92,19,154.32
1150343719,residential,408.25,19,260.71
1150343726,commercial,1486.74,14,899.34
1150343734,residential,276.59,19,192.28
1150472189,residential,372.27,19,230.97
1150488569,residential,498.16,19,339.66
1150511288,residential,238.38,19,129.43
1150894520,residential,348.19,19,200.72
1150894522,residential,371.25,19,225.47
1150897144,residential,499.27,19,301.62
1151111329,commercial,1393.42,14,724.04
1151907039,commercial,1583.4,14,945.97
1151907041,commercial,944.61,14,504.85
1151907042,commercial,997.41,14,668.14
1151907043,commercial,1273.74,14,726.42
1151907045,commercial,1095.81,14,691.58
1151907048,commercial,1576.1,14,1028.92
1151907049,commercial,1136.65,14,602.09
1151907061,commercial,1267.78,14,773.42
1151907067,commercial,1123.45,14,652.0
1151912863,residential,371.21,19,212.92
1151912865,residential,216.43,19,151.1
1151983183,commercial,1127.2,14,776.4
1151983203,residential,478.99,19,294.43
1151983248,residential,398.61,19,249.1
1152478198,residential,237.74,19,135.17
1152478200,residential,372.88,19,210.7
1152478201,residential,376.54,19,247.83
1152478202,residential,469.95,19,303.09
1152478203,residential,276.1,19,141.2
1152478204,residential,325.54,19,164.02
1152478206,residential,424.88,19,296.29
1152478207,residential,313.09,19,190.33
1152478209,residential,335.89,19,187.63
1152478210,residential,475.23,19,328.17
1152478211,residential,290.69,19,202.17
1152478212,residential,215.53,19,136.91
1152478213,residential,270.86,19,163.5
1152478214,residential,389.48,19,211.68
1152481905,commercial,1967.87,14,1102.62
1152482561,commercial,1558.01,14,927.37
1152486229,commercial,1266.94,14,847.56
1152486230,commercial,1273.58,14,880.5
1153506160,residential,326.26,19,165.0
1153506161,residential,334.4,19,175.49
1153506162,residential,229.34,19,135.55
1153736758,residential,431.02,19,269.61
1153736767,commercial,874.94,14,588.33
1153736768,commercial,1662.31,14,1141.65
1153736769,commercial,1180.49,14,646.89
1153736770,commercial,1464.08,14,973.95
1153736771,commercial,1334.22,14,765.75
1153852645,residential,285.21,19,160.33
1153852646,residential,350.47,19,226.23
1153852649,residential,290.15,19,172.56
1153852655,residential,318.14,19,188.7
1153855764,residential,224.81,19,130.33
1153855770,commercial,947.41,14,662.13
1153864194,residential,464.38,19,252.2
1154652904,residential,359.84,19,220.39
1154652905,residential,330.27,19,215.82
1154652906,residential,313.29,19,159.85
1154652907,residential,372.49,19,250.55
1154652908,residential,314.6,19,174.5
1154652909,residential,369.36,19,191.14
1154652910,residential,298.37,19,189.91
1154652911,residential,480.12,19,327.07
1154652912,residential,360.2,19,183.98
1154652913,residential,253.7,19,173.88
1154652914,residential,293.84,19,184.67
1154666458,residential,353.5,19,193.06
1154666461,residential,331.64,19,222.49
1154666464,residential,267.9,19,185.2
1154666465,residential,200.06,19,125.77
1154666467,residential,317.22,19,203.81
1154666469,residential,240.6,19,150.54
1154666472,residential,384.0,19,259.7
1154800559,commercial,1804.53,14,1189.23
1154800560,commercial,1947.64,14,1049.21
1154800562,commercial,1285.39,14,881.58
1154800563,commercial,1058.6,14,617.06
1154800764,residential,367.9,19,233.07
1154803675,residential,263.86,19,171.15
1154805393,commercial,1301.21,14,901.79
1154805395,residential,297.58,19,192.39
1154805832,residential,465.0,19,318.18
1154953982,residential,381.6,19,230.64
1155064208,residential,479.46,19,312.3
1155369193,residential,223.06,19,136.08
1155369194,residential,478.99,19,261.18
1156224672,residential,440.03,19,273.59
1156278574,residential,464.37,19,309.87
1156278584,commercial,1620.29,14,864.43
1156278585,commercial,1377.53,14,752.59
1156298769,residential,343.01,19,222.22
1156298771,residential,351.47,19,202.71
1156298772,residential,230.03,19,155.32
1156298773,residential,477.36,19,256.59
1156298774,residential,323.22,19,201.4
1156298775,residential,415.15,19,228.53
1156298776,residential,399.26,19,223.41
1156298778,commercial,907.46,14,458.36
1156298780,residential,311.01,19,177.29
1156298781,residential,253.46,19,130.95
1156298782,commercial,947.46,14,636.02
1157155412,residential,338.56,19,210.66
1157155416,residential,339.31,19,170.83
1157155420,residential,397.56,19,199.58
1157155421,residential,440.79,19,305.17
1157159572,residential,437.03,19,251.56
1157159573,residential,361.86,19,188.1
1157161753,commercial,1949.37,14,1183.21
1157161754,commercial,1421.72,14,748.65
1157217999,residential,250.73,19,164.43
1157218011,residential,251.75,19,144.96
1157218012,residential,455.98,19,294.19
1157218021,residential,435.15,19,239.32
1157248002,residential,419.28,19,214.92
1157248006,commercial,1424.87,14,822.66
1157248007,residential,479.17,19,267.84
1157248017,residential,429.75,19,285.77
1157248023,residential,230.23,19,137.55
1157371849,residential,265.59,19,174.76
1157397987,residential,242.26,19,153.83
1157397995,residential,341.19,19,179.46
1157464185,residential,345.23,19,176.53
1157476520,residential,311.8,19,181.64
1158087388,residential,215.06,19,127.51
1160675955,residential,220.76,19,128.51
1160675956,residential,279.05,19,188.92
1160844593,commercial,1593.93,14,890.6
1160844594,residential,256.57,19,138.24
1160844595,commercial,848.88,14,572.18
1160844596,residential,259.56,19,167.68
1160844597,commercial,890.17,14,516.73
1160844598,commercial,1944.27,14,1054.49
1160844599,residential,378.55,19,248.12
1160844600,commercial,1617.58,14,1042.13
1160844601,commercial,1802.49,14,1036.74
1160844602,residential,362.57,19,198.55
1160844603,residential,368.27,19,200.71
1160844605,commercial,1782.98,14,1129.74
1160844606,residential,259.33,19,151.64
1160844607,commercial,1951.19,14,1062.29
1160844608,residential,484.9,19,259.31
1160844609,commercial,1307.31,14,857.7
1160844610,commercial,1761.74,14,1143.99
1160844611,residential,465.04,19,323.77
1160844612,commercial,1098.2,14,626.28
1160844613,residential,339.66,19,218.02
1160844614,commercial,839.03,14,500.38
1160844615,residential,216.6,19,113.89
1160844616,residential,302.66,19,169.71
1160844617,residential,200.44,19,102.67
1160844618,residential,270.04,19,163.93
1160844619,residential,357.96,19,211.57
1160844620,residential,476.24,19,308.01
1160844623,commercial,1144.45,14,643.25
1160844625,residential,440.37,19,295.4
1160844626,residential,407.41,19,261.83
1160844630,residential,288.57,19,190.69
1160844631,residential,468.59,19,324.16
1160844633,residential,350.69,19,189.12
1160844635,residential,355.38,19,216.67
1160844636,residential,406.21,19,229.05
1160844638,residential,358.78,19,246.37
1160845581,residential,259.23,19,140.81
1160846984,residential,323.14,19,198.07
1160846985,residential,212.74,19,139.0
1160846986,commercial,1406.29,14,803.2
1160846988,commercial,1634.29,14,1010.87
1160846989,residential,374.04,19,208.87
1160846991,commercial,887.32,14,467.53
1160846992,residential,219.01,19,121.67
1160846993,residential,277.01,19,145.21
1160846996,residential,388.14,19,203.76
1160846997,commercial,1099.21,14,571.76
1160846998,residential,385.89,19,211.18
1160846999,residential,272.16,19,140.18
1160847000,commercial,1338.66,14,746.77
1160847001,commercial,1304.21,14,793.67
1160847002,residential,292.83,19,193.75
1160847003,residential,400.99,19,246.95
1160847004,residential,498.56,19,333.18
1160847005,residential,325.44,19,168.51
1160847006,residential,299.11,19,155.79
1160847007,residential,442.35,19,269.91
1160847008,residential,349.63,19,241.69
1160847009,residential,285.17,19,177.92
1160847010,residential,398.34,19,216.6
1160847011,commercial,1283.93,14,680.4
1160847012,residential,335.05,19,207.1
1160847013,residential,393.15,19,217.01
1160847014,residential,409.53,19,221.03
1160847015,residential,314.66,19,213.54
1160847016,commercial,1537.91,14,796.78
1160847017,residential,440.8,19,225.42
1160847018,commercial,1157.28,14,766.19
1160847019,commercial,1844.99,14,1224.78
1160847020,residential,493.1,19,342.72
1160847021,commercial,1930.21,14,1128.29
1160847022,residential,476.07,19,307.36
1160847023,residential,200.71,19,120.86
1160847024,residential,372.36,19,215.87
1160847025,residential,340.26,19,171.9
1160847026,commercial,1188.94,14,755.33
1160847027,commercial,1342.28,14,800.32
1160847028,commercial,1981.98,14,1202.85
1160847029,commercial,1025.08,14,650.0
1160847030,commercial,1601.52,14,905.3
1160847031,commercial,1060.6,14,595.01
1160847032,commercial,915.05,14,637.28
1160847033,commercial,1861.3,14,1069.61
1160859520,residential,497.66,19,286.12
1160859521,commercial,1552.21,14,818.7
1160859522,residential,212.93,19,127.19
1160859523,residential,265.87,19,161.08
1160859524,residential,333.76,19,187.12
1160859525,commercial,1848.32,14,1100.01
1160859526,commercial,1734.86,14,899.34
1160859527,commercial,1336.35,14,700.48
1160859528,commercial,1538.09,14,793.17
1160859529,residential,222.95,19,151.65
1160859530,residential,363.58,19,192.66
1160859531,residential,345.2,19,237.44
1160859532,commercial,1567.04,14,1007.46
1160859533,commercial,1067.18,14,629.37
1160859534,residential,203.0,19,122.44
1160859535,residential,275.61,19,163.82
1160859536,residential,335.74,19,185.98
1160859537,residential,418.76,19,289.44
1160859538,commercial,1456.45,14,815.76
1160859539,commercial,1291.78,14,755.9
1160859540,residential,363.84,19,219.64
1160859541,commercial,1766.74,14,1087.24
1160859542,residential,210.48,19,109.99
1160859543,residential,449.74,19,228.15
1160859544,residential,481.58,19,310.4
1160859545,residential,437.02,19,263.25
1160859546,commercial,1884.08,14,1030.1
1160859552,commercial,1726.7,14,1096.19
1160859553,commercial,924.12,14,570.46
1160859557,commercial,1597.15,14,1068.29
1160859558,commercial,1825.08,14,1162.15
1160859559,residential,378.06,19,220.36
1160859560,commercial,952.51,14,612.57
1160859561,commercial,1877.92,14,1199.43
1160859562,commercial,1555.84,14,929.26
1160859563,commercial,933.07,14,488.77
1160859564,residential,478.46,19,314.64
1160859565,residential,341.22,19,173.46
1160859566,residential,459.52,19,287.96
1160859567,residential,237.84,19,122.95
1160859568,residential,288.69,19,174.78
1160859569,residential,310.76,19,199.88
1160859570,residential,285.94,19,161.32
1160859571,residential,202.87,19,109.11
1160859572,residential,371.12,19,200.67
1160859573,commercial,1368.45,14,834.25
1160859574,commercial,1422.18,14,983.7
1160859575,commercial,855.23,14,466.02
1160859576,residential,221.07,19,127.18
1160859577,commercial,1921.04,14,1065.86
1160859578,residential,418.7,19,239.3
1160859579,commercial,976.48,14,636.29
1160859580,commercial,1750.46,14,1006.54
1160859581,residential,445.49,19,241.96
1160859582,residential,416.67,19,286.83
1160859583,residential,437.58,19,271.53
1160859584,residential,432.05,19,222.27
1160859585,commercial,1756.07,14,1135.79
1160859586,commercial,1637.82,14,1016.47
1160859587,commercial,1660.48,14,1090.85
1160859590,residential,238.37,19,165.12
1160859591,commercial,1159.1,14,621.05
1160859592,commercial,801.92,14,483.47
1160859593,residential,202.44,19,139.04
1160859594,commercial,1277.68,14,742.31
1160859595,commercial,1418.67,14,764.28
1160859596,residential,453.12,19,240.1
1160859597,residential,330.92,19,207.69
1160859598,residential,360.31,19,194.59
1160859599,residential,319.74,19,223.68
1160859600,commercial,1597.08,14,1083.73
1160859601,residential,217.77,19,122.34
1160859602,residential,229.65,19,132.1
1160859603,residential,285.7,19,194.02
1160859604,residential,439.42,19,220.75
1160859605,residential,253.66,19,128.7
1160859606,residential,258.27,19,136.1
1160859608,residential,240.56,19,125.24
1160859609,commercial,1880.15,14,1199.53
1160859610,commercial,1515.78,14,786.45
1160859611,commercial,1202.6,14,819.22
1160859612,commercial,1801.57,14,1182.86
1160859613,commercial,1425.27,14,811.31
1160859614,residential,448.53,19,269.16
1160859615,residential,332.61,19,194.1
1160859616,residential,436.41,19,291.44
1160859617,commercial,1091.81,14,633.13
1160889006,residential,397.92,19,250.85
1160889007,residential,362.72,19,204.39
1160889008,residential,477.76,19,254.13
1160889009,residential,205.44,19,138.26
1160889010,commercial,1756.67,14,1153.65
1161154611,residential,425.03,19,240.11
1161158108,residential,273.58,19,158.97
1161591311,residential,441.01,19,259.55
1161591324,residential,258.03,19,144.67
1161591330,residential,434.72,19,232.19
1161591335,residential,445.01,19,296.7
1161591336,residential,271.36,19,145.91
1161785405,residential,448.31,19,257.53
1161785411,residential,325.77,19,171.94
1163064899,commercial,1038.67,14,627.77
1163334245,residential,390.16,19,268.13
1163334247,commercial,1098.77,14,648.14
1164635162,residential,448.95,19,293.54
1167161250,residential,202.58,19,106.28
1167161251,residential,317.19,19,178.74
1167252102,commercial,1847.38,14,1106.24
1167472784,commercial,1669.96,14,900.18
1167872059,commercial,1517.24,14,799.51
1167875654,residential,483.28,19,276.0
1167896024,residential,329.84,19,178.5
1169249755,commercial,823.64,14,529.08
1169301035,commercial,1877.67,14,946.97
1169541297,residential,476.25,19,262.41
1171722752,residential,275.73,19,179.89
1171722753,residential,381.82,19,260.88
1171722754,residential,372.28,19,229.48
1171722755,commercial,1967.3,14,1234.71
1171722757,residential,451.22,19,290.81
1171722758,residential,271.09,19,169.43
1171722759,residential,337.48,19,216.07
1171722761,residential,322.07,19,221.0
1171722762,residential,229.53,19,137.96
1171722763,residential,329.2,19,193.22
1171722764,residential,219.49,19,152.04
1171722765,commercial,1982.3,14,1041.09
1172643873,residential,214.37,19,120.02
1174316133,residential,217.95,19,133.56
1174316964,residential,430.99,19,270.82
1175717287,residential,399.87,19,220.87
1175717288,residential,342.01,19,192.13
1175717292,commercial,1563.33,14,1065.6
1175717293,residential,302.16,19,186.18
1175717295,residential,304.28,19,169.06
1175717296,commercial,1897.29,14,1168.73
1175717297,residential,338.42,19,171.87
1175723658,residential,265.83,19,176.49
1175723660,residential,301.94,19,207.83
1175723661,residential,303.18,19,202.51
1175723662,residential,218.27,19,135.86
1175723663,residential,287.17,19,179.21
1175723665,residential,321.62,19,168.53
1175723667,residential,488.99,19,276.3
1175723668,residential,458.68,19,291.76
1175723669,commercial,1936.53,14,1118.3
1175723670,residential,209.18,19,108.21
1175723671,commercial,1063.89,14,545.08
1175723672,commercial,992.09,14,658.6
1175723673,commercial,1558.67,14,1001.54
1175723674,commercial,1997.56,14,1052.01
1175802562,residential,344.52,19,175.21
1176547375,residential,203.9,19,142.41
1176579505,residential,487.44,19,254.69
1176579506,residential,337.14,19,206.25
1176579507,residential,276.15,19,187.49
1176579514,residential,388.86,19,215.85
1176579515,residential,492.31,19,282.98
1176579518,commercial,1691.32,14,1177.23
1176579525,residential,299.33,19,187.15
1176579531,commercial,1702.09,14,913.24
1176609094,residential,267.91,19,139.13
1176949712,commercial,1200.91,14,769.08
1177319347,residential,486.63,19,252.91
1177319349,residential,499.51,19,335.53
1178381002,residential,402.09,19,249.86
1178381007,commercial,1218.16,14,676.31
1178381010,residential,396.65,19,200.64
1178402468,residential,388.46,19,225.61
1178402484,residential,313.12,19,192.23
1181355913,residential,304.18,19,202.22
1181417659,residential,367.68,19,208.49
1181417660,residential,442.86,19,221.45
1181417675,commercial,1951.47,14,1102.17
1181417677,commercial,1650.19,14,929.57
1181417680,residential,374.15,19,251.34
1181417681,commercial,981.49,14,548.7
1181417693,residential,311.16,19,210.94
1181437594,commercial,1475.36,14,1002.55
1182178609,commercial,1282.87,14,764.36
1182315636,residential,210.06,19,123.11
1182315647,commercial,1591.44,14,858.58
1182315649,residential,211.88,19,143.89
1182315657,residential,320.54,19,199.21
1182315662,residential,444.4,19,244.04
1182320281,residential,448.89,19,226.95
1182320284,residential,456.59,19,291.34
1182320285,residential,377.28,19,206.29
1182320286,residential,487.96,19,316.62
1182392560,residential,320.48,19,191.1
1182392579,commercial,838.46,14,558.52
1182510987,residential,214.01,19,144.85
1182510989,residential,365.71,19,211.96
1182672429,residential,234.04,19,163.61
1182672430,residential,316.22,19,158.8
1182672436,residential,413.31,19,262.37
1182672443,residential,205.51,19,122.46
1182672450,residential,448.94,19,280.51
1182672455,residential,438.11,19,241.16
1182672456,residential,200.19,19,129.5
1182672471,residential,242.84,19,155.47
1182672475,residential,357.34,19,223.11
1182880568,residential,480.79,19,249.1
1182880569,residential,389.61,19,237.67
1182880570,residential,388.32,19,266.29
1182880582,residential,277.21,19,164.88
1182880585,residential,494.17,19,314.57
1182880587,residential,487.78,19,275.57
1182880589,residential,245.67,19,145.4
1182880596,residential,210.85,19,129.81
1182880601,residential,452.2,19,230.88
1182951684,residential,341.36,19,177.57
1182954955,commercial,1821.04,14,944.91
1182962295,commercial,1573.56,14,875.87
1182962319,residential,254.31,19,163.86
1182968255,residential,403.34,19,256.15
1182968260,residential,278.46,19,165.15
1183470407,residential,202.61,19,120.28
1183962716,residential,412.11,19,285.53
1183962717,commercial,1171.79,14,739.36
1183962718,residential,225.33,19,117.58
1184663999,residential,449.95,19,244.04
1184664000,commercial,1642.06,14,1099.68
1184668503,residential,252.98,19,162.56
1184668504,residential,498.89,19,296.57
1184668505,residential,487.24,19,288.69
1184668506,residential,487.91,19,323.03
1184668507,residential,275.14,19,175.81
1184668508,residential,489.85,19,250.51
1184668509,residential,466.84,19,325.69
1184668510,residential,348.36,19,240.33
1184668511,residential,308.77,19,161.55
1184668512,residential,350.3,19,224.23
1184668513,residential,485.19,19,272.54
1184674018,residential,348.57,19,181.31
1184674019,residential,290.58,19,177.18
1184849329,commercial,1039.47,14,683.56
1186042559,residential,310.54,19,210.89
1186042571,residential,284.3,19,168.12
1186042573,residential,310.8,19,178.37
1186042581,residential,345.73,19,202.07
1186050669,residential,233.13,19,116.67
1186361859,residential,385.14,19,197.22
1186431411,commercial,1054.82,14,725.3
1186431412,commercial,1211.96,14,816.71
1186431414,commercial,1851.62,14,1017.61
1186431417,commercial,1766.24,14,940.58
1186431420,commercial,1610.99,14,950.51
1186431424,commercial,1863.84,14,953.95
1186494039,residential,260.71,19,139.6
1186494040,residential,388.08,19,253.26
1186508781,commercial,1372.5,14,744.77
1186508782,residential,493.84,19,256.13
1186508785,residential,216.02,19,147.31
1186508787,residential,227.93,19,145.16
1186887011,commercial,1268.92,14,804.96
1186894327,residential,456.76,19,282.62
1187587057,commercial,1881.62,14,1086.86
1187587060,commercial,1311.27,14,833.94
1187884250,commercial,1694.09,14,1166.86
1187891465,residential,316.7,19,186.16
1188244817,residential,201.63,19,112.47
1188244843,residential,487.82,19,284.9
1188244852,residential,425.26,19,218.92
1188244855,residential,391.05,19,211.75
1188244857,residential,443.51,19,307.26
1188254647,residential,306.35,19,211.07
1188310673,residential,439.59,19,229.48
1188310701,residential,383.01,19,222.56
1188323404,residential,419.57,19,267.17
1188323405,commercial,1331.66,14,788.18
1188328504,residential,431.82,19,260.76
1188328511,residential,358.12,19,181.2
1188439493,residential,433.99,19,281.03
1188439495,residential,381.35,19,241.27
1188439497,residential,216.08,19,118.06
1188439498,residential,236.31,19,163.3
1188439499,residential,480.51,19,261.67
1188439501,residential,494.35,19,337.37
1188439503,residential,464.06,19,277.66
1188439504,residential,221.13,19,139.33
1188468905,residential,232.68,19,120.14
1188968071,residential,210.69,19,105.59
1188968076,residential,362.46,19,236.62
1189286293,residential,313.67,19,170.64
1189299275,residential,297.68,19,176.81
1189299282,residential,293.68,19,204.25
1189440576,residential,268.94,19,175.14
1189440581,residential,271.7,19,180.59
1190136205,commercial,1919.77,14,1256.38
1191576401,commercial,874.84,14,607.47
1193088447,residential,474.13,19,242.79
1193379669,residential,328.2,19,203.81
1193386265,residential,272.03,19,174.41
1193386266,residential,263.83,19,167.39
1193386267,residential,342.5,19,204.48
1193386268,residential,496.44,19,286.17
1193386269,residential,396.48,19,269.12
1193386270,residential,259.24,19,144.39
1193386271,residential,451.01,19,254.16
1193386272,residential,495.72,19,346.94
1193386273,residential,249.18,19,145.23
1195571011,residential,220.07,19,113.58
1195571018,residential,271.33,19,156.39
1195571021,residential,311.51,19,156.11
1195571023,commercial,1722.28,14,929.43
1195571030,residential,273.14,19,165.14
1195571031,residential,417.3,19,235.17
1195581185,residential,229.98,19,132.0
1195581193,commercial,1866.86,14,1046.36
1195581195,residential,278.03,19,151.65
1195585404,commercial,1021.74,14,676.63
1195586403,residential,253.97,19,141.87
1195588457,residential,478.16,19,277.81
1195588458,residential,363.88,19,198.94
1195978041,residential,360.0,19,240.2
1196098109,residential,315.28,19,159.15
1196104388,residential,481.44,19,333.28
1196481556,residential,486.75,19,284.99
1196481557,commercial,1970.35,14,1377.94
1196503481,commercial,1860.35,14,999.81
1198204847,commercial,1436.93,14,980.89
1199317645,commercial,1467.42,14,958.19
1199400808,residential,356.71,19,231.08
1199400809,residential,275.59,19,192.56
1199400812,residential,229.89,19,137.14
1199400816,residential,312.92,19,179.86
1199400817,residential,392.44,19,197.58
1199400820,residential,264.08,19,155.79
1199400821,residential,473.48,19,279.5
1199400832,residential,456.76,19,275.64
1199400833,residential,336.5,19,223.3
1199400886,residential,303.61,19,208.37
1199400890,residential,440.63,19,260.36
1199400892,residential,496.95,19,319.38
1199400893,residential,280.71,19,190.72
1199401119,residential,495.04,19,340.59
1199410764,residential,486.38,19,310.07
1199410765,residential,254.88,19,135.32
1199525586,residential,440.38,19,256.65
1199532064,commercial,1927.5,14,1269.62
1199682036,commercial,1723.64,14,957.74
1200450943,residential,418.47,19,238.78
1202366789,residential,476.9,19,321.6
1202598187,residential,224.83,19,140.26
1202598189,residential,392.89,19,197.29
1202598201,commercial,1561.19,14,1027.93
1202598205,residential,366.96,19,245.12
1202598223,commercial,805.63,14,416.29
1203069044,residential,269.56,19,172.34
1203069050,residential,342.73,19,210.56
1203069052,residential,407.15,19,262.14
1203069057,commercial,1335.66,14,712.46
1203175504,residential,433.79,19,263.82
1203175506,residential,267.19,19,185.18
1203175509,residential,326.65,19,213.22
1203175516,residential,350.99,19,209.82
1203175531,residential,272.21,19,154.72
1203175537,residential,281.6,19,183.23
1203175538,residential,482.7,19,241.95
1203175540,residential,411.14,19,238.71
1203175541,residential,370.03,19,211.42
1203175542,residential,361.23,19,181.32
1203175543,residential,479.27,19,278.96
1203175544,residential,290.93,19,169.45
1203175545,residential,278.44,19,175.76
1203175546,residential,294.6,19,164.28
1203175547,residential,204.84,19,127.57
1203175548,residential,223.36,19,117.13
1203175549,residential,446.34,19,286.27
1203175550,residential,345.63,19,227.05
1203175551,residential,282.58,19,146.96
1203175552,residential,223.63,19,125.59
1203175553,residential,472.68,19,329.41
1203175554,residential,468.15,19,279.59
1203175555,residential,320.8,19,167.1
1203175556,residential,411.35,19,220.26
1203175557,residential,302.68,19,171.57
1203175558,residential,449.95,19,264.16
1203175559,residential,228.34,19,153.74
1203175560,residential,493.88,19,252.22
1203175561,residential,288.66,19,171.93
1203175562,residential,249.73,19,163.87
1203181016,residential,490.91,19,335.04
1203852525,commercial,1959.8,14,1321.39
1203852526,commercial,853.73,14,515.0
1203852527,commercial,1357.82,14,825.33
1203852528,residential,454.25,19,286.96
1203852529,commercial,1747.2,14,1161.44
1203852531,residential,207.03,19,124.83
1204095729,commercial,1238.41,14,780.92
1204095730,residential,299.58,19,186.46
1204095731,residential,333.8,19,211.6
1204143841,residential,323.71,19,163.44
1204249260,residential,263.72,19,167.53
1204249267,residential,394.41,19,264.96
1204249286,residential,284.47,19,164.42
1204351746,residential,377.53,19,194.6
1204695370,commercial,844.6,14,570.09
1204695372,commercial,1133.6,14,775.84
1204716432,residential,261.44,19,180.16
1204716434,residential,391.41,19,203.03
1204716436,residential,394.26,19,241.67
1204716437,residential,416.3,19,248.67
1204716438,residential,478.24,19,294.06
1204716439,residential,360.75,19,212.58
1204716440,residential,426.34,19,215.58
1204716441,residential,417.63,19,279.67
1204716444,commercial,1283.75,14,885.37
1204716447,commercial,1621.54,14,884.45
1204716449,commercial,839.72,14,540.8
1204716451,commercial,1579.16,14,902.53
1204716452,commercial,1077.1,14,578.7
1204716455,commercial,1559.31,14,968.64
1204716456,residential,379.51,19,258.09
1204716458,commercial,1681.12,14,1153.39
1205832098,residential,200.82,19,135.41
1205832099,commercial,1903.62,14,1262.9
1205832100,residential,200.73,19,138.36
1205832101,commercial,1183.69,14,783.91
1205832104,commercial,1945.95,14,1329.92
1205832152,residential,375.22,19,196.88
1205832176,residential,279.61,19,171.48
1205846922,commercial,1479.35,14,750.86
1206037819,commercial,1706.59,14,914.56
1206360025,residential,467.91,19,319.4
1206360041,commercial,1753.98,14,1205.26
1206360048,residential,271.44,19,140.62
1206366009,residential,437.97,19,276.69
1206377071,residential,200.85,19,111.3
1206377082,residential,377.78,19,240.56
1206377088,residential,337.14,19,201.42
1206377097,residential,341.24,19,171.39
1206390314,commercial,1821.76,14,1051.27
1206567699,commercial,922.22,14,614.76
1206567704,commercial,1844.41,14,1150.9
1206567706,residential,350.81,19,178.33
1206567716,commercial,1074.23,14,714.69
1206567745,residential,322.32,19,197.4
1206608534,residential,347.47,19,239.83
1206608535,residential,419.56,19,292.56
1206697250,residential,301.58,19,181.44
1206697251,residential,220.84,19,126.8
1206697252,residential,444.18,19,306.1
1206697257,residential,202.92,19,121.82
1206697258,residential,494.96,19,332.03
1206697264,commercial,892.6,14,574.9
1206776861,residential,367.03,19,254.73
1206776862,residential,275.03,19,161.93
1206776863,residential,371.03,19,250.76
1206776945,residential,359.06,19,207.03
1206776946,residential,387.17,19,239.96
1206776947,residential,440.68,19,304.41
1206776948,residential,310.84,19,159.46
1206776950,residential,318.83,19,203.31
1206776951,residential,218.23,19,121.17
1206776952,residential,213.58,19,113.32
1206776953,residential,399.91,19,225.09
1206776954,residential,311.94,19,174.02
1206776955,residential,206.29,19,123.0
1206776956,residential,298.86,19,149.91
1206776957,residential,418.75,19,278.45
1206776959,residential,251.15,19,132.83
1206776961,residential,454.75,19,238.58
1206776962,residential,370.37,19,227.02
1206776963,residential,262.55,19,146.1
1206776964,residential,333.7,19,210.99
1206776965,residential,325.1,19,168.74
1206776966,residential,201.55,19,104.35
1206776967,residential,450.27,19,296.75
1206776968,residential,292.34,19,195.7
1206776969,residential,446.07,19,286.57
1206776970,residential,324.47,19,174.05
1206776971,residential,276.69,19,185.87
1206776972,residential,261.61,19,168.74
1206776974,residential,303.7,19,166.42
1206776975,residential,392.57,19,241.22
1206776976,residential,292.91,19,184.77
1206776977,residential,351.74,19,201.46
1206776978,residential,230.04,19,145.72
1206776979,residential,246.59,19,136.79
1206776980,residential,461.84,19,235.25
1206776981,residential,499.23,19,322.52
1206776982,residential,477.5,19,306.12
1206776983,residential,239.47,19,143.59
1206776984,residential,428.36,19,267.2
1206776985,residential,434.12,19,228.83
1206776986,residential,397.49,19,198.84
1206776987,residential,354.74,19,217.52
1206776994,residential,459.32,19,292.42
1207060128,residential,364.64,19,246.63
1207332548,residential,272.55,19,173.81
1207655303,residential,272.09,19,183.64
1207728402,commercial,1444.56,14,853.61
1207728403,commercial,1797.31,14,1127.07
1207728404,residential,436.81,19,275.93
1207728405,commercial,1475.39,14,1031.41
1207728453,residential,220.81,19,133.9
1208008036,residential,224.24,19,133.17
1208025538,residential,340.0,19,178.0
1208025539,residential,433.24,19,278.46
1208025540,residential,280.52,19,195.15
1208025541,residential,378.45,19,257.64
1208041519,commercial,1163.18,14,704.49
1208041520,residential,480.54,19,280.82
1208112294,residential,314.61,19,172.15
1208112295,residential,274.03,19,150.49
1208265160,residential,445.58,19,309.84
1208265161,residential,418.49,19,253.63
1208265162,residential,451.89,19,307.21
1208265163,residential,454.02,19,232.34
1208266295,residential,417.12,19,269.17
1208278364,residential,364.94,19,241.02
1208278368,residential,409.43,19,266.51
1208278369,residential,265.62,19,138.53
1208278371,residential,240.1,19,146.01
1208278372,residential,467.35,19,293.71
1208323887,commercial,1426.09,14,790.62
1208323888,residential,324.26,19,198.61
1208323889,commercial,1102.25,14,643.85
1208471245,commercial,1342.26,14,871.68
1208479621,commercial,1933.11,14,1283.67
1209132325,commercial,1985.71,14,1259.07
1209132339,residential,336.93,19,218.93
1209132340,commercial,1826.45,14,1124.77
1209278255,commercial,1898.9,14,999.7
1209278263,residential,322.17,19,211.86
1209782236,commercial,1950.82,14,1240.64
1209782239,residential,239.12,19,142.91
1209782240,residential,366.73,19,187.94
1209782241,residential,202.28,19,111.13
1209782242,residential,498.25,19,253.72
1209782243,residential,375.52,19,240.26
1209782252,residential,458.03,19,266.93
1209782253,residential,266.12,19,167.83
1209782254,residential,312.06,19,169.71
1209782255,residential,321.52,19,175.68
1209782256,residential,309.53,19,187.81
1209782257,residential,437.59,19,287.49
1209782260,residential,497.12,19,320.21
1209782261,residential,225.85,19,126.1
1209782262,residential,287.48,19,191.35
1209782263,residential,386.74,19,249.19
1209782264,commercial,1159.74,14,581.76
1209782265,commercial,1688.44,14,912.79
1209782266,commercial,1809.84,14,920.09
1209782267,commercial,1164.45,14,808.29
1209782268,commercial,1622.57,14,931.79
1209782269,residential,281.48,19,194.86
1209782270,residential,271.25,19,155.99
1209782271,residential,249.8,19,131.94
1209782272,residential,424.71,19,282.38
1209782275,residential,256.29,19,148.6
1209782276,residential,442.44,19,292.54
1209782277,residential,346.93,19,188.46
1209782278,residential,377.14,19,204.67
1209782279,residential,247.09,19,126.73
1209782280,commercial,954.3,14,637.99
1209782281,commercial,1521.22,14,929.27
1210108204,commercial,981.81,14,679.66
1210108205,commercial,1490.75,14,790.57
1210108207,residential,450.46,19,273.08
1210108208,residential,279.56,19,163.47
1210108209,residential,317.63,19,161.35
1210108210,residential,480.61,19,283.08
1210108212,residential,209.58,19,138.59
1210108213,residential,436.83,19,231.76
1210108214,residential,455.46,19,309.19
1210108215,residential,295.77,19,183.28
1210108216,residential,364.76,19,189.0
1210108217,residential,358.0,19,209.46
1210108218,residential,378.22,19,256.56
1210108219,residential,353.62,19,237.77
1210108220,residential,394.21,19,249.48
1210108221,residential,355.44,19,189.37
1210108222,residential,474.59,19,242.8
1210108223,residential,382.01,19,263.56
1210108224,commercial,1715.92,14,1140.03
1210108225,commercial,1486.13,14,833.85
1210108226,residential,284.39,19,146.47
1210108227,residential,381.75,19,256.74
1210108228,residential,240.16,19,165.3
1210108229,residential,464.31,19,264.37
1210108230,residential,365.78,19,195.29
1210108231,residential,498.19,19,256.18
1210108232,residential,396.27,19,232.57
1210108233,residential,261.19,19,164.03
1210108234,residential,315.55,19,177.62
1210108235,residential,341.1,19,212.12
1210108236,residential,321.61,19,207.16
1210108237,residential,277.46,19,188.11
1210108239,residential,383.31,19,192.16
1210108240,residential,255.05,19,163.73
1210108241,residential,446.44,19,304.27
1210108242,residential,375.74,19,217.45
1210108243,residential,300.97,19,167.86
1210108244,residential,309.67,19,188.95
1210108245,residential,351.22,19,188.74
1210286685,residential,424.32,19,229.12
1210469121,commercial,1484.88,14,917.55
1210469136,residential,418.92,19,274.44
1210469138,residential,213.16,19,117.37
1210469148,residential,302.17,19,175.81
1210469149,residential,387.08,19,242.11
1210469150,residential,396.01,19,235.39
1210469163,residential,400.68,19,220.62
1210533430,residential,300.16,19,185.75
1210543119,commercial,1712.49,14,903.16
1210572422,residential,287.78,19,162.35
1210592630,residential,282.05,19,183.28
1210592631,residential,341.3,19,193.19
1210690117,residential,298.17,19,191.68
1210690118,residential,481.02,19,253.45
1210690119,residential,436.97,19,272.58
1210690130,residential,256.38,19,166.8
1210695056,commercial,1293.47,14,903.08
1210714630,residential,288.9,19,193.84
1210714631,residential,278.53,19,183.12
1210714644,residential,223.26,19,120.52
1210714645,residential,319.5,19,200.14
1210714646,residential,389.65,19,263.68
1210714647,residential,207.14,19,144.6
1210914486,residential,427.3,19,277.84
1211318977,commercial,1334.38,14,826.41
1211318979,commercial,1498.39,14,895.31
1211318980,residential,450.32,19,295.02
1211325479,commercial,1888.96,14,1017.49
1211618602,commercial,1754.04,14,911.39
1211618605,residential,386.26,19,205.65
1211618606,commercial,1871.83,14,1055.08
1212031522,residential,496.99,19,284.99
1212109880,residential,421.83,19,238.73
1212109885,residential,241.4,19,157.44
1212110275,residential,434.47,19,219.78
1212233283,commercial,1699.88,14,1078.43
1212233284,commercial,1669.31,14,839.71
1212235826,residential,226.16,19,136.84
1212237735,commercial,1327.07,14,821.55
1212365337,residential,357.97,19,207.51
1212365352,residential,470.35,19,313.12
1212365383,residential,208.92,19,124.82
1212370420,commercial,1795.12,14,1184.7
1212423566,commercial,997.4,14,644.98
1212554493,commercial,1348.45,14,807.15
1212554502,residential,339.0,19,208.89
1213218539,commercial,1227.52,14,692.23
1213970891,residential,431.48,19,235.94
1214246790,commercial,1931.9,14,1156.23
1214864453,commercial,1166.13,14,671.84
1215278318,residential,370.46,19,258.58
1215278319,residential,448.64,19,258.87
1215278324,residential,445.12,19,278.76
1215337276,residential,353.44,19,244.91
1215340990,residential,396.77,19,255.93
1215364873,commercial,1448.08,14,894.08
1215838593,residential,336.52,19,185.42
1216164358,residential,394.67,19,197.56
1216840024,residential,375.32,19,226.51
1216840025,commercial,826.78,14,551.96
1216840047,residential,481.05,19,311.02
1217139664,commercial,846.1,14,526.59
1217139667,commercial,1428.28,14,717.74
1217139668,commercial,1998.53,14,1174.75
1217247606,residential,273.03,19,184.93
1217247607,residential,455.84,19,263.6
1217247617,commercial,1614.8,14,1043.18
1217247618,commercial,893.13,14,587.3
1217247621,commercial,1923.02,14,1114.32
1217247629,commercial,1607.88,14,872.84
1217247630,residential,485.37,19,267.76
1217326871,residential,319.1,19,208.22
1217326875,commercial,1048.94,14,726.25
1217350532,residential,398.73,19,218.24
1217350533,residential,219.74,19,125.07
1217350535,residential,318.37,19,164.66
1217350536,commercial,1626.77,14,926.15
1217350548,commercial,1148.08,14,635.04
1217350552,residential,473.84,19,239.8
1217350553,commercial,1691.59,14,1069.05
1217350554,residential,446.38,19,277.54
1217350556,residential,461.93,19,281.53
1217350558,residential,381.09,19,230.41
1217372144,commercial,1876.03,14,1150.99
1217372149,commercial,912.44,14,517.52
1217375983,residential,497.29,19,258.56
1217375987,commercial,870.39,14,553.92
1217375988,commercial,1612.04,14,1047.46
1217375989,commercial,1129.5,14,640.84
1217376000,commercial,1362.89,14,772.39
1217377642,residential,488.58,19,321.44
1217380996,commercial,1804.48,14,1081.43
1217383746,residential,269.57,19,168.47
1217383748,commercial,1808.57,14,1162.07
1217383749,residential,393.39,19,248.87
1217383750,commercial,1374.09,14,886.87
1217466582,residential,243.79,19,141.61
1217466587,residential,260.56,19,150.41
1217525756,commercial,856.29,14,539.42
1217525757,commercial,1911.73,14,1330.2
1217525758,commercial,895.22,14,485.89
1217525759,commercial,1255.7,14,645.85
1217525760,commercial,909.29,14,480.02
1217525761,commercial,1105.9,14,717.6
1217527426,residential,492.65,19,342.77
1217527457,commercial,1158.65,14,595.63
1217527458,commercial,1462.27,14,895.73
1217527459,commercial,1314.85,14,848.41
1217530857,residential,231.01,19,140.62
1217537940,residential,343.06,19,186.7
1217537941,commercial,1993.73,14,1097.36
1217537945,residential,357.7,19,191.98
1217537946,commercial,969.33,14,650.78
1217537947,residential,203.37,19,132.99
1217537948,commercial,1765.81,14,999.04
1217537949,residential,247.58,19,154.55
1217537950,commercial,1465.11,14,993.91
1217537951,residential,477.57,19,270.53
1217537952,commercial,1529.87,14,1025.58
1217537953,commercial,1134.06,14,700.85
1217537954,commercial,1621.99,14,1123.25
1217537955,residential,436.29,19,259.61
1217537956,commercial,1600.88,14,933.83
1217537957,residential,475.06,19,301.79
1217537958,commercial,1537.65,14,828.86
1217537959,residential,315.36,19,190.81
1217537960,residential,408.86,19,265.16
1217537961,residential,361.6,19,203.71
1217537962,residential,308.3,19,178.75
1217537971,commercial,1215.93,14,733.38
1217537972,commercial,1093.78,14,616.24
1217537973,commercial,1281.95,14,769.02
1217537974,commercial,1048.63,14,591.82
1217537975,commercial,996.67,14,621.29
1217537976,commercial,1403.28,14,881.97
1217537977,commercial,859.58,14,511.84
1217537978,commercial,1101.88,14,711.72
1217537979,commercial,1270.4,14,701.81
1217537980,commercial,996.96,14,621.84
1217537990,commercial,1697.3,14,1110.05
1217537991,commercial,1236.69,14,693.83
1217671222,residential,387.45,19,194.43
1217671223,residential,466.79,19,267.76
1217671225,residential,443.46,19,252.23
1217671299,residential,273.2,19,152.84
1217671300,residential,427.07,19,250.08
1217671316,commercial,1336.69,14,876.77
1217671317,commercial,1753.49,14,1224.48
1217671318,commercial,1370.57,14,846.97
1217671319,commercial,942.64,14,614.83
1217671320,commercial,978.33,14,549.54
1217671321,commercial,879.01,14,459.64
1217671322,commercial,1110.01,14,600.28
1217671333,residential,333.86,19,186.01
1217671336,residential,333.06,19,184.54
1218030766,residential,481.54,19,252.86
1218443317,residential,339.0,19,211.73
1218443318,residential,243.7,19,146.36
1218759007,residential,260.0,19,162.67
1218759008,residential,432.93,19,299.5
1218763827,residential,340.38,19,192.34
1218763835,residential,456.59,19,249.75
1218763836,residential,479.39,19,326.22
1219843729,residential,261.53,19,133.96
1219843736,residential,348.52,19,210.55
1219843745,residential,496.82,19,264.08
1219843755,residential,487.97,19,266.64
1219998559,commercial,890.49,14,616.92
1219998571,residential,234.33,19,138.88
1219998582,residential,472.62,19,288.82
1219998590,residential,433.22,19,238.69
1219998591,residential,348.72,19,238.66
1219998592,residential,265.6,19,167.13
1219998604,residential,285.8,19,151.26
1219998615,residential,231.89,19,151.25
1219998616,residential,361.56,19,212.81
1219998617,commercial,1629.63,14,887.23
1219998619,residential,482.59,19,303.5
1219998650,residential,224.6,19,112.32
1219998674,commercial,1626.79,14,962.39
1220006220,commercial,1365.05,14,752.59
1220006221,commercial,1190.29,14,755.65
1220006223,commercial,1078.4,14,744.27
1220006228,commercial,1526.17,14,1057.04
1220006229,residential,328.9,19,179.36
1220006236,residential,472.12,19,252.02
1220009708,residential,445.46,19,284.66
1220009709,residential,467.71,19,288.11
1220009710,residential,410.38,19,217.08
1220009711,residential,466.82,19,245.4
1220009712,residential,215.58,19,117.79
1220009713,residential,452.71,19,269.37
1220009714,residential,320.25,19,185.14
1220009716,residential,408.84,19,252.6
1220009717,residential,373.33,19,216.47
1220009718,residential,452.49,19,310.41
1220009719,residential,342.82,19,193.0
1220009720,residential,382.55,19,257.63
1220009723,residential,312.74,19,157.89
1220009725,residential,322.25,19,173.2
1220009726,residential,414.65,19,232.06
1220009727,residential,276.36,19,158.88
1220009734,residential,322.7,19,214.81
1220056670,residential,202.87,19,103.34
1220067084,residential,289.4,19,200.11
1220067085,residential,262.74,19,159.09
1220073968,residential,277.96,19,173.77
1220073969,residential,469.72,19,281.3
1220073970,residential,325.24,19,185.51
1220176895,commercial,1595.59,14,980.05
1220176898,commercial,1508.22,14,962.97
1220178682,commercial,1002.34,14,640.66
1220178684,commercial,1307.05,14,692.29
1220427739,commercial,1736.49,14,896.19
1220572669,commercial,1892.19,14,1282.68
1220680255,commercial,811.81,14,461.45
1220680256,residential,225.46,19,126.95
1220680257,commercial,1645.99,14,924.94
1220680258,commercial,1116.32,14,613.4
1220680259,commercial,853.01,14,515.72
1220680260,commercial,1446.07,14,844.77
1220680261,commercial,1857.03,14,1167.21
1220680262,commercial,1875.34,14,1031.85
1220680263,commercial,1954.46,14,1048.34
1220680264,commercial,1888.09,14,999.33
1220680265,residential,255.36,19,154.12
1220680266,commercial,1522.83,14,1062.1
1220680267,commercial,888.1,14,592.39
1220680268,commercial,1003.72,14,656.69
1220680269,commercial,1003.87,14,599.2
1220680270,commercial,1912.25,14,1336.04
1220680271,commercial,1839.54,14,1167.28
1220680272,residential,297.8,19,166.27
1220680273,commercial,1331.88,14,846.47
1221235217,residential,374.91,19,230.93
1222386355,commercial,1776.86,14,1183.57
1222731701,commercial,1117.65,14,574.16
1222731703,residential,441.44,19,240.91
1224538498,residential,463.39,19,305.85
1224538499,residential,332.22,19,230.83
1224538500,residential,463.72,19,303.28
1224538510,residential,260.11,19,172.9
1224538511,commercial,1292.79,14,819.83
1224538512,residential,494.51,19,267.64
1224538513,residential,364.34,19,235.81
1224538515,residential,231.95,19,138.32
1224940601,commercial,1398.41,14,713.03
1224940672,residential,249.03,19,156.95
1225127680,residential,486.58,19,302.69
1225128053,commercial,1388.74,14,697.8
1225128054,commercial,1674.99,14,965.67
1225128055,commercial,1537.77,14,1006.82
1225128056,commercial,878.57,14,562.21
1225128057,commercial,1929.81,14,1082.13
1225128062,commercial,1141.88,14,682.64
1225129148,commercial,1618.95,14,1104.74
1225130416,commercial,1228.82,14,779.04
1225130417,commercial,1403.74,14,732.97
1225130418,commercial,1541.02,14,953.93
1225130419,commercial,1215.18,14,696.19
1225130686,residential,442.0,19,293.12
1225131007,residential,400.75,19,268.6
1225132211,commercial,1339.46,14,766.89
1226234865,residential,213.57,19,116.72
1226234866,residential,395.72,19,233.35
1226650429,residential,291.42,19,193.38
1226683653,commercial,1177.13,14,799.52
1226713676,residential,374.67,19,228.67
1226713677,residential,255.36,19,143.99
1226713678,commercial,1534.49,14,1019.17
1228561267,commercial,1945.2,14,1220.96
1230094115,residential,461.35,19,312.69
1231129703,commercial,1643.36,14,938.64
1231715897,commercial,1948.4,14,1014.84
1231722191,residential,372.45,19,255.84
1231722192,residential,242.97,19,141.49
1231722193,residential,281.37,19,158.03
1231722194,commercial,1599.17,14,1091.38
1231722195,residential,411.98,19,276.4
1231722196,residential,324.37,19,171.14
1231722197,residential,206.0,19,140.76
1231722198,residential,304.87,19,174.03
1231728164,residential,233.15,19,156.36
1231728165,residential,488.13,19,281.26
1231728166,residential,470.12,19,316.89
1231728167,residential,434.38,19,278.72
1231728168,residential,451.83,19,256.76
1231728169,residential,207.66,19,144.41
1231728170,residential,269.02,19,161.55
1231728171,residential,286.28,19,159.13
1231728172,residential,414.98,19,263.45
1231728173,residential,425.66,19,277.99
1231728174,commercial,927.93,14,471.12
1231728175,residential,387.22,19,233.85
1231728176,residential,409.49,19,237.4
1231728177,residential,347.17,19,217.86
1231728178,commercial,866.49,14,505.05
1231728179,residential,305.61,19,162.96
1231728180,residential,448.19,19,275.52
1231728181,residential,493.52,19,340.33
1231728182,residential,353.17,19,190.14
1231728183,residential,248.37,19,153.95
1231728184,residential,312.98,19,193.35
1231728185,residential,338.39,19,230.94
1231728186,residential,347.98,19,227.51
1231728187,residential,281.16,19,172.91
1231728188,residential,406.74,19,269.31
1231728190,commercial,906.66,14,548.36
1231728191,commercial,1542.72,14,1044.93
1231728192,commercial,1832.3,14,1212.31
1231728193,residential,258.32,19,135.44
1231728194,residential,468.83,19,246.01
1231728195,residential,296.48,19,186.37
1231728225,residential,432.65,19,280.49
1231728229,commercial,1217.62,14,811.11
1231728230,commercial,1196.07,14,739.28
1231728234,commercial,1039.47,14,548.18
1231728235,residential,328.84,19,213.49
1231728236,residential,333.14,19,187.49
1231728237,commercial,1906.05,14,1165.18
1231728238,residential,451.32,19,229.74
1231728239,residential,474.19,19,305.29
1231728240,commercial,1961.19,14,1076.55
1231728241,commercial,1649.54,14,1121.64
1231728242,commercial,1346.57,14,925.82
1231728243,commercial,926.07,14,646.93
1231728244,commercial,1816.15,14,1182.45
1231728245,residential,348.71,19,239.58
1231728246,commercial,1470.65,14,820.58
1231728247,residential,359.99,19,205.53
1231728250,commercial,1258.19,14,746.64
1231728251,residential,346.0,19,231.16
1231821062,residential,202.17,19,104.64
1231821063,commercial,1722.53,14,1001.82
1231821064,commercial,1956.33,14,1300.18
1231821065,commercial,1895.12,14,1264.33
1231821108,commercial,1905.55,14,1209.58
1231821117,commercial,888.47,14,528.17
1231821118,residential,267.01,19,184.19
1231821119,residential,241.3,19,158.82
1231821120,commercial,915.9,14,604.88
1231821121,residential,222.83,19,149.2
1231821122,residential,217.5,19,133.06
1231821123,residential,289.65,19,166.01
1231821124,commercial,825.52,14,432.96
1231821125,residential,354.56,19,196.1
1231821126,commercial,800.33,14,549.21
1231821127,commercial,973.59,14,607.84
1231821128,commercial,993.82,14,664.9
1231821129,residential,283.03,19,187.19
1231821130,residential,490.36,19,279.96
1231821131,commercial,1765.35,14,1087.78
1231821132,residential,475.51,19,329.05
1231821133,residential,334.01,19,199.39
1231821134,residential,227.16,19,141.85
1231821135,residential,238.83,19,149.16
1231821136,commercial,1692.02,14,1010.39
1231821137,commercial,1846.36,14,1111.31
1231838485,residential,432.12,19,223.47
1231838486,residential,211.31,19,122.65
1231839686,commercial,837.13,14,437.03
1232940781,residential,328.99,19,209.77
1232940782,residential,353.1,19,205.57
1232940783,commercial,1338.41,14,707.47
1232959531,residential,333.2,19,168.64
1232959532,residential,390.09,19,269.71
1232959533,residential,482.48,19,331.08
1232959534,residential,223.12,19,115.78
1232959713,residential,368.43,19,214.87
1232959800,residential,379.13,19,241.07
1233259940,residential,417.33,19,284.0
1233754489,residential,364.14,19,243.73
1233754495,commercial,1716.17,14,1049.28
1233754496,commercial,1854.11,14,1088.79
1233754516,commercial,990.51,14,524.87
1233754519,commercial,1299.17,14,850.99
1233754543,commercial,1956.35,14,995.52
1233754558,commercial,1474.18,14,905.08
1233754559,commercial,1426.75,14,920.99
1233754562,commercial,893.29,14,517.49
1233815366,residential,455.38,19,237.67
1233815377,residential,490.77,19,273.68
1233817044,residential,290.47,19,181.6
1233817051,commercial,1303.04,14,712.86
1233817052,commercial,1261.52,14,671.39
1233817053,commercial,1594.01,14,999.08
1233840300,residential,498.91,19,348.11
1233840301,residential,225.8,19,134.85
1233840337,commercial,822.53,14,556.82
1233840342,commercial,1815.79,14,1100.43
1233840394,commercial,1575.59,14,1032.12
1234104560,residential,360.03,19,186.56
1234946460,commercial,1195.3,14,662.76
1235995422,commercial,931.96,14,558.18
1236487456,commercial,1262.38,14,739.58
1237030052,commercial,1422.65,14,755.46
1237244330,residential,290.15,19,192.74
1237434581,residential,401.49,19,239.17
1237460189,residential,467.06,19,275.37
1237551404,residential,463.93,19,242.75
1237552026,residential,487.71,19,323.76
1238363945,residential,276.0,19,141.51
1238363946,residential,355.57,19,211.75
1238363947,residential,397.14,19,213.3
1238363948,residential,210.36,19,125.56
1238631232,residential,217.8,19,113.73
1238631233,residential,316.85,19,170.78
1238631237,residential,284.58,19,142.33
1238631240,residential,267.75,19,181.85
1238631241,residential,400.63,19,268.95
1238631242,residential,368.87,19,201.41
1238631249,residential,412.14,19,286.92
1238631253,residential,283.42,19,177.8
1238631264,residential,414.34,19,230.8
1238631265,residential,309.34,19,205.44
1238631266,residential,476.53,19,255.4
1238631271,residential,367.64,19,210.77
1238631272,residential,391.3,19,214.08
1238631273,residential,339.12,19,206.67
1238631282,residential,362.0,19,227.86
1238631283,residential,312.6,19,173.78
1238631284,residential,379.3,19,253.96
1238631285,residential,211.15,19,123.34
1238631287,residential,381.93,19,260.0
1238631298,residential,316.51,19,175.7
1238631299,residential,321.25,19,202.75
1238631300,residential,360.29,19,203.25
1238631301,residential,244.99,19,169.61
1238636317,residential,311.65,19,195.85
1238636327,residential,487.57,19,294.86
1238636328,commercial,1174.26,14,716.58
1238636331,commercial,1800.33,14,1040.47
1238650925,commercial,1033.59,14,622.22
1238650926,commercial,1040.62,14,595.39
1238661110,residential,213.49,19,130.96
1238661115,residential,201.9,19,110.22
1238661124,residential,259.25,19,147.79
1238661126,residential,300.33,19,156.75
1238663466,residential,380.37,19,212.19
1238663467,residential,305.52,19,213.66
1238663468,residential,234.67,19,130.48
1238663483,residential,479.22,19,289.71
1238663487,residential,289.58,19,148.72
1238777242,residential,468.25,19,269.0
1238791756,residential,398.23,19,206.18
1238794969,commercial,1027.37,14,714.57
1238821111,commercial,1358.95,14,800.03
1238821112,commercial,1864.37,14,1241.23
1238871676,commercial,1416.09,14,758.81
1239003793,residential,402.3,19,259.81
1239012955,residential,344.69,19,240.98
1239012958,commercial,1275.16,14,708.88
1239067098,residential,298.53,19,192.77
1239610842,residential,370.28,19,195.58
1239610853,residential,207.19,19,117.64
1239610858,residential,322.91,19,196.02
1239610861,commercial,1545.52,14,935.71
1239793083,residential,413.81,19,230.33
1239793084,residential,300.23,19,182.35
1239793085,residential,212.67,19,113.56
1239793100,residential,488.92,19,303.55
1239793101,residential,321.73,19,168.75
1239793104,residential,214.63,19,123.7
1239793105,commercial,1058.97,14,608.93
1239793107,residential,300.65,19,187.92
1240046871,commercial,869.37,14,457.01
1240184934,residential,360.41,19,189.5
1240365189,commercial,1877.45,14,1122.52
1240555817,commercial,1689.54,14,951.3
1240662304,residential,323.9,19,215.64
1240696166,residential,204.93,19,124.34
1240800459,residential,420.93,19,281.94
1241006120,residential,418.16,19,251.99
1241006191,residential,456.4,19,288.82
1241006208,residential,269.91,19,151.35
1241104886,residential,487.15,19,251.59
1241308593,residential,221.55,19,150.37
1241308594,commercial,1151.92,14,604.31
1241308595,residential,451.83,19,265.25
1241308608,commercial,824.71,14,503.02
1241555397,residential,204.98,19,108.02
1241556751,commercial,1058.57,14,616.71
1241563221,residential,250.87,19,130.39
1241563223,residential,363.66,19,248.43
1241563235,residential,386.64,19,197.3
1241563236,residential,465.06,19,267.76
1241563237,residential,239.32,19,132.8
1241563238,residential,230.87,19,145.44
1241851989,commercial,832.58,14,486.15
1241851990,residential,212.93,19,128.21
1242149135,residential,470.73,19,285.15
1242182536,commercial,1995.8,14,1368.99
1242182537,residential,471.57,19,287.17
1242182538,residential,406.77,19,222.4
1242193144,commercial,1179.73,14,647.94
1242193198,commercial,1493.91,14,973.49
1242193200,commercial,1256.06,14,761.22
1242193201,commercial,1496.3,14,989.13
1242193207,commercial,1509.89,14,783.8
1242193223,commercial,1078.13,14,569.02
1242203416,residential,377.22,19,246.02
1242203417,residential,495.16,19,345.24
1242203418,residential,389.4,19,270.07
1242263771,residential,246.64,19,153.93
1242263772,residential,492.81,19,313.47
1242263773,residential,364.02,19,209.77
1242263775,residential,356.51,19,215.96
1242263776,residential,283.8,19,142.45
1242285244,residential,327.89,19,204.99
1242285245,residential,273.68,19,186.03
1242285246,residential,276.24,19,149.83
1242285247,residential,292.93,19,179.67
1242285289,residential,237.96,19,161.61
1242285290,residential,214.47,19,148.39
1242749612,residential,307.23,19,174.81
1242749613,residential,373.88,19,226.76
1243254562,commercial,1035.08,14,661.46
1243757037,residential,373.92,19,254.2
1243963545,residential,351.51,19,183.22
1244123389,commercial,1067.26,14,619.45
1244526811,residential,279.56,19,194.37
1244526812,residential,374.13,19,237.47
1244608275,residential,234.09,19,151.07
1244862262,commercial,977.12,14,522.13
1244862263,commercial,1799.82,14,984.75
1244869699,residential,313.39,19,172.81
1244888698,commercial,1354.49,14,729.43
1244888699,residential,321.58,19,217.82
1244888701,residential,344.88,19,200.8
1244888702,residential,429.37,19,228.29
1245304222,residential,257.01,19,163.01
1245778214,commercial,1965.49,14,1145.38
1246082469,residential,343.94,19,223.71
1246289840,residential,328.33,19,226.57
1247976117,residential,229.31,19,155.42
1248732896,commercial,1755.61,14,917.55
1248732897,commercial,1475.36,14,939.43
1248791398,commercial,1479.59,14,824.41
1248791399,commercial,928.36,14,560.73
1248855958,commercial,1030.85,14,571.13
1248855959,commercial,1027.79,14,592.37
1249423705,commercial,1511.15,14,763.62
1249423706,commercial,1851.5,14,1047.62
1249423707,commercial,1782.79,14,1201.78
1249423718,commercial,1313.15,14,678.07
1249423719,residential,342.14,19,239.0
1249423720,commercial,886.77,14,445.1
1249423729,commercial,1576.44,14,1004.24
1249423742,commercial,1207.61,14,674.57
1249423743,commercial,1168.51,14,716.35
1249423745,commercial,1528.19,14,815.69
1249423746,commercial,1206.95,14,604.59
1249423749,commercial,1207.0,14,749.5
1249423750,commercial,1759.26,14,1034.36
1249423751,commercial,1178.52,14,717.11
1249423752,commercial,1815.14,14,976.73
1249423753,commercial,1841.43,14,922.55
1249829830,residential,448.26,19,261.5
1249829831,residential,472.46,19,289.61
1249829832,residential,231.9,19,139.26
1249829833,residential,315.05,19,170.06
1249829834,residential,494.72,19,322.09
1249831894,residential,307.79,19,203.22
1249831895,residential,483.58,19,274.77
1249831896,residential,220.14,19,128.84
1249831897,residential,232.53,19,154.3
1249831902,residential,233.83,19,159.6
1249855581,residential,433.85,19,289.69
1249857702,residential,398.93,19,238.74
1249857703,residential,499.97,19,250.06
1250180681,residential,382.09,19,258.94
1250225420,residential,306.88,19,213.58
1250225421,residential,274.93,19,152.58
1250225422,residential,213.57,19,123.57
1250225423,residential,310.86,19,197.97
1250225424,residential,280.13,19,177.06
1250225425,residential,405.33,19,239.55
1250225426,residential,428.86,19,223.29
1250225427,residential,382.36,19,214.57
1250225428,residential,224.71,19,148.95
1250225429,residential,213.73,19,115.16
1250225435,residential,267.56,19,180.54
1250240753,residential,483.92,19,326.93
1250240874,residential,490.77,19,335.76
1250240875,residential,480.06,19,256.43
1250240876,commercial,838.45,14,424.74
1250258606,residential,464.18,19,259.4
1250258607,residential,469.24,19,246.66
1250258608,residential,229.64,19,127.88
1250258609,residential,357.77,19,196.5
1250258610,residential,345.26,19,187.46
1250258611,residential,210.24,19,144.29
1250709494,residential,462.32,19,265.84
1250709516,residential,295.81,19,206.79
1250709517,residential,361.71,19,197.93
1250709518,residential,249.27,19,165.01
1250709519,residential,307.7,19,171.71
1250709520,residential,470.31,19,288.41
1250709521,residential,393.38,19,239.28
1250709522,residential,479.42,19,334.91
1250709523,residential,415.35,19,225.78
1250709524,residential,364.91,19,228.37
1250709525,residential,387.3,19,270.73
1250709526,residential,343.03,19,198.82
1250709527,residential,416.95,19,213.42
1250709528,residential,356.2,19,204.15
1250709529,residential,494.05,19,323.81
1250709530,residential,437.93,19,270.01
1250709531,residential,468.53,19,242.8
1250709532,residential,445.11,19,249.31
1250709533,residential,366.01,19,227.12
1250709534,residential,471.95,19,327.7
1250709535,residential,308.15,19,177.72
1250709536,residential,256.82,19,165.03
1250709537,residential,471.68,19,305.14
1250709538,residential,498.57,19,278.3
1250711423,residential,435.24,19,272.72
1250711427,residential,454.72,19,231.47
1251502402,residential,417.92,19,290.74
1251502404,residential,434.39,19,264.51
1251508619,residential,265.53,19,141.98
1251508635,residential,411.81,19,260.79
1251508638,residential,407.42,19,210.03
1251508641,residential,432.54,19,252.29
1252220810,residential,414.95,19,253.92
1252220811,residential,332.74,19,217.5
1252257167,residential,437.78,19,234.95
1252296339,residential,318.5,19,187.29
1252323335,residential,495.3,19,331.01
1252351195,commercial,1195.5,14,630.51
1252351203,commercial,912.43,14,595.57
1252731209,residential,426.8,19,292.7
1252754262,residential,254.4,19,130.37
1253120651,residential,277.59,19,182.2
1253120660,commercial,959.27,14,636.28
1253120678,residential,201.85,19,126.63
1253158175,residential,296.6,19,161.62
1253158176,residential,454.22,19,295.26
1253158201,residential,408.33,19,265.72
1253188912,residential,278.0,19,147.89
1253483577,residential,458.82,19,296.5
1253610316,commercial,1081.54,14,735.14
1253610317,residential,328.85,19,196.47
1253610318,residential,378.1,19,241.17
1253613096,residential,361.79,19,220.36
1253613097,residential,406.27,19,206.04
1253613098,residential,240.08,19,128.28
1253613099,residential,393.12,19,227.28
1253613100,residential,335.62,19,180.96
1253613101,residential,489.87,19,334.43
1253613102,residential,416.64,19,233.97
1253613103,residential,365.8,19,203.36
1253838406,commercial,1848.29,14,1218.79
1253839863,commercial,1588.43,14,854.82
1253845408,residential,460.76,19,318.02
1253845456,residential,318.57,19,169.43
1253845457,residential,468.26,19,281.96
1253845458,residential,376.54,19,239.53
1253845459,residential,305.75,19,206.11
1253845460,residential,287.37,19,170.6
1253845461,residential,330.14,19,221.87
1253845462,residential,447.39,19,301.77
1253845507,commercial,899.02,14,540.5
1254513704,residential,321.7,19,169.6
1254513705,residential,380.38,19,225.45
1254513706,residential,201.89,19,106.34
1254513710,residential,430.34,19,290.18
1255138208,residential,438.69,19,246.89
1255153909,residential,297.64,19,152.83
1255226899,residential,284.13,19,144.87
1255226901,residential,209.26,19,142.62
1255226902,commercial,832.11,14,566.3
1255226908,residential,369.75,19,201.61
1255226909,residential,235.37,19,139.87
1255226910,commercial,1798.75,14,925.34
1255226911,commercial,1938.77,14,1136.2
1255226914,residential,486.04,19,285.6
1255226915,residential,396.66,19,246.58
1255226916,residential,454.02,19,242.86
1255226917,residential,261.96,19,176.13
1255226918,residential,487.57,19,264.9
1255226919,commercial,1388.56,14,865.2
1255226920,residential,311.6,19,216.49
1255226921,commercial,1290.51,14,824.81
1255226923,residential,316.57,19,199.93
1255226924,residential,351.16,19,243.13
1255226925,commercial,1804.48,14,1055.55
1255226928,commercial,1862.04,14,936.82
1255226929,residential,284.59,19,177.22
1255226931,residential,284.72,19,149.47
1255318798,commercial,1024.81,14,552.59
1255908772,residential,482.27,19,323.59
1255908773,residential,423.72,19,257.24
1255908774,residential,448.17,19,231.4
1256004255,commercial,1106.51,14,595.34
1256004258,commercial,1173.24,14,761.15
1256457818,residential,437.8,19,239.16
1256457819,residential,386.66,19,203.92
1256457830,commercial,1175.43,14,679.8
1256457831,commercial,853.15,14,574.45
1257330707,residential,468.19,19,238.57
1257330710,residential,435.11,19,265.35
1257330715,residential,217.15,19,118.71
1257330721,commercial,1762.25,14,1018.7
1257330725,commercial,1268.53,14,817.56
1257330728,commercial,1344.08,14,864.59
1257456960,commercial,1228.57,14,708.15
1257456966,commercial,1376.38,14,804.58
1257457055,residential,247.22,19,126.24
1257457069,residential,308.62,19,203.73
1257687994,residential,451.81,19,229.88
1257688000,residential,429.24,19,248.87
1257688002,residential,241.49,19,161.4
1257688003,commercial,993.99,14,685.63
1257688004,commercial,978.08,14,493.98
1257688018,residential,494.76,19,342.43
1257688664,residential,333.77,19,214.15
1257696624,commercial,1708.23,14,1156.61
1257696626,residential,316.41,19,186.46
1257696665,commercial,1661.54,14,840.52
1258131859,residential,415.3,19,270.97
1258131860,residential,308.36,19,179.07
1258159465,commercial,1159.96,14,668.77
1258159466,residential,211.18,19,108.84
1258159469,commercial,1357.82,14,748.51
1258203209,commercial,944.21,14,488.86
1258203210,commercial,1286.64,14,717.54
1258203211,commercial,1301.63,14,688.26
1258205049,residential,315.39,19,167.09
1258205050,residential,483.1,19,330.96
1258205051,residential,317.22,19,205.81
1258205052,residential,346.61,19,179.88
1258205053,residential,457.08,19,296.17
1258205054,residential,285.23,19,185.69
1258205055,residential,346.4,19,199.95
1258205056,residential,459.17,19,237.45
1258205057,residential,380.47,19,253.2
1258205058,residential,487.93,19,293.44
1258205059,commercial,930.33,14,495.71
1258205060,commercial,883.57,14,601.93
1258205061,residential,321.23,19,201.94
1258205062,residential,328.55,19,205.41
1258205063,residential,292.02,19,155.82
1258216459,residential,235.67,19,148.55
1259003529,residential,430.07,19,234.33
1259449678,residential,348.65,19,191.22
1259449679,residential,476.23,19,327.04
1259449680,residential,457.16,19,232.77
1259583812,residential,474.74,19,249.56
1259589961,residential,427.63,19,251.71
1259589962,commercial,1437.14,14,951.7
1261422210,residential,295.02,19,191.12
1261422212,residential,400.28,19,211.19
1261422214,residential,438.74,19,263.06
1261422229,residential,208.47,19,128.32
1261422231,residential,371.89,19,244.18
1261422232,residential,444.12,19,288.82
1261422240,residential,268.56,19,166.74
1261422242,residential,392.54,19,212.37
1261422274,residential,299.59,19,204.48
1261422289,residential,378.16,19,189.52
1261422291,residential,397.34,19,212.9
1261422295,residential,407.13,19,255.26
1261422296,residential,478.9,19,301.2
1261422306,residential,366.33,19,185.63
1261422310,residential,233.98,19,134.81
1261422311,residential,205.97,19,103.99
1261422316,residential,381.68,19,212.69
1261422317,residential,453.42,19,279.34
1261422329,residential,227.67,19,144.38
1261422332,residential,222.57,19,114.66
1261422333,residential,243.61,19,161.98
1261426103,residential,218.8,19,117.22
1261426104,residential,268.33,19,185.96
1261426105,residential,465.53,19,284.85
1261426109,residential,388.9,19,222.84
1261426114,residential,402.16,19,272.7
1261903057,residential,310.86,19,167.63
1261916610,residential,415.93,19,219.28
1262069427,commercial,1924.16,14,1062.57
1262069434,residential,290.81,19,192.46
1262069445,residential,330.55,19,211.63
1262069446,residential,376.29,19,255.12
1262069447,residential,457.69,19,293.64
1262069449,residential,250.17,19,160.4
1262069452,residential,217.86,19,152.43
1262069456,residential,352.19,19,226.32
1262069457,residential,295.55,19,182.15
1262069458,residential,314.41,19,184.91
1262069459,residential,233.14,19,161.35
1262069460,residential,413.42,19,274.4
1262069461,residential,452.46,19,299.96
1262069465,residential,475.2,19,289.71
1262069466,residential,228.29,19,152.47
1262069467,residential,383.2,19,209.79
1262071813,residential,349.79,19,192.87
1262071814,residential,427.09,19,270.54
1262071815,residential,453.36,19,296.95
1262071816,residential,455.79,19,283.91
1262071832,residential,482.34,19,280.09
1262071833,residential,356.06,19,239.24
1262071834,residential,278.48,19,148.53
1262071835,residential,350.22,19,228.98
1262098005,residential,365.82,19,187.24
1262098020,residential,212.25,19,107.17
1262098029,residential,379.31,19,248.97
1262098030,residential,431.25,19,239.85
1262118670,residential,213.03,19,125.81
1262118671,residential,327.88,19,219.34
1262118673,residential,461.04,19,314.45
1262118675,residential,237.97,19,140.32
1262126029,residential,308.37,19,181.49
1262134166,residential,354.99,19,220.11
1262134170,residential,439.13,19,228.55
1262134171,residential,257.51,19,158.69
1262134172,residential,446.89,19,283.44
1262134173,residential,241.86,19,158.57
1262423101,residential,294.88,19,203.02
1263173350,residential,280.2,19,174.47
1263173356,residential,272.66,19,189.61
1263173369,residential,365.53,19,224.35
1263387779,residential,432.7,19,298.75
1263465563,residential,353.66,19,243.85
1263537968,residential,436.21,19,292.19
1263537973,residential,218.75,19,117.16
1263537974,residential,252.53,19,173.66
1263537975,residential,218.27,19,135.21
1263537979,residential,246.33,19,132.65
1263542132,residential,400.63,19,268.41
1263542147,residential,358.44,19,223.17
1263542149,residential,396.1,19,202.21
1263542150,residential,494.49,19,330.81
1263542154,residential,255.13,19,138.57
1263542155,residential,283.61,19,181.02
1263542156,residential,348.98,19,195.28
1263542158,residential,230.06,19,127.78
1263542159,residential,240.36,19,152.86
1263805762,residential,498.87,19,334.9
1263805763,residential,487.46,19,311.05
1263805764,residential,327.99,19,190.79
1263805772,residential,209.08,19,140.95
1263805773,residential,374.53,19,210.23
1263805774,residential,298.97,19,206.9
1263805781,residential,292.69,19,190.52
1263805782,residential,291.94,19,165.43
1263805789,residential,334.65,19,226.33
1263805798,residential,276.8,19,154.64
1263805819,residential,248.27,19,138.18
1263805846,residential,272.9,19,166.99
1263805863,residential,201.65,19,119.63
1263807451,commercial,1066.64,14,697.09
1264198571,residential,292.23,19,204.12
1264198572,residential,387.53,19,232.97
1264198573,residential,256.97,19,169.11
1264198593,residential,305.43,19,167.34
1264795219,residential,491.79,19,284.8
1264795220,residential,318.36,19,206.39
1264795222,residential,223.09,19,122.32
1264795223,residential,227.35,19,159.06
1264795350,residential,227.6,19,155.95
1264795351,residential,407.24,19,242.69
1264795451,residential,296.28,19,162.37
1264795452,residential,282.64,19,193.8
1264881365,residential,243.1,19,121.6
1264881366,residential,253.36,19,168.41
1264881496,residential,212.91,19,121.05
1264881529,residential,233.74,19,120.07
1264881546,residential,469.07,19,312.04
1264881569,residential,344.87,19,191.55
1264881592,commercial,1222.24,14,734.96
1264881594,residential,443.59,19,236.75
1264881595,residential,411.12,19,227.74
1265029151,residential,483.49,19,268.97
1265029152,residential,212.31,19,134.83
1265029190,residential,223.28,19,117.84
1265029209,residential,256.74,19,153.12
1265029210,residential,335.29,19,189.53
1265029211,residential,379.43,19,199.06
1265029277,residential,390.55,19,259.24
1265424330,residential,267.3,19,164.64
1265439014,residential,385.25,19,258.75
1265439015,residential,370.33,19,210.72
1265721092,residential,277.1,19,189.46
1265721119,residential,315.68,19,176.03
1265721128,residential,266.45,19,156.82
1265721156,residential,252.23,19,157.75
1265721174,commercial,1463.29,14,943.48
1265721179,residential,359.93,19,195.91
1265721181,commercial,1493.59,14,1015.3
1265721198,residential,292.03,19,197.04
1265721203,residential,288.37,19,164.65
1265721213,residential,327.48,19,211.59
1265724915,residential,455.95,19,252.98
1265724929,residential,459.2,19,284.81
1265794477,commercial,913.8,14,590.64
1265794507,commercial,986.53,14,537.91
1265794538,commercial,1859.04,14,1095.0
1265806922,residential,255.86,19,140.85
1265806923,residential,247.33,19,157.2
1265806924,residential,409.31,19,270.13
1265806933,residential,443.94,19,270.96
1265806934,residential,434.5,19,251.91
1265806935,residential,278.19,19,193.95
1265806937,residential,225.5,19,135.46
1265806942,residential,242.99,19,149.79
1265806944,residential,431.61,19,266.35
1265806945,residential,406.82,19,220.02
1265806946,residential,391.39,19,270.43
1265806947,residential,411.36,19,223.44
1265806950,residential,250.96,19,140.14
1265806951,residential,410.82,19,282.41
1265806952,commercial,1054.77,14,544.63
1265806953,commercial,1026.21,14,679.24
1265806960,commercial,1354.66,14,681.86
1265835915,residential,462.44,19,280.06
1265835916,residential,212.32,19,139.88
1266019176,residential,308.51,19,157.03
1266019182,residential,328.53,19,181.17
1266019235,residential,432.03,19,276.25
1266447154,commercial,922.66,14,498.9
1266460869,residential,345.84,19,238.31
1266460876,residential,324.73,19,195.67
1266460883,residential,424.17,19,245.76
1266460884,residential,468.4,19,274.71
1266460885,residential,383.87,19,267.17
1266460907,residential,494.95,19,278.32
1266460925,residential,453.84,19,235.65
1266460961,residential,254.63,19,137.68
1266461044,residential,462.09,19,238.6
1266678767,commercial,1656.75,14,1037.1
1266678768,commercial,970.0,14,508.43
1266678769,commercial,1529.65,14,1017.97
1266678770,commercial,1865.89,14,989.11
1266678771,commercial,1319.16,14,771.99
1266678772,residential,243.04,19,146.3
1266678773,residential,392.39,19,245.71
1266678774,residential,251.44,19,144.38
1266678775,residential,328.07,19,213.51
1266678776,residential,424.94,19,285.19
1266678777,residential,289.65,19,182.35
1266678778,residential,377.95,19,223.64
1266678779,residential,414.53,19,212.43
1266678780,residential,293.85,19,183.29
1266678781,residential,480.83,19,278.78
1266678782,residential,438.24,19,272.03
1266678783,residential,325.86,19,177.43
1266678784,residential,239.46,19,146.33
1266678785,residential,496.59,19,317.93
1266678786,residential,204.15,19,115.31
1266678787,residential,280.2,19,166.9
1266678788,residential,276.66,19,172.7
1266678789,residential,257.15,19,130.9
1266678790,residential,335.0,19,216.81
1266678791,residential,418.86,19,241.63
1266678792,residential,484.8,19,265.59
1266678793,residential,290.85,19,170.84
1266678794,residential,363.75,19,233.76
1266678795,residential,460.17,19,255.07
1266678796,residential,248.63,19,125.28
1266678801,residential,381.36,19,239.82
1266678802,residential,481.39,19,243.68
1266678803,residential,236.56,19,133.89
1266678804,residential,208.01,19,128.07
1266678805,residential,210.51,19,107.07
1266678806,residential,305.45,19,208.7
1266678807,residential,288.93,19,185.95
1266678808,residential,297.15,19,153.69
1266680725,residential,429.05,19,266.03
1266680726,residential,470.33,19,300.18
1266680727,residential,456.11,19,284.41
1266680728,residential,434.19,19,227.67
1266680729,residential,364.62,19,237.95
1266680730,residential,412.81,19,285.71
1266680731,residential,444.8,19,270.06
1266680733,residential,475.47,19,286.91
1266680734,residential,483.12,19,283.54
1266680735,residential,418.65,19,292.83
1266680736,residential,217.2,19,151.7
1266680737,residential,408.45,19,285.17
1266680767,residential,395.81,19,250.99
1266680768,residential,483.31,19,275.97
1266680769,residential,245.98,19,164.76
1266680770,residential,231.5,19,135.41
1266680771,residential,326.54,19,207.39
1266680772,residential,364.62,19,241.02
1266680773,residential,250.03,19,127.14
1266680774,residential,488.03,19,306.98
1266680775,residential,281.22,19,176.61
1266680776,residential,284.71,19,169.58
1266680777,residential,380.05,19,227.63
1266680778,residential,293.97,19,175.73
1266680779,residential,483.55,19,276.89
1267009008,residential,403.18,19,250.33
1267009009,residential,484.82,19,265.02
1267009010,residential,337.55,19,171.84
1267009011,residential,359.96,19,200.52
1267009012,residential,399.92,19,241.47
1267009013,residential,202.64,19,127.78
1267171078,commercial,1750.88,14,1041.17
1267171080,residential,478.59,19,298.18
1267604526,residential,298.84,19,161.74
1267604537,residential,354.71,19,206.35
1267610353,commercial,1869.51,14,1139.4
1267610354,commercial,1177.33,14,658.1
1267612433,residential,462.72,19,280.68
1267624384,residential,380.22,19,193.09
1267624481,residential,255.17,19,161.74
1267668049,residential,315.62,19,201.29
1267668050,residential,380.22,19,229.18
1267668051,residential,393.72,19,205.53
1267668052,residential,460.1,19,278.35
1267710935,residential,485.37,19,306.9
1267710967,residential,479.85,19,314.08
1267710977,commercial,1465.19,14,920.05
1267710978,commercial,1085.47,14,561.85
1267710996,commercial,1950.37,14,1309.64
1267711034,residential,414.17,19,239.59
1267711035,residential,335.4,19,224.92
1267711056,residential,360.0,19,203.33
1267711057,residential,277.15,19,176.57
1267715414,commercial,942.18,14,578.63
1267715415,commercial,1886.96,14,1089.34
1267721212,residential,383.15,19,214.96
1267731667,residential,316.94,19,199.37
1267740402,residential,473.2,19,267.07
1267842327,residential,464.97,19,272.81
1267842477,residential,328.84,19,206.05
1267842493,residential,299.31,19,204.64
1267846119,residential,322.36,19,181.48
1267847134,commercial,1763.68,14,1011.94
1267893501,commercial,1825.77,14,1032.56
1267893502,residential,324.29,19,171.58
1267893503,residential,485.19,19,279.55
1267895245,residential,485.62,19,257.53
1268058407,residential,252.0,19,129.36
1268184593,residential,445.98,19,260.77
1268188238,residential,216.83,19,143.65
1268343143,commercial,1355.52,14,736.97
1268354188,commercial,952.67,14,663.08
1268588457,residential,266.65,19,142.05
1268945182,commercial,1255.23,14,817.2
1269264397,residential,241.38,19,121.53
1269264435,residential,459.57,19,234.47
1269267226,residential,309.51,19,202.25
1270405429,residential,330.18,19,184.44
1270407975,commercial,1487.8,14,972.87
1270568426,residential,370.48,19,219.79
1270568459,commercial,1052.58,14,658.54
1270568461,commercial,1531.51,14,805.82
1270575635,commercial,1688.09,14,1058.78
1270575639,commercial,1725.46,14,1070.72
1270618148,residential,372.93,19,189.2
1270618158,residential,496.42,19,272.1
1270623554,commercial,1167.82,14,750.17
1270623565,residential,454.9,19,252.5
1270623566,residential,465.27,19,281.92
1270623567,residential,314.76,19,191.71
1270788366,commercial,1070.83,14,637.02
1270788413,commercial,1131.09,14,615.26
1270788414,commercial,963.11,14,579.63
1270788415,commercial,1158.93,14,631.03
1270788416,commercial,1852.38,14,1211.11
1270788417,commercial,1151.75,14,646.07
1270788418,residential,326.71,19,217.62
1270788424,residential,225.25,19,131.01
1270788427,residential,386.95,19,247.77
1270797090,residential,417.3,19,291.71
1270797196,commercial,1394.71,14,738.8
1270797443,residential,262.59,19,176.27
1270817491,commercial,955.63,14,632.38
1270817492,residential,313.27,19,170.71
1270817493,residential,324.32,19,172.15
1270817494,commercial,1060.61,14,726.05
1270817495,residential,429.26,19,216.02
1270817496,residential,345.57,19,187.82
1270817497,residential,346.29,19,240.65
1270817498,residential,422.92,19,228.06
1270817501,residential,416.61,19,278.21
1270817502,residential,446.82,19,250.22
1270817503,commercial,1219.44,14,837.48
1270817506,residential,408.9,19,236.78
1270817508,residential,486.28,19,319.59
1270817509,residential,218.7,19,117.94
1270817512,commercial,866.41,14,563.81
1270817514,commercial,813.55,14,463.92
1270817517,residential,271.65,19,136.5
1270817518,residential,229.52,19,129.08
1270817519,residential,339.71,19,172.75
1270817520,residential,439.62,19,236.58
1270817521,residential,318.02,19,169.35
1270817522,residential,275.67,19,176.72
1270817523,commercial,1283.36,14,676.89
1270858175,residential,336.16,19,187.99
1270858176,residential,419.56,19,287.53
1270858177,residential,377.9,19,239.96
1270858244,commercial,929.72,14,527.73
1270858262,commercial,833.18,14,462.99
1270858263,commercial,1818.48,14,1066.9
1270858264,commercial,1923.35,14,1343.1
1270858265,residential,497.33,19,263.85
1270858266,residential,293.5,19,202.5
1270865324,residential,340.03,19,206.74
1270865330,residential,222.08,19,142.53
1270865332,residential,299.58,19,171.82
1270865344,residential,434.84,19,292.59
1270865355,residential,277.64,19,161.98
1270865363,residential,203.74,19,142.07
1270865364,residential,372.73,19,196.95
1270865365,residential,384.14,19,202.02
1270865366,residential,213.96,19,116.9
1270865392,residential,467.46,19,270.82
1270865418,residential,385.66,19,198.11
1270865435,residential,489.11,19,285.86
1270883224,residential,263.14,19,160.12
1270883225,residential,469.16,19,238.34
1270883226,residential,399.91,19,247.79
1270883230,residential,474.6,19,332.1
1270883295,residential,448.74,19,309.71
1270883296,residential,217.2,19,126.3
1270883336,residential,483.79,19,287.96
1270883377,residential,411.77,19,239.77
1270883416,residential,437.42,19,231.42
1270883448,residential,384.3,19,263.15
1270909999,residential,239.08,19,154.65
1271066991,residential,253.47,19,137.18
1271066992,residential,362.54,19,232.97
1271066993,residential,238.52,19,131.12
1271067799,residential,245.34,19,123.66
1271076838,residential,221.86,19,134.33
1271076840,residential,460.34,19,230.49
1271076842,residential,267.57,19,141.75
1271076843,residential,426.3,19,273.22
1271076880,residential,441.43,19,286.56
1271084806,residential,303.32,19,155.48
1271084827,residential,372.63,19,233.82
1271084863,residential,418.61,19,221.47
1271094010,residential,380.34,19,213.44
1271094022,residential,465.59,19,320.35
1271094023,residential,201.2,19,120.56
1271094024,residential,430.45,19,298.93
1271094025,residential,242.99,19,134.63
1271140228,residential,237.08,19,127.17
1271140229,commercial,1135.69,14,735.57
1271140230,residential,339.41,19,206.68
1271140231,residential,283.48,19,193.96
1271140232,commercial,1469.64,14,760.41
1271140233,commercial,1269.88,14,790.23
1271140234,residential,454.54,19,279.79
1271140235,commercial,885.69,14,596.24
1271140236,residential,444.63,19,245.89
1271140237,residential,312.73,19,202.88
1271140238,residential,223.56,19,121.06
1271140239,commercial,1245.01,14,798.74
1271202665,residential,283.15,19,188.13
1271202666,commercial,1214.12,14,671.5
1271202667,residential,204.76,19,124.62
1271202668,residential,497.58,19,293.1
1271202669,residential,321.54,19,203.41
1271206084,residential,250.46,19,167.78
1271206085,residential,250.16,19,163.59
1271206086,residential,288.65,19,171.47
1271213545,residential,464.27,19,245.12
1271213546,commercial,1863.45,14,1010.74
1271213562,commercial,1149.09,14,613.51
1271213563,residential,470.93,19,274.64
1271213564,residential,389.05,19,254.33
1271213568,residential,405.88,19,282.38
1271213569,residential,251.85,19,139.43
1271213570,commercial,1592.05,14,823.47
1271213571,commercial,1462.58,14,917.0
1271213572,residential,215.83,19,125.96
1271213573,residential,215.3,19,132.92
1271213602,residential,251.06,19,167.8
1271213630,residential,231.34,19,160.6
1271213662,residential,484.76,19,289.64
1271213663,residential,312.8,19,186.24
1271218964,residential,373.56,19,239.54
1271218965,residential,313.03,19,168.93
1271455767,residential,208.66,19,105.05
1271455770,residential,314.54,19,171.06
1271455771,residential,396.89,19,228.21
1271455776,residential,285.78,19,198.31
1271455777,residential,261.32,19,139.25
1271643787,residential,285.6,19,169.09
1271883868,commercial,1992.58,14,1141.84
1271883878,residential,466.97,19,278.82
1271883887,residential,383.46,19,262.29
1271883890,residential,314.09,19,208.55
1271883902,residential,335.92,19,221.55
1271883940,residential,309.02,19,199.51
1271968946,residential,209.63,19,129.5
1271968947,residential,299.32,19,188.0
1271968948,residential,296.8,19,154.13
1271975159,residential,244.24,19,169.36
1271975160,residential,460.39,19,321.25
1271975161,residential,294.66,19,189.14
1271975162,residential,214.57,19,144.75
1271975163,residential,433.95,19,299.53
1271975164,residential,208.38,19,121.44
1271975165,residential,262.05,19,166.57
1271975166,residential,226.66,19,153.96
1271975167,residential,481.15,19,287.73
1271975168,residential,219.29,19,127.59
1271975170,residential,260.82,19,144.84
1271975171,residential,311.6,19,161.19
1271975172,residential,316.55,19,217.45
1271975173,residential,306.23,19,178.42
1272046068,residential,451.21,19,265.61
1272046069,residential,230.6,19,145.09
1272046070,residential,429.01,19,249.08
1272148125,residential,279.97,19,147.45
1272152514,commercial,959.97,14,656.05
1272152523,commercial,921.8,14,474.27
1272152526,commercial,1597.38,14,807.58
1272152531,commercial,948.83,14,504.06
1272152532,commercial,1574.04,14,863.51
1272152543,commercial,967.35,14,599.42
1272152544,commercial,1638.13,14,964.83
1272152545,commercial,1185.72,14,660.86
1272152549,commercial,1582.28,14,994.99
1272152550,commercial,1812.85,14,1244.24
1272152551,commercial,1636.68,14,882.32
1272152552,commercial,806.91,14,506.56
1272152553,commercial,1675.69,14,960.4
1272152556,commercial,1579.08,14,998.46
1272152557,commercial,1757.41,14,983.79
1272152558,commercial,1139.65,14,713.17
1272152572,commercial,1941.78,14,1072.42
1272152573,commercial,1304.26,14,881.51
1272152576,commercial,1601.43,14,1068.51
1272152581,commercial,1415.97,14,970.84
1272152591,residential,457.12,19,316.06
1272154810,commercial,1428.8,14,886.62
1272154815,commercial,1596.3,14,1090.68
1272154816,commercial,1217.96,14,689.01
1272154820,residential,431.12,19,237.23
1272154821,residential,394.94,19,256.48
1272154822,residential,459.51,19,249.54
1272154846,commercial,825.29,14,522.1
1272154850,residential,310.05,19,179.51
1272154851,residential,320.92,19,185.35
1272154852,residential,323.05,19,170.1
1272154854,residential,207.97,19,138.85
1272154859,residential,481.6,19,315.03
1272154870,residential,302.13,19,207.3
1272154885,residential,235.41,19,144.22
1272154886,residential,354.68,19,236.51
1272154887,residential,280.37,19,180.71
1272154902,residential,223.78,19,151.72
1272154903,residential,338.82,19,183.7
1272642961,residential,376.15,19,208.59
1272642966,residential,328.44,19,175.47
1272642974,residential,376.51,19,218.29
1272642983,residential,404.11,19,222.94
1272642985,residential,411.48,19,212.63
1272642987,residential,290.28,19,156.19
1272648609,residential,308.28,19,187.4
1272648614,residential,341.01,19,221.41
1272649527,residential,361.72,19,201.32
1272649528,residential,483.67,19,312.47
1272659087,commercial,1257.53,14,691.13
1272659091,residential,425.37,19,290.06
1272659092,residential,312.77,19,189.61
1272659097,residential,406.01,19,215.46
1272659098,residential,250.34,19,172.5
1272659141,commercial,1405.42,14,811.71
1272659145,commercial,1537.8,14,991.03
1272659146,commercial,1575.94,14,970.08
1272659155,residential,414.3,19,281.8
1272659156,residential,494.0,19,278.57
1272659157,commercial,1558.2,14,966.46
1272659161,commercial,1356.63,14,794.05
1272659162,residential,378.39,19,261.13
1272659165,commercial,1845.82,14,1262.87
1272659166,commercial,924.73,14,604.09
1272673830,residential,396.79,19,277.18
1272673860,residential,453.13,19,251.27
1272673861,residential,312.69,19,198.2
1272686123,residential,329.92,19,224.65
1272686131,residential,313.43,19,200.1
1272686272,commercial,1711.24,14,1009.75
1272686273,commercial,1923.19,14,1320.47
1272686282,commercial,1011.55,14,664.22
1272686301,residential,347.88,19,226.54
1272686304,residential,258.9,19,154.57
1272689204,commercial,1312.22,14,867.31
1272689206,commercial,1449.57,14,914.86
1272701900,residential,443.83,19,267.57
1272767221,commercial,1295.09,14,713.21
1272767225,residential,387.59,19,234.95
1272767334,commercial,1745.85,14,1221.02
1272816386,residential,230.96,19,153.74
1272964724,residential,380.91,19,193.05
1272964725,residential,369.34,19,257.64
1272964728,residential,242.32,19,127.88
1273063478,residential,274.46,19,186.56
1273116341,residential,245.27,19,145.06
1273430967,residential,326.04,19,199.37
1273596225,residential,353.35,19,227.36
1273596229,residential,448.65,19,304.97
1273596238,residential,296.3,19,167.67
1273596240,commercial,1434.24,14,826.73
1273628120,commercial,1275.6,14,734.37
1274311270,residential,226.16,19,118.58
1274389133,residential,433.31,19,271.23
1274389138,residential,278.83,19,190.55
1274571820,residential,230.46,19,138.73
1274571821,commercial,1380.43,14,887.93
1274603977,residential,253.35,19,153.03
1274603987,commercial,1748.04,14,1138.42
1274603990,residential,474.14,19,242.27
1274603991,residential,264.19,19,165.72
1274603992,residential,456.75,19,309.81
1275460884,residential,220.3,19,120.13
1275463624,residential,272.72,19,179.43
1276068484,residential,301.73,19,183.5
1278078113,residential,226.43,19,137.63
1278078114,residential,389.24,19,203.29
1278078115,residential,217.13,19,116.78
1278078116,residential,378.52,19,242.41
1278078117,residential,485.03,19,244.43
1278078118,residential,412.66,19,255.69
1278078119,residential,305.9,19,177.05
1278078243,commercial,1794.31,14,1073.04
1278078327,residential,280.87,19,162.01
1278163529,commercial,1890.33,14,973.57
1278163530,commercial,904.94,14,508.68
1278163531,commercial,1756.41,14,1037.59
1278163532,commercial,1961.94,14,1279.61
1278163533,commercial,821.94,14,524.53
1278163534,commercial,851.23,14,431.56
1278163535,commercial,1255.79,14,708.02
1278163536,residential,426.87,19,215.54
1278163537,commercial,1812.46,14,1002.22
1278163538,commercial,1767.57,14,1175.55
1278163539,commercial,1965.56,14,1128.26
1278163540,commercial,1379.39,14,726.16
1278163541,commercial,894.14,14,534.44
1278163542,commercial,1795.33,14,942.97
1278386261,commercial,1277.21,14,865.58
1278386264,residential,200.05,19,117.95
1278386265,commercial,1714.21,14,991.93
1278386266,residential,228.29,19,121.88
1278386268,residential,305.1,19,197.13
1278422352,residential,254.52,19,143.86
1278422353,commercial,1987.98,14,1190.87
1278422354,residential,428.3,19,257.77
1278422355,commercial,1701.69,14,932.14
1278668445,residential,272.23,19,185.61
1278668446,residential,391.49,19,252.59
1278668456,commercial,861.65,14,552.46
1278668457,commercial,1614.33,14,840.33
1278668458,commercial,1109.94,14,625.12
1278668464,residential,278.02,19,186.47
1278668471,residential,457.16,19,304.32
1278689467,residential,490.47,19,328.4
1278704371,residential,273.3,19,173.96
1278704400,residential,352.79,19,206.63
1278704432,residential,405.08,19,242.5
1278704442,residential,316.13,19,207.53
1278704568,residential,367.62,19,255.24
1278704571,residential,207.63,19,107.17
1278704574,residential,437.7,19,257.1
1278735154,residential,363.73,19,184.66
1278735156,residential,286.2,19,196.72
1278809794,residential,366.47,19,188.91
1278809795,residential,326.73,19,179.6
1278809796,residential,474.64,19,239.38
1278809797,residential,267.2,19,170.18
1278809798,residential,418.38,19,256.29
1278809799,residential,278.19,19,188.81
1278809800,residential,362.59,19,213.62
1278809801,commercial,1860.61,14,1182.47
1278809803,residential,340.82,19,212.62
1279246609,residential,417.79,19,266.64
1279250204,residential,385.25,19,207.79
1279568281,residential,493.08,19,311.1
1279568282,residential,202.47,19,134.79
1279568291,residential,209.57,19,142.35
1279568294,commercial,1865.57,14,981.85
1279609660,residential,453.63,19,303.68
1279609681,commercial,825.96,14,520.13
1279609694,commercial,923.71,14,463.41
1279609723,residential,247.34,19,131.11
1279826116,residential,392.2,19,230.23
1279826125,residential,346.86,19,236.75
1279826182,commercial,889.86,14,562.26
1279826184,residential,458.98,19,286.66
1279969178,commercial,1393.66,14,940.38
1279977293,commercial,1038.3,14,685.58
1279977294,commercial,1457.26,14,1000.57
1279977295,commercial,1652.69,14,878.16
1280086943,residential,482.59,19,311.31
1280086948,residential,456.59,19,243.76
1280086951,residential,201.85,19,115.31
1280086958,residential,355.87,19,245.52
1280086962,residential,391.92,19,219.05
1280086973,residential,286.07,19,179.44
1280087008,residential,319.51,19,187.32
1280087009,residential,393.44,19,249.81
1280087010,residential,435.54,19,285.85
1280087012,residential,352.59,19,223.36
1280618893,residential,310.5,19,170.64
1280619027,residential,277.17,19,189.88
1281053213,commercial,1486.75,14,898.46
1281053214,commercial,1285.32,14,665.66
1281053215,commercial,1874.02,14,1214.38
1281336337,residential,396.91,19,251.48
1281336346,residential,332.95,19,205.03
1281359311,residential,277.25,19,191.74
1281359315,residential,421.4,19,242.94
1281359317,residential,461.64,19,296.09
1281359318,residential,350.51,19,179.26
1281359319,residential,227.04,19,125.03
1281359325,residential,445.51,19,250.24
1281993752,residential,255.99,19,145.63
1282375701,residential,284.89,19,180.04
1282375702,residential,215.48,19,107.94
1282375703,residential,296.84,19,185.2
1282375712,residential,346.69,19,236.62
1282375713,residential,468.06,19,273.79
1282507356,residential,276.52,19,187.25
1282693121,commercial,1278.56,14,836.36
1282750322,residential,315.55,19,173.78
1282750827,residential,459.71,19,256.48
1282750828,residential,379.55,19,247.84
1282750829,residential,292.74,19,152.16
1283299402,residential,374.13,19,244.33
1283704670,residential,486.53,19,259.51
1283704671,residential,446.93,19,291.66
1283712463,residential,204.95,19,115.12
1283712464,residential,332.34,19,220.37
1283712465,residential,283.01,19,147.13
1283712466,residential,398.73,19,249.85
1283712467,residential,406.48,19,246.12
1283712468,residential,495.78,19,342.92
1283712469,residential,473.86,19,321.71
1283712470,residential,206.12,19,126.31
1283712471,residential,312.93,19,191.84
1284164731,residential,356.28,19,187.65
1284165004,residential,448.85,19,238.63
1284165005,residential,289.16,19,162.63
1284190409,residential,331.88,19,182.17
1284355489,commercial,1435.76,14,872.86
1284355491,commercial,832.15,14,564.38
1284355492,commercial,882.82,14,505.16
1284355493,residential,202.26,19,127.7
1284355494,commercial,1779.65,14,1222.18
1284355495,residential,342.46,19,187.7
1284355496,commercial,962.71,14,487.43
1284355497,residential,258.63,19,169.99
1284355498,residential,355.66,19,189.83
1284355499,residential,480.79,19,271.68
1284355500,residential,355.87,19,181.89
1284355501,residential,433.09,19,237.92
1284355502,residential,454.98,19,234.86
1284355503,residential,366.54,19,188.74
1284355504,residential,273.16,19,164.46
1284355506,residential,405.66,19,214.31
1284355507,residential,238.93,19,137.66
1284355508,residential,269.0,19,135.07
1284355509,residential,439.86,19,280.94
1284355510,residential,250.26,19,133.97
1284355511,residential,329.83,19,202.27
1284355512,residential,325.47,19,222.48
1284380854,residential,414.55,19,289.15
1284380855,residential,476.85,19,330.66
1284380856,residential,450.74,19,287.06
1284380857,residential,278.68,19,167.73
1284380858,residential,317.84,19,166.99
1284380859,residential,369.07,19,212.79
1284380860,residential,203.26,19,139.37
1284380861,residential,287.59,19,168.13
1284657005,residential,343.83,19,216.04
1284773489,residential,463.64,19,288.35
1284773662,commercial,1686.78,14,1052.6
1284773675,residential,317.23,19,169.99
1284808025,residential,411.58,19,230.73
1284808026,residential,394.38,19,273.79
1284808027,residential,434.88,19,256.18
1284808028,residential,283.22,19,174.66
1284808029,residential,390.52,19,229.71
1284808030,residential,447.52,19,282.61
1284808031,residential,320.85,19,164.17
1284808035,residential,252.21,19,143.42
1284808036,residential,459.41,19,267.95
1284808037,residential,311.65,19,176.59
1284808038,residential,342.34,19,217.06
1284808039,residential,201.26,19,110.34
1284808040,residential,408.05,19,231.77
1284808042,residential,242.75,19,153.2
1284808046,residential,328.15,19,212.17
1284808047,residential,205.26,19,123.26
1284808048,residential,302.63,19,181.31
1284808050,residential,266.21,19,152.41
1284808051,residential,484.02,19,336.68
1284808052,residential,458.62,19,260.18
1284808055,residential,442.49,19,297.11
1284808058,residential,279.17,19,169.56
1284808060,residential,213.67,19,114.68
1284808063,residential,209.97,19,105.08
1284808064,residential,285.64,19,149.02
1284808065,residential,215.3,19,126.26
1284808066,residential,475.66,19,307.46
1284808067,residential,347.04,19,224.03
1284808068,residential,328.76,19,226.41
1284808069,residential,229.29,19,138.34
1284808070,residential,432.74,19,269.59
1284811159,residential,442.26,19,240.19
1284811160,residential,286.96,19,167.52
1284811161,residential,463.99,19,312.43
1284811162,residential,450.27,19,302.53
1284811163,commercial,1939.42,14,1118.25
1284811164,commercial,1079.78,14,673.9
1284811166,residential,275.98,19,161.29
1284811167,residential,245.18,19,134.26
1284811169,residential,288.28,19,185.19
1284811170,residential,423.14,19,251.6
1284811171,residential,399.44,19,220.95
1284811173,residential,454.64,19,259.92
1284811174,residential,294.57,19,194.27
1284852013,residential,458.38,19,270.04
1284852016,residential,436.1,19,246.75
1285043283,residential,386.99,19,208.57
1285046615,residential,465.29,19,313.83
1285071237,residential,421.11,19,294.61
1285817628,residential,334.08,19,184.73
1285817629,residential,383.71,19,224.43
1285817630,residential,481.24,19,292.35
1285817631,residential,325.03,19,174.25
1285817632,residential,354.67,19,191.7
1285817633,residential,412.16,19,217.57
1285817634,residential,207.4,19,121.85
1285817635,residential,358.61,19,208.76
1285817646,residential,450.77,19,298.07
1285817648,residential,338.35,19,219.82
1285817651,residential,257.51,19,162.96
1285817657,residential,363.61,19,213.54
1285817659,commercial,824.64,14,562.53
1285817660,commercial,1922.74,14,1020.91
1285817662,residential,234.43,19,117.38
1285817663,residential,407.6,19,282.63
1285817665,residential,324.13,19,215.52
1285817668,residential,414.44,19,229.31
1285817669,residential,235.54,19,120.19
1285817672,residential,346.61,19,239.55
1285817674,residential,476.69,19,330.62
1285817675,residential,494.05,19,345.77
1285817679,residential,453.44,19,289.27
1285817681,residential,473.62,19,330.08
1285817682,residential,374.08,19,211.58
1285817695,commercial,1368.22,14,956.02
1285983278,residential,392.84,19,263.01
1286464059,residential,228.74,19,148.26
1286464074,residential,296.46,19,154.06
1286464082,residential,355.56,19,236.03
1286464095,residential,373.54,19,229.75
1286464097,residential,446.63,19,255.51
1286464103,residential,323.67,19,206.47
1286464104,residential,492.8,19,321.28
1286464105,residential,399.42,19,278.29
1286468194,residential,344.54,19,198.45
1286468248,commercial,898.63,14,519.12
1286468251,residential,408.68,19,214.51
1286468257,residential,433.36,19,280.28
1286468293,residential,420.73,19,229.57
1286468294,residential,255.78,19,156.89
1286609133,commercial,976.9,14,590.08
1286609266,residential,483.83,19,324.99
1286715846,residential,368.76,19,257.29
1286832109,residential,258.24,19,160.38
1286978615,residential,233.84,19,162.81
1286978616,residential,357.64,19,207.73
1287065122,residential,292.85,19,196.21
1287126671,residential,285.01,19,158.52
1287126672,commercial,1098.36,14,568.18
1287270139,commercial,1701.12,14,1059.9
1287281167,commercial,854.2,14,445.87
1287281168,residential,378.32,19,228.7
1287284017,residential,254.39,19,174.35
1287284018,residential,464.17,19,305.77
1287284019,residential,331.11,19,207.27
1287284020,residential,421.14,19,222.74
1287284032,residential,480.69,19,332.23
1287284052,residential,327.58,19,196.4
1287284053,commercial,1701.31,14,1154.54
1287284054,residential,214.03,19,118.4
1287284055,residential,255.26,19,138.27
1287284056,commercial,1927.38,14,1019.84
1287284057,residential,453.97,19,301.77
1287284067,residential,344.56,19,199.36
1287284068,residential,466.55,19,288.35
1287284069,residential,258.25,19,137.27
1287284070,residential,496.11,19,299.97
1287284071,residential,436.5,19,259.21
1287284075,residential,419.42,19,271.34
1287284076,residential,450.76,19,241.61
1287284077,residential,429.57,19,269.87
1287284078,residential,225.31,19,121.77
1287284167,residential,393.74,19,253.53
1287284168,residential,446.39,19,251.9
1287284169,residential,316.34,19,209.85
1287284234,residential,224.1,19,149.88
1287284237,residential,231.78,19,120.1
1287284238,residential,272.65,19,182.94
1287284239,residential,208.15,19,128.54
1287284240,residential,371.0,19,202.34
1287284241,residential,431.54,19,271.14
1287320722,commercial,821.5,14,441.83
1287320723,commercial,1585.16,14,962.69
1287355520,residential,396.39,19,264.5
1287355531,residential,236.8,19,127.04
1287355546,residential,343.99,19,192.17
1287355547,residential,366.35,19,193.73
1287355560,residential,235.37,19,155.01
1287355594,residential,337.25,19,189.89
1287371796,residential,321.74,19,205.56
1287371798,residential,473.49,19,285.08
1287371884,residential,406.17,19,264.63
1287371983,residential,333.55,19,179.23
1287743609,residential,267.67,19,141.51
1287743610,residential,432.84,19,240.78
1287743611,residential,493.81,19,334.36
1287743612,residential,239.63,19,150.55
1287743613,residential,456.63,19,302.94
1287743614,residential,418.23,19,216.56
1287743615,residential,424.27,19,292.21
1287743616,residential,420.75,19,263.7
1287743617,residential,395.01,19,266.53
1287743618,residential,416.53,19,225.89
1287744125,residential,333.73,19,198.78
1287744126,residential,215.0,19,132.78
1287744127,commercial,1393.46,14,719.21
1287744128,commercial,1106.39,14,745.67
1287744129,commercial,1349.12,14,748.78
1287744131,commercial,918.94,14,545.36
1287744132,commercial,987.81,14,576.0
1287744133,residential,354.81,19,178.17
1287744134,residential,201.24,19,116.16
1287744135,residential,446.95,19,249.99
1287744136,residential,319.42,19,172.34
1287744137,residential,350.22,19,180.38
1287744138,residential,490.48,19,292.95
1287744139,residential,344.83,19,236.11
1287744140,residential,400.0,19,226.8
1287744141,commercial,1041.07,14,617.88
1287744142,commercial,1339.25,14,897.69
1287744143,commercial,1306.42,14,912.54
1287744144,residential,368.95,19,243.64
1287744145,commercial,973.16,14,556.19
1287744146,residential,383.38,19,194.35
1287744147,commercial,1101.48,14,702.52
1287904673,residential,346.3,19,207.75
1287904684,residential,228.72,19,141.34
1287943292,residential,229.33,19,136.08
1288367023,residential,211.35,19,131.28
1288367031,residential,357.73,19,201.08
1288367032,commercial,1666.91,14,1067.77
1288649199,residential,422.12,19,294.93
1288649213,residential,261.73,19,166.17
1288649214,residential,284.22,19,191.49
1288649215,residential,471.86,19,267.67
1288649216,residential,467.96,19,265.9
1288649217,residential,416.45,19,283.38
1288649218,residential,397.33,19,223.94
1288649219,residential,254.71,19,127.44
1288649220,residential,242.11,19,140.35
1288649221,residential,499.61,19,285.81
1288649222,residential,417.03,19,219.74
1288649223,residential,447.25,19,276.62
1288649224,residential,420.38,19,219.53
1288649225,residential,257.94,19,179.36
1288649226,residential,363.82,19,252.68
1288649227,residential,403.61,19,258.94
1289096904,residential,456.55,19,292.72
1289702762,residential,299.18,19,191.42
1289784407,residential,405.66,19,205.89
1290207810,commercial,1636.41,14,992.73
1290233354,residential,475.73,19,287.14
1290233370,residential,474.81,19,245.37
1290233372,residential,231.95,19,127.62
1290912974,commercial,843.09,14,544.75
1291004787,residential,247.15,19,160.62
1291033137,commercial,1520.16,14,986.6
1291204123,residential,418.59,19,273.28
1291748394,residential,342.6,19,197.43
1291752683,commercial,1853.77,14,1204.0
1292674568,residential,279.37,19,185.58
1292674569,residential,286.75,19,149.35
1292674570,residential,491.02,19,328.25
1292674573,residential,356.64,19,194.11
1292674574,residential,395.2,19,239.95
1292674580,residential,266.89,19,177.63
1292994292,commercial,1778.74,14,999.49
1292994294,residential,276.68,19,172.37
1292994295,residential,462.53,19,313.37
1292994296,residential,268.79,19,185.04
1292994297,residential,398.5,19,199.83
1292997390,commercial,1659.96,14,979.81
1293435696,residential,249.94,19,171.77
1293610897,residential,395.49,19,270.35
1294790765,commercial,970.86,14,499.12
1294790777,commercial,1633.03,14,1070.66
1294790800,commercial,858.9,14,507.59
1294790819,commercial,1309.73,14,676.56
1294790822,commercial,1610.28,14,980.24
1294790838,commercial,1104.22,14,760.09
1294790841,commercial,1683.36,14,1023.55
1294951612,commercial,993.68,14,670.87
1295009445,residential,278.32,19,155.84
1295627612,residential,302.95,19,198.77
1295627615,residential,304.25,19,206.96
1295627617,residential,364.48,19,239.87
1295635965,residential,411.5,19,208.76
1295690624,residential,383.08,19,197.6
1295690625,commercial,1291.35,14,768.61
1295705801,residential,276.22,19,140.97
1295705819,residential,434.38,19,220.98
1295705820,residential,432.29,19,302.34
1295795269,residential,228.77,19,158.24
1295795277,residential,452.43,19,289.51
1295795278,residential,447.03,19,296.77
1295795279,residential,432.25,19,269.13
1295795280,residential,229.89,19,125.8
1296005027,residential,397.93,19,215.82
1296005028,residential,316.49,19,161.84
1296005051,commercial,958.67,14,602.34
1296054830,residential,499.81,19,256.52
1296054839,residential,378.06,19,264.18
1296328615,commercial,926.08,14,633.77
1296328623,residential,341.73,19,215.39
1296396646,residential,269.46,19,146.93
1296416053,residential,269.12,19,159.07
1297356986,residential,312.81,19,184.44
1297388188,residential,473.78,19,302.56
1297388192,residential,293.23,19,182.63
1297584653,residential,361.31,19,201.16
1297584696,residential,216.21,19,134.13
1297584713,residential,234.5,19,146.39
1297584718,residential,234.52,19,146.26
1297584723,residential,238.29,19,132.27
1297630650,commercial,1481.19,14,790.91
1297630651,residential,411.95,19,213.34
1297667914,residential,397.58,19,206.33
1297667916,residential,461.97,19,232.94
1297667917,residential,311.1,19,172.25
1297674395,residential,412.31,19,217.93
1297674988,residential,422.03,19,251.42
1297674989,residential,439.94,19,284.92
1297674990,residential,462.99,19,271.15
1298161063,commercial,867.54,14,582.81
1298161077,commercial,1724.42,14,869.33
1298275327,commercial,1771.81,14,1151.56
1298275338,commercial,1026.05,14,690.5
1298279411,residential,434.92,19,239.2
1298279412,residential,461.43,19,294.9
1298823081,residential,308.53,19,212.25
1298823082,residential,282.42,19,189.65
1298823083,residential,296.76,19,179.03
1298823099,residential,277.84,19,171.09
1298823100,residential,454.94,19,309.9
1298823101,residential,455.02,19,260.36
1298823102,residential,422.32,19,215.87
1298823103,residential,351.06,19,242.13
1298823104,residential,250.86,19,140.6
1298823105,residential,439.34,19,245.02
1298823106,residential,225.12,19,137.03
1298823107,residential,277.63,19,169.51
1298823109,residential,426.09,19,223.15
1298823110,residential,282.35,19,179.58
1298824871,residential,260.05,19,168.68
1298824872,residential,307.88,19,204.37
1298824873,residential,282.67,19,197.18
1298832781,residential,410.67,19,259.68
1298832942,commercial,1479.98,14,889.77
1299038394,commercial,1081.4,14,736.66
1299038403,residential,267.36,19,149.95
1299765927,residential,213.83,19,138.44
1299765932,commercial,802.81,14,414.84
1299765934,residential,282.6,19,155.68
1299765935,residential,325.19,19,216.62
1299765936,residential,411.5,19,247.83
1299785688,commercial,946.28,14,497.43
1299785703,commercial,1812.34,14,1063.76
1299785709,residential,434.32,19,220.67
1299791161,residential,401.85,19,216.36
1299791162,residential,306.58,19,157.33
1299791163,residential,483.96,19,243.74
1299791165,residential,279.32,19,143.71
1299794006,residential,283.53,19,143.07
1300078970,residential,306.47,19,209.86
1300083545,commercial,1669.88,14,1032.05
1300083552,residential,468.76,19,255.19
1300083553,residential,258.49,19,133.88
1300083554,residential,207.69,19,118.92
1300083555,residential,454.07,19,287.62
1300201555,residential,288.77,19,178.46
1300201690,residential,255.42,19,152.16
1300281976,residential,218.78,19,144.34
1300281977,residential,293.42,19,167.71
1300281978,residential,459.48,19,263.52
1300281995,residential,342.81,19,196.57
1300881280,residential,427.12,19,293.44
1300886905,commercial,916.92,14,520.82
1300886927,residential,350.41,19,238.13
1301141835,residential,307.16,19,207.68
1301141849,residential,258.98,19,152.11
1301143992,residential,447.41,19,282.72
1301143993,residential,253.14,19,159.86
1301143994,residential,322.91,19,206.62
1301283902,residential,350.03,19,215.3
1301283912,commercial,1297.16,14,658.24
1301321582,commercial,1739.17,14,910.45
1301325024,commercial,1058.74,14,662.53
1301325025,commercial,1982.55,14,1367.91
1301325026,commercial,1102.2,14,585.71
1301325030,commercial,1335.64,14,750.84
1301326182,commercial,1596.1,14,820.1
1301994739,commercial,1007.6,14,630.74
1302008693,residential,447.81,19,293.62
1302008695,residential,238.74,19,129.85
1302055931,residential,313.42,19,199.45
1302055932,residential,203.11,19,131.11
1302190562,commercial,1325.06,14,820.59
1302195012,commercial,1178.02,14,651.77
1302195013,residential,277.27,19,161.91
1302227092,residential,245.02,19,150.44
1302227099,residential,230.79,19,149.56
1302227114,commercial,936.2,14,539.02
1302247714,residential,269.02,19,157.37
1302247748,residential,298.12,19,193.58
1302259162,residential,289.86,19,189.4
1302259181,residential,247.58,19,154.88
1302418875,commercial,1008.46,14,615.38
1302635066,residential,495.17,19,287.53
1302638762,residential,364.21,19,217.28
1302644121,commercial,1400.04,14,714.64
1302724132,residential,240.76,19,158.23
1302724384,residential,322.81,19,208.31
1302848015,residential,449.07,19,245.14
1302996815,residential,355.82,19,217.11
1302996824,commercial,1192.02,14,656.52
1302996827,commercial,1440.77,14,897.36
1302996837,commercial,926.05,14,647.12
1302996839,commercial,1512.71,14,868.53
1303005413,commercial,1905.24,14,1168.47
1303005414,residential,265.12,19,134.59
1303031286,residential,235.74,19,163.28
1303487939,residential,205.7,19,117.32
1303542197,residential,385.48,19,233.75
1303614161,commercial,1109.99,14,642.65
1303614183,residential,471.57,19,311.13
1303614189,residential,362.0,19,213.27
1303614245,commercial,1727.58,14,909.49
1303625850,commercial,1718.95,14,1130.06
1303625860,commercial,1790.33,14,1126.92
1303625862,commercial,1682.74,14,1099.83
1303625863,commercial,1425.3,14,777.65
1303625867,commercial,956.93,14,592.92
1303625868,commercial,1807.48,14,1129.63
1303625869,commercial,978.63,14,650.12
1303625881,commercial,1203.95,14,731.71
1303625883,commercial,1060.39,14,703.73
1303810833,residential,391.95,19,256.0
1303892358,residential,225.62,19,118.28
1303892359,residential,295.93,19,175.99
1303892360,residential,471.92,19,248.22
1303892361,commercial,890.18,14,531.05
1303897734,commercial,1203.17,14,638.86
1303901165,residential,260.71,19,175.63
1303901188,residential,490.83,19,331.0
1303901190,residential,250.58,19,135.38
1303901239,residential,230.04,19,135.64
1303901253,residential,261.96,19,178.15
1303901255,residential,223.14,19,117.67
1304013762,residential,362.17,19,220.45
1304014437,residential,235.11,19,141.45
1304014455,commercial,1961.38,14,1029.97
1304106633,residential,476.89,19,252.68
1304116270,commercial,827.64,14,545.34
1304116276,commercial,1942.88,14,1296.43
1304116277,commercial,853.22,14,441.82
1304116278,commercial,1437.05,14,960.22
1304116281,commercial,1910.94,14,1092.89
1304116282,commercial,1989.91,14,1233.61
1304116283,commercial,1608.93,14,931.46
1304118494,residential,279.41,19,153.55
1304118495,residential,260.28,19,153.42
1304118499,residential,201.82,19,130.99
1304118500,residential,233.45,19,117.66
1304118502,residential,389.21,19,253.27
1304118503,residential,234.59,19,120.35
1304118504,residential,428.52,19,292.49
1304189528,residential,317.91,19,195.28
1304196934,residential,214.72,19,110.95
1304196935,commercial,851.19,14,571.16
1304252476,residential,427.5,19,230.48
1304253299,commercial,1624.34,14,921.3
1304293322,residential,354.75,19,235.32
1304293383,residential,443.48,19,295.92
1304293384,residential,349.68,19,209.1
1304298509,residential,365.52,19,250.57
1304298512,residential,463.87,19,306.97
1304298532,commercial,914.08,14,575.05
1304376975,commercial,1831.94,14,1234.46
1304376976,residential,303.45,19,184.63
1304376978,residential,445.48,19,252.01
1304376979,residential,323.74,19,210.71
1304376980,residential,429.98,19,229.58
1304376981,residential,432.67,19,257.69
1304376982,residential,350.51,19,189.78
1304376985,residential,418.64,19,230.5
1304404084,residential,207.21,19,133.18
1304404085,residential,407.87,19,274.76
1304404188,residential,249.49,19,149.87
1304437001,residential,312.06,19,204.26
1304492136,residential,476.17,19,324.08
1304492143,commercial,1294.35,14,793.79
1304496312,commercial,1969.4,14,1021.53
1304783374,residential,461.85,19,321.9
1305038914,residential,254.13,19,131.04
1305182778,residential,322.54,19,220.44
1305182779,residential,216.55,19,138.43
1305182790,residential,225.73,19,150.38
1305182821,residential,223.12,19,126.39
1305182823,residential,399.94,19,226.23
1305182824,residential,434.49,19,281.39
1305182825,residential,365.15,19,230.84
1305202466,commercial,1195.22,14,768.84
1305202467,commercial,1880.69,14,1056.6
1305202479,residential,361.05,19,185.17
1305597972,residential,258.27,19,149.56
1305597979,commercial,815.78,14,428.44
1305606065,residential,318.1,19,191.42
1306481218,residential,420.19,19,280.3
1306481267,residential,302.61,19,202.93
1306491451,commercial,1294.76,14,651.24
1306532588,residential,379.27,19,247.44
1306593433,residential,387.82,19,194.94
1306597891,residential,219.29,19,118.54
1306881217,residential,479.45,19,300.97
1306885153,commercial,1334.27,14,713.37
1306891848,commercial,932.92,14,515.38
1306908267,residential,257.07,19,134.45
1306908270,residential,480.57,19,313.45
1306908271,residential,413.1,19,227.13
1306908277,residential,325.59,19,186.47
1306908278,residential,233.89,19,157.36
1306908303,residential,217.02,19,140.94
1306908304,residential,224.32,19,112.49
1306908321,residential,406.16,19,282.28
1306908322,residential,242.66,19,150.59
1307054861,residential,311.53,19,156.65
1307058099,residential,205.47,19,117.96
1307058105,residential,467.36,19,260.57
1307058109,residential,458.63,19,310.5
1307177956,residential,360.05,19,246.72
1307177974,residential,267.56,19,149.84
1307178088,commercial,1315.71,14,663.57
1307178089,commercial,832.03,14,424.81
1307192643,residential,306.54,19,190.79
1307192648,residential,477.57,19,250.51
1307192673,residential,453.1,19,290.92
1307192729,commercial,1140.42,14,749.33
1307192848,residential,429.73,19,268.43
1307199161,residential,311.79,19,194.44
1307199171,residential,450.65,19,277.52
1307207421,residential,493.17,19,278.95
1307207438,residential,241.18,19,156.65
1307259507,residential,480.49,19,291.74
1307259528,residential,262.86,19,143.63
1307275233,residential,433.72,19,267.37
1307275234,residential,240.16,19,143.4
1307275235,residential,404.35,19,244.43
1307397828,residential,471.91,19,254.09
1307397830,residential,339.5,19,233.32
1307397831,commercial,1555.74,14,1067.51
1307397835,commercial,1075.73,14,610.99
1307397836,commercial,1650.84,14,930.25
1307397837,residential,370.24,19,235.33
1307397838,residential,334.25,19,169.14
1307397846,residential,476.82,19,247.78
1307412123,residential,396.31,19,216.59
1307470609,residential,424.07,19,238.74
1307519708,residential,249.4,19,129.74
1307534761,residential,299.43,19,158.37
1307534762,commercial,1734.26,14,911.85
1307656617,residential,386.46,19,229.6
1307656618,residential,409.57,19,210.8
1307656620,residential,415.37,19,263.79
1307656621,residential,400.45,19,223.51
1307656622,residential,448.0,19,246.91
1307896612,commercial,1073.23,14,554.26
1307896613,residential,485.1,19,321.64
1307896616,commercial,815.83,14,492.32
1307896617,commercial,1232.13,14,726.24
1307896620,commercial,1114.83,14,636.98
1307896621,commercial,1118.91,14,611.74
1307896622,commercial,1018.31,14,606.11
1307896623,commercial,1136.52,14,643.18
1307896624,commercial,1914.0,14,1182.77
1307896625,residential,465.38,19,242.82
1307896626,commercial,1209.23,14,795.52
1307944846,residential,254.73,19,157.12
1307953567,commercial,1391.78,14,785.81
1307953568,commercial,981.88,14,682.19
1307953569,residential,425.6,19,290.21
1307991990,residential,337.29,19,210.01
1308093197,residential,256.68,19,144.84
1308093234,residential,418.89,19,288.27
1308108337,residential,498.34,19,320.49
1308108342,residential,216.95,19,123.82
1308108344,residential,338.48,19,182.0
1308108345,residential,364.39,19,189.43
1308264655,residential,335.15,19,193.22
1308264658,residential,414.89,19,259.58
1308264664,residential,397.47,19,227.24
1308264665,residential,487.63,19,290.68
1308361843,residential,283.95,19,183.59
1308403492,commercial,1922.8,14,1308.43
1308403500,commercial,1148.94,14,681.65
1308463753,residential,210.44,19,144.44
1308463760,residential,361.75,19,244.93
1308463761,residential,445.16,19,292.22
1308463764,residential,279.71,19,193.58
1308476313,commercial,1682.39,14,846.99
1308476314,residential,408.41,19,211.88
1308476317,residential,222.6,19,130.97
1308483333,residential,420.74,19,217.65
1308621811,residential,264.24,19,148.05
1308621814,residential,299.25,19,159.08
1308628998,commercial,1338.66,14,677.17
1308629009,commercial,1589.37,14,847.07
1308629010,commercial,1294.03,14,669.55
1308632312,residential,296.16,19,149.79
1308636549,residential,446.12,19,299.32
1308637362,residential,209.51,19,109.15
1308640170,commercial,1959.97,14,1316.39
1308640174,commercial,1350.88,14,700.08
1308641269,residential,435.97,19,222.36
1308725873,commercial,892.42,14,622.04
1308728831,commercial,966.9,14,569.76
1308728833,residential,371.97,19,194.89
1308728834,commercial,1835.72,14,1281.52
1308728836,commercial,1502.06,14,926.76
1308728838,commercial,947.15,14,545.64
1308740522,residential,235.11,19,135.8
1308740524,residential,490.94,19,327.05
1308843404,residential,313.07,19,173.66
1309521111,commercial,1956.9,14,1007.63
1309832740,commercial,1844.83,14,1136.63
1309832741,residential,400.17,19,212.07
1310009399,residential,213.04,19,131.19
1310009435,residential,418.1,19,259.41
1310009515,residential,426.23,19,235.39
1310561074,residential,343.09,19,174.78
1310561075,commercial,1965.53,14,1075.72
1310561076,residential,373.64,19,202.44
1310561077,commercial,1074.69,14,716.42
1310561078,residential,210.78,19,134.92
1310561079,residential,200.83,19,117.24
1310613066,residential,240.22,19,155.69
1310613067,residential,308.6,19,168.52
1310613068,residential,223.62,19,124.19
1310613069,residential,318.0,19,215.48
1310874445,residential,428.87,19,244.64
1310982634,residential,457.09,19,315.77
1310982635,residential,389.35,19,252.45
1310982643,residential,216.98,19,129.13
1310982663,residential,364.42,19,212.06
1310982665,residential,393.4,19,252.47
1310982673,residential,264.9,19,173.61
1310982751,residential,260.77,19,172.72
1310982752,residential,337.63,19,193.74
1311064532,commercial,1491.85,14,942.54
1311064533,commercial,970.72,14,535.05
1311161162,residential,200.44,19,127.4
1311251807,commercial,849.82,14,557.92
1311251815,residential,424.42,19,268.5
1311251846,commercial,1015.52,14,626.02
1311251847,commercial,1921.8,14,1251.38
1311425952,residential,494.0,19,314.95
1311425954,residential,331.04,19,197.23
1311425960,commercial,1180.64,14,683.26
1311433876,residential,213.04,19,109.48
1311554392,residential,209.48,19,121.2
1311554395,residential,351.28,19,194.19
1311756247,residential,379.46,19,210.75
1311917053,residential,239.21,19,139.59
1311917065,residential,301.99,19,160.42
1311917069,residential,250.71,19,163.76
1311917076,residential,496.29,19,331.05
1311917087,residential,356.74,19,200.9
1311917089,residential,208.24,19,137.1
1311917090,residential,334.24,19,183.76
1311917092,residential,439.15,19,252.34
1312137371,residential,327.6,19,220.05
1312350863,residential,357.8,19,199.35
1312433818,commercial,1165.49,14,588.36
1312557083,residential,445.6,19,282.72
1312557116,residential,288.44,19,171.04
1312557117,residential,483.62,19,267.54
1312557132,commercial,1648.4,14,891.93
1312557141,residential,463.9,19,305.36
1312559579,residential,475.22,19,270.72
1312559580,residential,317.76,19,181.45
1312559581,residential,211.08,19,128.5
1312559582,residential,254.41,19,166.82
1312559583,residential,448.63,19,246.81
1312559584,residential,203.13,19,102.93
1312559585,residential,477.12,19,294.94
1312559586,residential,208.73,19,145.77
1312559587,residential,391.51,19,224.4
1312559588,residential,312.68,19,208.98
1312559590,commercial,1408.4,14,973.03
1312559591,residential,302.12,19,190.98
1312559592,commercial,1823.31,14,1126.62
1312727449,commercial,1002.92,14,646.36
1312729956,residential,225.55,19,129.36
1312776228,residential,300.31,19,206.2
1312776232,residential,364.41,19,226.7
1312776234,residential,452.83,19,263.65
1312776235,residential,292.1,19,188.09
1312806176,residential,449.26,19,239.63
1312806177,residential,416.98,19,243.89
1312836396,residential,237.19,19,134.81
1312837899,residential,259.01,19,136.88
1312838009,residential,448.62,19,273.99
1312843790,residential,412.41,19,255.97
1312849580,residential,280.71,19,149.75
1312946253,residential,309.94,19,173.99
1313070081,commercial,1313.89,14,665.84
1313073840,residential,292.76,19,179.38
1313082137,commercial,1301.84,14,667.33
1313082138,residential,280.84,19,184.25
1313410393,residential,374.92,19,219.82
1313410396,residential,208.06,19,120.14
1313410397,residential,383.99,19,194.4
1313410398,residential,274.43,19,145.29
1313410399,residential,471.52,19,264.68
1313410400,residential,405.76,19,223.52
1313410401,residential,360.91,19,187.59
1313410402,residential,360.86,19,200.31
1313478615,residential,475.99,19,288.84
1313478619,residential,297.97,19,166.13
1313808115,commercial,1247.57,14,685.28
1313808117,commercial,1830.23,14,1175.14
1313808118,commercial,1430.25,14,999.64
1313808119,commercial,1731.86,14,1028.26
1314102998,residential,401.28,19,274.64
1314826758,residential,479.36,19,316.38
1314848925,residential,490.17,19,343.01
1314848932,residential,327.49,19,214.93
1314848933,residential,481.21,19,289.98
1314848934,residential,395.07,19,253.58
1314848935,residential,360.88,19,218.86
1314848943,commercial,934.84,14,603.11
1314853569,residential,328.98,19,217.76
1314853572,residential,215.6,19,135.53
1314853575,residential,234.14,19,133.07
1314853576,residential,239.46,19,125.63
1314853577,residential,270.62,19,184.3
1314991480,residential,458.13,19,260.89
1314991484,residential,406.12,19,247.45
1314991494,residential,461.37,19,291.3
1314991495,commercial,1372.88,14,925.17
1314991498,commercial,1806.55,14,913.88
1315006882,residential,474.04,19,317.08
1315006886,residential,339.93,19,219.78
1315006887,residential,341.43,19,200.25
1315006888,residential,394.81,19,257.97
1315006889,residential,472.0,19,255.77
1315006890,residential,427.21,19,238.3
1315006891,residential,430.52,19,238.68
1315006892,residential,440.63,19,225.55
1315006893,residential,277.88,19,169.88
1315009542,residential,327.7,19,218.55
1315238763,residential,381.92,19,210.41
1315238764,residential,244.28,19,133.56
1315256093,residential,377.45,19,237.97
1315256095,residential,221.22,19,145.67
1315256096,residential,425.91,19,266.89
1315540423,commercial,1649.06,14,1031.37
1315541070,residential,284.56,19,181.17
1315541471,commercial,1837.6,14,1067.01
1315643000,residential,488.16,19,250.79
1315658039,residential,460.42,19,308.0
1315658043,residential,258.96,19,164.15
1315659135,residential,337.03,19,233.95
1315659136,residential,294.48,19,171.79
1315659146,residential,363.83,19,202.36
1315690222,residential,450.1,19,293.28
1315690223,residential,382.82,19,252.26
1315690224,residential,478.44,19,313.38
1315690295,residential,211.05,19,109.22
1315690296,residential,466.98,19,316.97
1315690297,residential,407.14,19,255.86
1315690363,residential,375.32,19,249.54
1315690388,residential,231.98,19,136.45
1315690421,residential,264.59,19,153.76
1315690422,residential,258.23,19,168.3
1315690423,residential,482.93,19,270.97
1315690448,residential,459.27,19,284.04
1315690449,residential,456.26,19,299.04
1315690450,residential,420.82,19,220.28
1315708828,residential,201.27,19,130.41
1315708830,residential,280.85,19,186.92
1315708839,residential,479.44,19,279.75
1315708850,residential,282.73,19,169.18
1315708856,residential,472.12,19,312.47
1315708857,residential,368.64,19,190.34
1315708858,residential,414.28,19,265.83
1315708859,residential,459.02,19,300.15
1315908906,residential,200.73,19,113.64
1315908932,residential,497.07,19,297.2
1315908938,residential,348.06,19,232.45
1315908939,residential,419.05,19,276.57
1315908940,residential,336.29,19,193.84
1315908997,residential,487.37,19,333.83
1315908998,residential,347.27,19,233.99
1315908999,residential,383.17,19,194.7
1315909000,residential,481.39,19,275.43
1315909001,residential,204.43,19,133.23
1315909002,residential,458.07,19,263.02
1315909003,residential,422.55,19,289.42
1315909032,residential,244.55,19,138.65
1315909033,residential,438.06,19,228.0
1315909034,residential,300.88,19,181.49
1315909035,residential,490.06,19,324.01
1315909036,residential,274.96,19,168.42
1315915500,commercial,1097.63,14,562.36
1315915501,residential,209.24,19,106.98
1315915502,residential,363.91,19,208.32
1316080660,residential,320.42,19,195.89
1316080661,residential,354.6,19,193.13
1316080685,residential,372.53,19,244.26
1316080686,residential,279.59,19,158.7
1316080687,residential,409.84,19,274.66
1316080710,residential,257.78,19,157.54
1316080786,residential,253.88,19,156.28
1316080787,residential,388.29,19,200.46
1316080788,residential,322.25,19,204.45
1316080789,residential,398.03,19,237.81
1316084148,residential,453.45,19,257.73
1316084149,commercial,1582.83,14,811.17
1316084176,residential,381.55,19,203.69
1316084180,residential,334.52,19,178.41
1316084193,residential,283.57,19,169.13
1316084194,residential,432.09,19,287.84
1316084195,residential,427.44,19,270.3
1316119412,commercial,1205.8,14,784.21
1316119413,commercial,1268.83,14,821.36
1316119414,residential,484.91,19,288.32
1316119415,residential,426.48,19,232.18
1316119416,residential,248.4,19,149.87
1316119417,residential,295.53,19,190.96
1316119418,residential,418.9,19,292.52
1316119567,residential,209.84,19,106.35
1316119570,residential,236.37,19,163.8
1316384450,residential,264.75,19,173.33
1316384451,residential,339.8,19,216.07
1316384452,residential,414.81,19,235.35
1316384453,residential,254.47,19,150.03
1316384580,residential,340.27,19,221.24
1316384588,residential,401.15,19,261.56
1316664768,residential,373.19,19,206.4
1316664769,residential,317.97,19,184.33
1317621995,commercial,857.75,14,449.9
1318030219,residential,427.56,19,223.51
1318032789,residential,296.21,19,177.79
1318181940,residential,481.94,19,291.86
1318181941,residential,233.72,19,120.99
1318340151,commercial,1078.51,14,698.67
1318458854,residential,409.19,19,267.99
1318464914,residential,298.95,19,160.55
1318475867,residential,380.53,19,218.51
1318475874,residential,397.33,19,226.92
1318586919,residential,465.11,19,248.56
1319230404,residential,438.66,19,254.53
1319284246,residential,418.34,19,276.17
1319284262,residential,323.69,19,186.49
1319284263,residential,310.48,19,183.91
1319284264,residential,481.78,19,253.62
1319576361,residential,232.77,19,152.39
1319576362,residential,313.07,19,158.93
1319576363,residential,326.87,19,181.15
1319576364,residential,364.4,19,219.22
1319576365,residential,457.23,19,301.32
1319576375,residential,359.06,19,215.96
1319799992,residential,377.61,19,231.32
1320013843,residential,436.12,19,298.34
1320013871,residential,450.19,19,241.58
1320013874,residential,313.39,19,197.44
1320013878,residential,484.42,19,323.27
1320013880,residential,426.4,19,221.2
1320013888,residential,425.11,19,278.23
1320013889,residential,408.17,19,220.38
1320013895,residential,374.11,19,235.47
1320013897,residential,489.2,19,274.88
1320013906,residential,494.68,19,298.49
1320017856,residential,365.14,19,205.52
1320017858,residential,404.62,19,271.31
1320017885,residential,263.7,19,137.83
1320017914,residential,387.03,19,211.34
1320225539,residential,345.37,19,212.98
1320225545,residential,336.14,19,181.12
1323345394,residential,271.58,19,189.38
1323349182,residential,406.37,19,251.07
1324290802,residential,436.65,19,285.38
1324664368,residential,347.91,19,218.22
1324924824,residential,328.2,19,201.3
1324924937,residential,367.28,19,189.38
1324940166,residential,254.97,19,175.75
1326072949,residential,211.5,19,135.47
1327276860,residential,430.51,19,261.76
1327448879,residential,494.68,19,313.34
1327760561,residential,274.05,19,144.13
1327760562,residential,471.63,19,281.84
1327760563,residential,345.87,19,227.98
1327760564,residential,214.43,19,128.93
1327760573,residential,344.67,19,209.07
1328129620,residential,349.63,19,224.36
1328129624,residential,229.25,19,154.42
1328147350,residential,358.19,19,181.95
1328289114,residential,423.29,19,226.7
1328289211,residential,208.0,19,105.68
1328289212,residential,227.87,19,117.4
1328291266,residential,483.05,19,272.74
1328311554,residential,203.14,19,134.42
1328311562,residential,486.25,19,302.73
1328311581,residential,463.0,19,308.2
1328411036,residential,276.31,19,178.94
1328411043,residential,302.2,19,172.65
1328528958,residential,373.58,19,220.53
1328835795,residential,285.83,19,148.47
1328835806,residential,248.13,19,148.04
1328835807,residential,361.7,19,191.76
1328835814,residential,417.78,19,243.15
1328835815,residential,311.13,19,156.34
1328835823,residential,208.4,19,104.3
1328835824,residential,287.87,19,191.54
1328835825,residential,284.03,19,164.82
1328835826,residential,216.96,19,134.76
1328835859,residential,448.78,19,269.38
1328835874,residential,245.16,19,135.77
1328835904,residential,348.45,19,195.76
1328835931,residential,259.63,19,138.43
1329403273,residential,430.68,19,300.88
1329529353,residential,255.39,19,162.06
1329529357,residential,460.69,19,258.44
1329553247,residential,222.02,19,145.25
1329553298,residential,229.74,19,128.3
1329553363,residential,400.45,19,242.34
1329877098,commercial,800.08,14,554.23
1329877107,residential,454.63,19,282.94
1329877108,residential,461.63,19,303.02
1330170435,residential,287.58,19,186.7
1330170441,residential,288.96,19,200.31
1330344685,commercial,1165.65,14,738.39
1330344726,residential,493.68,19,247.03
1330344727,residential,415.41,19,268.64
1330386973,residential,494.87,19,334.47
1330557620,commercial,1425.24,14,819.1
1330557621,commercial,1188.52,14,692.34
1330557654,residential,225.9,19,134.83
1330557658,residential,495.44,19,298.27
1330557659,residential,490.54,19,312.9
1330831109,residential,281.02,19,188.83
1332557309,residential,294.56,19,156.59
1332562795,residential,349.28,19,200.02
1332562819,residential,358.09,19,190.42
1332562820,residential,272.58,19,149.76
1332562821,residential,309.3,19,192.86
1332562822,residential,438.0,19,275.61
1332562823,residential,328.75,19,226.73
1332562824,residential,489.44,19,294.95
1332562825,residential,371.18,19,227.59
1332564981,commercial,947.19,14,542.16
1332565026,residential,492.92,19,333.81
1332565027,residential,411.62,19,250.01
1332565028,residential,235.8,19,144.62
1332565029,residential,377.41,19,241.73
1332565030,residential,439.25,19,259.15
1332565031,residential,435.06,19,280.73
1332565032,residential,316.81,19,208.52
1332565033,residential,491.5,19,333.82
1332565034,residential,236.84,19,153.26
1332565035,residential,432.36,19,238.39
1332565038,commercial,1039.88,14,599.12
1332565039,residential,364.23,19,191.13
1332565040,residential,402.52,19,230.17
1332566187,residential,251.72,19,170.6
1332566231,residential,482.4,19,248.76
1332566232,residential,279.52,19,184.68
1332566233,residential,337.31,19,169.31
1332566234,residential,281.32,19,169.0
1332566258,residential,230.93,19,133.95
1332566259,residential,227.82,19,124.46
1332566260,residential,395.63,19,248.19
1332566261,residential,218.84,19,124.34
1332566262,residential,385.49,19,240.87
1332566271,commercial,1200.24,14,802.76
1332566272,commercial,1822.91,14,913.65
1332566273,commercial,1000.59,14,599.85
1332566274,commercial,1274.19,14,695.72
1332566275,commercial,970.32,14,666.95
1332566276,commercial,1207.87,14,819.3
1332566282,commercial,1357.35,14,846.62
1332601589,residential,497.14,19,285.42
1332601630,residential,408.29,19,233.39
1332601631,residential,403.65,19,221.5
1332601646,residential,337.4,19,217.01
1332601666,residential,404.11,19,236.35
1332601667,residential,355.98,19,179.73
1332601668,residential,446.01,19,224.96
1332601669,residential,435.13,19,240.69
1332601671,residential,273.86,19,177.48
1332632395,residential,279.76,19,189.87
1332633868,residential,262.36,19,146.58
1332634050,residential,452.22,19,245.41
1332757476,commercial,1115.3,14,641.51
1332757506,residential,356.11,19,201.07
1332757507,residential,232.98,19,122.16
1332757508,residential,371.1,19,233.51
1332763891,residential,381.55,19,238.15
1332763892,residential,452.76,19,294.86
1332763893,residential,489.01,19,337.22
1332763898,residential,291.6,19,161.94
1332763899,residential,440.24,19,306.2
1332825881,residential,236.31,19,126.23
1332825882,residential,435.05,19,229.14
1332825901,residential,414.9,19,285.2
1332825904,residential,423.93,19,266.67
1332825905,residential,435.41,19,224.05
1332825951,residential,328.88,19,208.61
1332825952,residential,230.06,19,121.75
1332825953,residential,344.06,19,198.37
1332825954,residential,365.65,19,219.93
1332851230,residential,316.38,19,179.81
1332851254,residential,344.43,19,214.13
1332851255,residential,363.43,19,211.15
1332851256,residential,276.03,19,140.54
1332851257,residential,284.39,19,153.15
1332851273,residential,284.05,19,170.29
1332851274,residential,220.45,19,126.76
1332851284,residential,492.89,19,280.63
1332851285,residential,451.91,19,266.06
1332851398,residential,266.44,19,139.61
1332851414,residential,240.34,19,139.68
1332851415,residential,409.51,19,231.93
1332851416,residential,351.33,19,176.27
1332870214,residential,276.53,19,173.23
1333112393,residential,240.47,19,131.29
1333114381,residential,320.42,19,185.12
1333114388,residential,450.37,19,234.28
1333114389,residential,259.1,19,169.56
1333114390,residential,285.71,19,175.34
1333247545,residential,389.75,19,202.89
1333247682,residential,397.13,19,275.4
1333427587,residential,416.07,19,258.05
1334165099,residential,429.35,19,214.86
1334961546,commercial,974.46,14,520.14
1334961549,commercial,988.45,14,535.98
1335039534,residential,292.86,19,181.12
1335039535,residential,465.15,19,277.49
1335039536,residential,373.63,19,202.77
1335039543,residential,424.8,19,250.91
1335039544,residential,499.99,19,315.51
1335039545,residential,233.26,19,139.07
1335373260,residential,488.03,19,340.79
1335379056,residential,281.89,19,188.36
1335852880,residential,205.86,19,135.56
1335852901,residential,276.81,19,193.47
1335856138,residential,327.4,19,203.03
1335856160,residential,221.48,19,128.1
1336521828,residential,251.1,19,146.24
1336521834,residential,464.82,19,273.53
1336521840,residential,261.22,19,149.32
1336521842,residential,358.74,19,242.98
1336521843,residential,399.66,19,274.11
1336695984,residential,326.38,19,220.87
1336696021,residential,469.17,19,237.31
1336696022,residential,443.43,19,299.18
1336696129,residential,329.36,19,222.32
1336696130,commercial,858.01,14,566.13
1336696143,residential,240.39,19,163.1
1336696154,residential,243.47,19,128.05
1336696169,residential,356.89,19,197.61
1336696170,residential,288.56,19,154.38
1336696171,residential,238.03,19,123.15
1336696172,residential,482.05,19,324.02
1336696173,commercial,1416.67,14,885.09
1336696188,residential,252.45,19,153.48
1336744114,residential,496.22,19,266.04
1337111953,residential,304.95,19,183.04
1337117674,residential,360.33,19,247.06
1337117682,commercial,1748.87,14,930.81
1337117759,residential,280.28,19,191.84
1337117770,residential,455.74,19,308.99
1337117771,residential,314.47,19,174.63
1337117785,commercial,1841.21,14,1166.02
1337306137,residential,218.19,19,118.09
1337306138,residential,303.73,19,188.17
1337306139,residential,353.28,19,230.89
1337309972,commercial,1852.48,14,1146.11
1337323826,residential,374.08,19,249.47
1337330205,residential,433.14,19,274.68
1337330207,residential,451.8,19,302.74
1337330208,residential,453.38,19,314.01
1337330209,residential,466.68,19,262.85
1337330210,residential,204.34,19,121.84
1337360108,residential,312.99,19,187.67
1337360109,residential,474.54,19,318.48
1337360162,residential,447.6,19,297.92
1337361069,residential,245.1,19,138.4
1337361071,residential,484.54,19,259.46
1337428752,residential,288.59,19,159.9
1337428753,residential,439.23,19,236.7
1337428769,residential,483.55,19,270.1
1337428771,residential,206.81,19,131.55
1337428777,residential,450.11,19,277.4
1337428793,residential,283.55,19,172.44
1337428804,residential,429.65,19,236.53
1337668988,residential,359.53,19,218.88
1337668989,residential,335.2,19,182.57
1337668990,residential,431.91,19,248.36
1337668991,residential,251.65,19,154.93
1337668992,residential,369.81,19,216.99
1337669027,residential,296.33,19,206.34
1337731268,residential,472.92,19,275.84
1337731269,residential,371.24,19,226.77
1337856470,residential,227.97,19,135.92
1337856491,residential,227.23,19,145.89
1337856492,residential,408.06,19,271.24
1337864531,residential,430.81,19,301.53
1337864551,residential,232.96,19,131.55
1337864580,residential,371.35,19,218.66
1337864581,residential,305.73,19,183.67
1337917262,residential,475.16,19,321.85
1337955523,residential,481.11,19,282.31
1337955533,residential,318.92,19,165.3
1337955546,residential,258.44,19,155.73
1337955570,residential,220.47,19,115.84
1338317794,residential,411.86,19,275.24
1338317795,residential,275.6,19,141.08
1338317796,residential,255.65,19,132.91
1338317797,residential,279.62,19,193.19
1338317798,residential,271.74,19,173.61
1338317802,residential,333.42,19,194.93
1338317803,residential,221.48,19,116.23
1338317804,residential,421.24,19,227.64
1338317805,residential,335.84,19,205.12
1338317807,residential,401.28,19,262.4
1338317808,residential,386.01,19,201.72
1338317810,residential,378.28,19,193.38
1338317811,residential,285.83,19,152.01
1338317812,residential,237.25,19,160.6
1338317813,residential,280.5,19,190.69
1338317814,residential,368.38,19,212.34
1338317815,residential,355.19,19,229.77
1338319807,residential,357.85,19,202.18
1338319809,residential,320.55,19,169.67
1338326418,residential,272.63,19,163.23
1338334916,residential,314.32,19,167.11
1339226756,residential,330.79,19,179.49
1339264346,commercial,1722.41,14,975.24
1339841069,residential,249.05,19,165.01
1341166392,residential,477.63,19,330.93
1342034448,residential,444.16,19,306.93
1342034459,residential,269.25,19,137.63
1342034526,commercial,911.68,14,593.21
1342034535,residential,486.86,19,244.94
1342034536,residential,425.92,19,278.59
1342034581,residential,342.78,19,234.38
1342034616,residential,361.63,19,183.25
1342034617,residential,456.05,19,275.84
1342054408,residential,453.11,19,239.63
1342054463,commercial,1562.19,14,951.56
1342054483,commercial,882.51,14,506.91
1342054516,residential,474.05,19,282.43
1342054561,residential,232.34,19,121.63
1342054562,residential,355.25,19,231.87
1342083427,residential,322.28,19,188.69
1342083428,residential,322.57,19,178.54
1342083429,residential,310.87,19,170.4
1342091639,commercial,989.78,14,601.48
1342091640,commercial,1592.63,14,869.05
1342592932,commercial,1038.41,14,575.1
1342592933,residential,461.83,19,274.89
1342592934,residential,342.7,19,200.8
1342592935,residential,203.98,19,131.93
1342592936,residential,268.73,19,135.68
1342592937,residential,354.15,19,234.78
1342592939,commercial,817.28,14,510.43
1342592945,residential,448.59,19,295.68
1342592946,commercial,1412.42,14,984.85
1342592947,commercial,985.76,14,670.12
1342592948,commercial,1618.32,14,950.9
1342592949,commercial,1545.49,14,1074.75
1342592950,commercial,1980.14,14,1033.22
1342592951,commercial,1700.13,14,902.05
1342592952,commercial,1485.37,14,1027.89
1342592953,commercial,1531.16,14,870.24
1342592954,commercial,1977.91,14,1333.74
1342592955,commercial,1140.87,14,743.88
1342592956,commercial,1577.19,14,1061.6
1342592957,commercial,1430.44,14,793.11
1342592958,commercial,998.56,14,562.76
1342633544,residential,214.06,19,140.02
1342633573,residential,276.19,19,176.62
1342633574,residential,391.44,19,223.86
1342633575,residential,489.18,19,341.09
1342633576,residential,464.66,19,307.63
1342633577,residential,256.9,19,144.98
1342633578,residential,212.42,19,144.08
1342953363,residential,499.15,19,314.08
1342953372,residential,300.59,19,177.83
1342953373,residential,376.79,19,258.46
1342953379,residential,441.3,19,222.83
1342956766,residential,221.78,19,120.52
1342956767,residential,420.68,19,278.87
1342956768,residential,281.02,19,190.4
1342956769,residential,366.54,19,215.37
1342976489,residential,426.12,19,222.49
1342976492,commercial,1204.77,14,825.53
1342976493,commercial,1253.86,14,844.94
1342976494,commercial,939.43,14,573.51
1342976495,residential,285.92,19,179.26
1342976510,residential,218.37,19,111.12
1342976511,residential,491.62,19,254.72
1343018990,commercial,1461.73,14,872.81
1343018991,commercial,1319.58,14,893.81
1343298848,residential,323.16,19,164.96
1343298849,residential,223.08,19,114.88
1343404340,residential,301.89,19,187.41
1343404377,commercial,1450.02,14,972.67
1343404405,commercial,1027.23,14,551.17
1343404407,commercial,1793.66,14,1006.19
1343404411,commercial,890.69,14,567.07
1343404414,commercial,844.91,14,436.09
1343497941,residential,403.1,19,218.68
1343634837,residential,479.71,19,283.52
1343672540,residential,341.14,19,235.9
1343672541,residential,454.62,19,269.19
1343672610,residential,227.62,19,143.5
1343672611,residential,445.85,19,266.92
1343672612,residential,402.84,19,236.64
1343672628,commercial,1314.55,14,751.81
1343672644,residential,494.58,19,314.7
1343674322,commercial,1631.42,14,981.71
1343674342,residential,231.82,19,120.46
1343674343,residential,475.26,19,312.37
1343677903,commercial,1745.61,14,1161.2
1343694303,residential,448.97,19,284.48
1343694336,residential,370.98,19,203.51
1343694358,residential,297.78,19,169.49
1343694375,residential,236.26,19,154.12
1343694377,commercial,1189.88,14,637.73
1343694378,residential,379.82,19,234.68
1343694379,residential,465.09,19,238.13
1343694380,residential,390.88,19,233.68
1343694381,residential,481.08,19,329.12
1343694382,residential,288.27,19,162.62
1343694428,residential,210.68,19,128.37
1343740700,residential,389.4,19,233.21
1343740730,residential,451.71,19,245.9
1343740758,residential,280.94,19,160.24
1343740782,residential,458.0,19,238.19
1343740834,residential,347.97,19,216.56
1343740871,residential,444.0,19,252.62
1343740873,residential,296.16,19,166.1
1343740913,residential,345.89,19,196.26
1343740914,residential,455.17,19,294.99
1343761947,residential,465.03,19,253.29
1343761960,commercial,1858.28,14,944.8
1343761999,residential,310.95,19,180.56
1343762000,residential,403.87,19,280.31
1343762001,residential,347.98,19,220.59
1343762088,residential,440.56,19,293.94
1343762089,residential,444.72,19,230.31
1343762090,residential,256.0,19,161.47
1343762115,commercial,1332.01,14,720.86
1343976979,residential,270.38,19,153.19
1343976998,residential,470.32,19,282.12
1343977019,residential,371.02,19,253.14
1343977034,residential,387.03,19,237.39
1343977047,residential,395.07,19,213.85
1343977082,residential,206.89,19,134.04
1343977091,residential,431.48,19,252.09
1343977108,residential,380.2,19,209.89
1343977135,residential,236.83,19,145.43
1343977165,residential,417.56,19,253.4
1343977191,residential,363.02,19,185.09
1343977192,residential,262.64,19,144.12
1343977193,residential,363.49,19,194.86
1344042800,residential,396.23,19,244.07
1344042818,residential,269.23,19,159.58
1344042833,residential,246.21,19,127.32
1344042834,residential,275.34,19,165.42
1344042835,residential,366.78,19,249.51
1344042854,residential,200.27,19,109.84
1344042872,residential,476.68,19,289.06
1344042890,residential,423.12,19,227.9
1344042891,residential,228.39,19,141.32
1344278077,residential,229.73,19,141.24
1344278101,residential,328.12,19,199.51
1344278111,residential,459.59,19,298.36
1344278133,residential,247.65,19,154.32
1344278210,residential,306.49,19,156.11
1344278238,residential,433.67,19,292.58
1344278255,residential,244.82,19,142.92
1344278285,residential,282.0,19,188.59
1344278319,residential,269.6,19,165.67
1344278363,residential,421.97,19,229.52
1344278388,residential,257.75,19,128.88
1344278437,residential,402.46,19,248.66
1344278438,residential,426.64,19,272.7
1344569673,residential,280.49,19,160.7
1344569674,residential,226.58,19,154.67
1344569675,residential,330.41,19,174.24
1344569676,residential,498.13,19,306.17
1344569679,commercial,1882.87,14,1107.5
1344569681,residential,377.8,19,191.53
1344569682,residential,429.39,19,215.92
1344569683,residential,317.95,19,210.42
1344574757,residential,201.8,19,126.85
1344744169,residential,397.48,19,202.91
1344744170,residential,418.44,19,236.47
1344779667,commercial,1654.3,14,1010.25
1344779688,residential,317.02,19,205.28
1344779692,residential,305.39,19,185.78
1344779706,residential,221.25,19,142.69
1344779726,residential,298.49,19,206.04
1344779728,residential,387.79,19,245.5
1344779729,residential,373.34,19,257.11
1344779730,residential,488.79,19,265.5
1344809122,residential,462.11,19,256.05
1344809124,residential,204.26,19,123.96
1344809125,residential,335.61,19,197.95
1344809126,residential,387.74,19,196.7
1344809127,residential,331.6,19,169.64
1344809146,residential,292.31,19,165.5
1344809150,residential,299.35,19,196.8
1344812525,commercial,1409.57,14,817.0
1344932558,residential,439.29,19,237.38
1344968632,commercial,1178.69,14,774.03
1344973958,residential,381.01,19,220.85
1344974020,residential,298.07,19,163.18
1345406983,residential,371.79,19,195.09
1345406992,residential,325.92,19,193.53
1345637269,residential,351.83,19,191.09
1345637351,commercial,1296.55,14,670.15
1345637353,residential,292.27,19,179.94
1345637373,residential,343.68,19,239.42
1346107536,commercial,1375.72,14,814.78
1346107727,residential,363.51,19,203.37
1346107730,residential,358.74,19,229.3
1346107731,residential,489.19,19,282.14
1346107947,residential,350.34,19,234.17
1346107948,commercial,1697.31,14,1083.13
1346108046,residential,263.35,19,148.55
1346108047,residential,442.0,19,285.86
1346108050,residential,307.6,19,162.6
1346588032,residential,483.94,19,252.07
1346607829,residential,413.69,19,237.86
1346651704,residential,253.74,19,140.23
1346655595,residential,357.59,19,216.45
1346655596,residential,454.03,19,282.87
1346665171,residential,332.39,19,195.76
1346840917,residential,421.27,19,211.86
1346902322,residential,481.9,19,297.88
1346902340,residential,214.98,19,126.11
1346908286,residential,248.27,19,161.46
1346908293,residential,383.45,19,244.7
1346908294,residential,465.53,19,315.2
1346908295,commercial,1871.47,14,1224.27
1346908296,commercial,1318.36,14,812.8
1346908297,residential,366.58,19,229.04
1346908298,residential,208.9,19,128.15
1346908299,residential,387.7,19,257.06
1346908300,residential,354.52,19,180.33
1346908301,commercial,1640.93,14,1026.02
1346909990,residential,225.23,19,145.57
1346909993,residential,489.43,19,307.06
1346909995,residential,459.0,19,249.13
1346909996,residential,207.24,19,134.11
1347077885,residential,239.04,19,155.07
1347077886,commercial,1186.17,14,620.47
1347077887,residential,477.54,19,324.21
1347077888,commercial,1462.65,14,809.05
1347080730,residential,263.91,19,161.05
1347104363,commercial,1357.41,14,854.25
1347294336,residential,446.93,19,253.8
1347319067,residential,216.53,19,135.76
1347351939,residential,446.28,19,263.51
1347351987,residential,293.14,19,201.89
1347351997,residential,224.01,19,130.99
1347352017,residential,482.49,19,294.84
1347352035,residential,376.3,19,191.27
1347352085,residential,332.42,19,227.99
1347352086,residential,300.83,19,154.87
1347352090,residential,351.31,19,225.88
1347467941,commercial,1649.31,14,834.27
1347467942,commercial,1538.24,14,802.71
1347467982,residential,218.41,19,142.25
1347716559,residential,302.27,19,151.86
1347718938,residential,281.48,19,194.01
1347718943,residential,280.53,19,190.7
1347719879,residential,293.01,19,180.66
1347719896,residential,228.39,19,131.14
1347730429,residential,330.66,19,182.04
1347730441,residential,244.11,19,147.06
1347730471,residential,226.65,19,149.59
1347730472,residential,361.06,19,231.61
1347735144,residential,421.68,19,233.91
1347735191,residential,476.55,19,291.13
1347735192,residential,211.38,19,111.18
1347735196,residential,471.28,19,311.02
1347735211,residential,285.38,19,147.38
1347916194,residential,430.5,19,299.84
1347916195,residential,287.33,19,174.95
1348168063,residential,317.68,19,178.63
1348168069,residential,475.41,19,305.84
1348168080,residential,353.11,19,210.61
1348168084,residential,254.92,19,162.62
1348168085,residential,226.32,19,133.32
1348168090,residential,463.51,19,235.19
1348168092,residential,229.01,19,127.22
1348168107,residential,210.24,19,122.52
1348168108,residential,327.68,19,205.5
1348168114,residential,308.66,19,167.91
1348168119,residential,496.68,19,278.34
1348168120,residential,405.72,19,255.07
1348168121,residential,278.59,19,189.79
1348168126,commercial,1750.54,14,1068.78
1348168130,residential,349.67,19,205.08
1348168131,residential,469.12,19,266.67
1348168132,residential,308.75,19,190.92
1348168134,residential,205.73,19,134.41
1348168193,residential,274.94,19,140.81
1348168196,residential,268.87,19,136.92
1348184918,residential,215.93,19,123.06
1348184919,residential,236.63,19,127.89
1348184920,residential,361.04,19,202.01
1348184921,residential,276.66,19,144.58
1348184922,residential,497.68,19,251.9
1348184923,residential,318.53,19,182.05
1348184924,residential,428.4,19,284.74
1348184925,residential,233.57,19,151.56
1348184926,residential,364.61,19,199.54
1348184927,residential,460.68,19,322.3
1348184928,residential,231.7,19,128.0
1348184929,commercial,1515.44,14,999.77
1348184932,residential,383.62,19,251.97
1348184934,residential,386.08,19,195.31
1348184935,residential,393.45,19,264.11
1348184936,residential,380.09,19,207.46
1348184937,residential,433.55,19,242.8
1348184938,residential,236.49,19,133.48
1348184940,residential,215.77,19,115.08
1348184941,residential,469.53,19,241.31
1348457510,residential,442.12,19,229.69
1348457521,residential,219.35,19,129.07
1348457526,residential,378.49,19,206.61
1348650419,residential,319.89,19,166.23
1348688997,residential,247.91,19,144.13
1348692789,residential,323.3,19,193.99
1348692847,residential,305.37,19,206.23
1348696367,residential,364.48,19,219.57
1348696368,residential,401.93,19,247.39
1349149607,residential,400.16,19,273.12
1349149623,residential,205.78,19,108.58
1349194476,commercial,1729.79,14,1206.95
1349194483,residential,486.98,19,337.79
1349194500,residential,277.42,19,178.0
1349194511,residential,429.48,19,271.02
1349194515,commercial,910.28,14,593.83
1349194553,residential,308.06,19,179.53
1349755954,residential,351.06,19,225.71
1349910407,commercial,1467.64,14,793.25
1349910409,residential,395.79,19,275.19
1349910410,residential,453.37,19,309.09
1349913838,residential,340.66,19,178.61
1349913881,residential,311.49,19,197.77
1349913885,residential,478.04,19,319.0
1349913928,commercial,912.33,14,576.71
1349913951,residential,480.22,19,250.34
1349913963,residential,200.28,19,104.41
1349974769,residential,393.31,19,198.97
1349974780,residential,421.4,19,279.35
1349974800,residential,440.5,19,277.47
1349974867,residential,404.96,19,245.84
1349974873,residential,362.62,19,192.74
1349974885,commercial,1678.92,14,1003.51
1349974920,residential,220.78,19,137.22
1349974924,residential,297.98,19,152.53
1349974944,residential,369.4,19,238.67
1349974952,residential,405.06,19,260.72
1349977179,commercial,1560.7,14,892.23
1349977181,commercial,821.69,14,558.74
1349977193,commercial,1301.27,14,680.9
1350390249,commercial,1704.84,14,1160.27
1350390256,residential,415.98,19,279.42
1350390257,residential,378.66,19,199.36
1350390258,residential,414.06,19,212.08
1350390259,residential,467.82,19,275.1
1350390260,residential,439.77,19,250.15
1350390261,residential,462.33,19,265.5
1350390262,residential,462.88,19,314.92
1350409168,residential,226.58,19,126.93
1350409169,residential,360.24,19,182.38
1350409173,residential,339.63,19,202.07
1350409175,residential,222.66,19,152.1
1350409176,residential,495.84,19,323.9
1350600861,residential,299.55,19,185.57
1350892103,commercial,1652.54,14,1142.43
1350892104,commercial,1273.85,14,761.34
1350892116,commercial,1322.54,14,789.99
1350892128,commercial,1486.16,14,834.43
1350892144,residential,301.14,19,155.52
1350892150,commercial,1821.38,14,1151.74
1350892154,commercial,1839.25,14,1023.47
1350892216,commercial,1236.67,14,782.99
1350961357,residential,425.82,19,233.8
1350961358,commercial,979.61,14,500.65
1350961359,commercial,1008.51,14,575.27
1350961364,residential,367.2,19,210.76
1350961365,commercial,818.3,14,441.89
1350961372,commercial,1562.73,14,953.18
1350961373,commercial,1823.12,14,1028.09
1350961378,residential,328.12,19,188.8
1350961385,commercial,1146.88,14,689.32
1350961387,residential,368.74,19,190.77
1350961394,commercial,972.92,14,585.18
1350961397,residential,454.04,19,305.18
1350961405,commercial,993.35,14,621.88
1350961427,commercial,1232.19,14,646.97
1351244184,residential,374.02,19,225.0
1351755079,residential,442.87,19,283.83
1351758488,residential,219.42,19,132.2
1351758489,residential,433.71,19,229.14
1351758494,residential,406.58,19,278.71
1351758495,residential,308.1,19,210.92
1351758496,residential,476.05,19,312.6
1351989719,residential,296.11,19,195.19
1351989771,commercial,1696.36,14,850.98
1351989868,commercial,885.31,14,604.41
1351989870,residential,397.64,19,207.52
1351989874,residential,210.27,19,142.84
1352282798,residential,491.88,19,265.36
1352323160,residential,344.52,19,221.48
1352323161,residential,333.14,19,223.77
1352323162,residential,233.28,19,125.81
1352350875,residential,353.23,19,238.47
1352820663,residential,247.49,19,142.13
1353057320,residential,431.11,19,247.14
1353057321,residential,401.36,19,224.06
1353147567,residential,436.71,19,285.48
1353195971,commercial,1310.85,14,723.33
1353195972,commercial,861.97,14,599.43
1353405523,commercial,1489.28,14,987.63
1353405538,commercial,1444.31,14,953.07
1353405539,commercial,1101.29,14,598.16
1353425202,residential,451.4,19,309.92
1353593037,residential,476.44,19,305.41
1353595902,residential,472.77,19,324.41
1353666172,residential,300.47,19,186.97
1353687266,residential,307.8,19,158.76
1353687267,residential,354.99,19,239.59
1353687268,residential,426.73,19,264.63
1353687269,residential,453.64,19,257.21
1353687270,residential,279.7,19,164.21
1353687271,residential,451.69,19,295.62
1353687272,residential,205.57,19,135.25
1353687276,residential,476.32,19,248.51
1353687277,residential,288.32,19,162.16
1354098089,residential,227.29,19,154.65
1354138782,residential,475.84,19,304.15
1354138783,commercial,1960.57,14,1341.27
1354211494,commercial,874.8,14,491.26
1354218970,residential,328.42,19,195.47
1354218972,residential,420.25,19,239.74
1354224286,commercial,1965.44,14,1157.02
1354224287,commercial,961.07,14,522.35
1354228113,commercial,894.13,14,625.81
1354228614,commercial,1899.97,14,1026.45
1354229628,commercial,840.34,14,508.01
1354597957,residential,247.15,19,125.19
1354858901,residential,375.86,19,195.63
1354858902,residential,329.78,19,203.41
1354858903,commercial,920.44,14,472.66
1354858904,residential,454.71,19,315.18
1354858905,residential,369.35,19,244.04
1354858906,residential,206.94,19,141.03
1354858907,residential,441.49,19,296.46
1354858908,residential,489.78,19,255.28
1354864884,residential,422.64,19,244.4
1354877227,commercial,1025.67,14,671.23
1355301437,residential,238.78,19,139.71
1355955902,residential,412.05,19,239.93
1355958859,residential,440.79,19,252.9
1356575404,residential,347.38,19,240.55
1356594050,commercial,1968.72,14,1190.89
1356594051,residential,397.42,19,248.63
1356594062,residential,448.91,19,297.16
1356597059,residential,305.73,19,193.12
1356597060,residential,203.5,19,141.63
1356597072,residential,311.26,19,191.99
1356597081,residential,286.42,19,168.34
1356597105,residential,420.57,19,257.29
1356597106,residential,223.93,19,149.28
1356597112,residential,223.99,19,127.14
1356597119,residential,408.64,19,223.08
1356597134,commercial,1281.84,14,842.86
1356599442,residential,397.58,19,207.68
1356599443,residential,220.81,19,118.34
1356599444,residential,208.6,19,109.4
1356599445,residential,499.25,19,283.33
1356602183,residential,398.95,19,265.93
1356603105,residential,386.65,19,248.66
1356603106,residential,289.14,19,180.47
1356603108,commercial,1472.33,14,950.51
1357194962,residential,434.15,19,272.12
1357701141,commercial,1748.06,14,935.89
1359580721,residential,236.36,19,125.54
1359580722,residential,251.41,19,134.09
1359580723,residential,225.72,19,115.92
1359580724,residential,472.14,19,321.04
1359580725,residential,265.64,19,179.03
1359580726,residential,233.08,19,154.17
1359580727,residential,402.69,19,218.32
1359580728,residential,405.52,19,232.12
1359580729,residential,272.82,19,186.55
1359580737,residential,261.21,19,142.21
1359580738,residential,337.92,19,183.76
1359580746,commercial,1561.46,14,831.96
1359581575,commercial,1351.88,14,717.49
1360499573,commercial,1441.91,14,851.27
1360499574,residential,389.08,19,211.24
1360499575,residential,258.96,19,175.85
1360810562,commercial,997.71,14,503.29
1360924203,residential,350.45,19,188.17
1360924208,residential,447.91,19,226.8
1360924211,residential,357.44,19,196.58
1361493526,residential,438.01,19,288.42
1361493527,commercial,1766.76,14,1183.7
1361493530,commercial,863.25,14,569.56
1361493535,commercial,1302.64,14,714.1
1361493553,residential,388.85,19,252.06
1361493555,commercial,1044.2,14,541.53
1361893656,residential,397.43,19,245.83
1361893658,commercial,1318.27,14,787.35
1361893659,commercial,1918.71,14,1161.29
1361893660,commercial,1368.97,14,908.05
1361893661,residential,428.58,19,227.41
1361893662,residential,426.71,19,292.19
1361893707,commercial,1563.52,14,1032.57
1361893710,residential,445.19,19,282.75
1361893711,residential,303.99,19,205.23
1361893773,residential,431.94,19,281.93
1361893774,residential,326.95,19,186.64
1361929843,commercial,896.54,14,618.43
1363015348,residential,267.11,19,156.85
1363015972,residential,244.0,19,164.77
1363015980,commercial,1684.95,14,1080.94
1363265484,residential,498.81,19,268.21
1363505031,residential,207.64,19,130.84
1363505032,residential,465.63,19,280.42
1363505089,residential,480.28,19,272.56
1363505139,residential,440.49,19,277.24
1363505179,residential,402.6,19,217.13
1363505180,residential,438.87,19,234.78
1363505303,residential,476.38,19,302.84
1363505319,residential,360.24,19,246.07
1363505337,residential,301.14,19,175.11
1363505363,residential,492.58,19,318.9
1363505364,residential,394.51,19,228.92
1363615981,residential,318.37,19,207.87
1363623338,residential,290.27,19,169.57
1363623339,residential,383.29,19,221.23
1363623340,residential,439.84,19,301.66
1363623350,residential,433.72,19,268.83
1363623351,residential,457.1,19,235.49
1363623352,residential,288.27,19,197.22
1363623353,residential,445.36,19,286.37
1363623432,residential,451.32,19,286.18
1363623480,residential,327.23,19,216.0
1363623481,residential,253.84,19,170.25
1363623482,residential,435.95,19,305.12
1363623483,residential,286.34,19,145.35
1363777221,commercial,1166.52,14,813.13
1363777230,residential,211.85,19,113.29
1363777231,residential,228.3,19,135.17
1363777253,residential,416.91,19,290.57
1363777254,residential,403.84,19,281.91
1363777255,residential,493.28,19,309.15
1363777256,commercial,845.73,14,591.29
1363777257,commercial,1292.56,14,664.59
1363777288,residential,290.79,19,164.48
1363777308,residential,395.46,19,213.24
1363777309,residential,481.67,19,252.48
1363777310,residential,331.23,19,187.65
1363777326,residential,487.71,19,275.7
1363777348,residential,290.12,19,155.22
1363777351,residential,442.39,19,250.57
1363777352,residential,316.18,19,217.93
1363777361,residential,213.64,19,122.36
1363777362,residential,345.07,19,231.1
1363777363,residential,445.07,19,272.78
1363777397,residential,423.24,19,218.95
1363777398,residential,293.23,19,162.56
1363777399,residential,211.33,19,116.49
1363777431,residential,228.08,19,137.62
1363777432,residential,338.24,19,215.21
1363777433,residential,440.12,19,264.62
1363786911,residential,323.68,19,196.85
1363787033,commercial,1601.88,14,1039.63
1363787034,commercial,864.2,14,454.07
1363963964,residential,394.75,19,233.7
1363963981,residential,240.33,19,159.64
1363975843,residential,444.36,19,241.59
1363975844,residential,397.4,19,205.56
1363975845,residential,349.94,19,176.67
1363975846,residential,253.13,19,145.15
1363975863,residential,314.74,19,200.01
1363975864,residential,292.8,19,162.15
1363975922,residential,345.77,19,235.07
1363975953,residential,292.43,19,166.75
1363975979,residential,202.18,19,125.16
1363976010,residential,451.45,19,226.28
1363976032,residential,274.16,19,150.67
1363976035,residential,387.58,19,265.71
1363986201,residential,233.61,19,161.64
1363986240,residential,242.69,19,154.27
1363986244,residential,323.65,19,193.89
1363986256,residential,209.38,19,144.29
1364015886,residential,479.25,19,271.05
1364015992,residential,382.16,19,262.2
1364015994,residential,422.13,19,245.04
1364015995,residential,409.51,19,261.97
1364015996,residential,228.54,19,118.63
1364015997,residential,283.1,19,173.61
1364015998,residential,434.95,19,301.09
1364015999,residential,263.7,19,176.77
1364016000,residential,280.48,19,172.74
1364016001,residential,222.27,19,126.7
1364016002,residential,420.08,19,235.1
1364016003,residential,387.46,19,259.82
1364016029,residential,412.28,19,234.04
1364016030,residential,457.74,19,275.27
1364046419,commercial,1361.87,14,812.74
1364046420,commercial,1761.37,14,883.13
1364046429,residential,419.88,19,254.61
1364046430,residential,472.01,19,301.73
1364046431,residential,480.17,19,247.17
1364046435,residential,283.17,19,184.51
1364046436,residential,293.2,19,165.08
1364046465,residential,468.23,19,236.25
1364046466,commercial,1278.84,14,775.38
1364046467,commercial,1853.8,14,1034.77
1364046468,commercial,1859.52,14,1183.72
1364046469,residential,316.37,19,215.17
1364046473,residential,461.21,19,308.62
1364046474,residential,387.1,19,213.79
1364046488,residential,356.23,19,247.55
1364046489,residential,267.63,19,181.31
1364046491,residential,273.55,19,149.37
1364046496,residential,314.87,19,160.44
1364046497,residential,212.94,19,116.74
1364046499,residential,237.69,19,123.86
1364046507,residential,449.22,19,308.76
1364046508,residential,478.94,19,317.22
1364046513,residential,238.89,19,155.68
1364046514,residential,237.07,19,126.14
1364046515,residential,309.61,19,172.84
1364046517,residential,417.97,19,209.07
1364046521,residential,465.97,19,291.2
1364046525,residential,297.55,19,171.13
1364046526,residential,333.08,19,200.21
1364046527,residential,201.16,19,106.44
1364046528,commercial,905.0,14,485.66
1364046535,commercial,915.0,14,476.96
1364056310,residential,490.62,19,318.79
1364056317,residential,399.67,19,214.59
1364056332,residential,390.78,19,213.48
1364056334,commercial,1291.55,14,797.77
1364056360,residential,266.26,19,183.86
1364056365,residential,239.24,19,140.48
1364056381,residential,372.98,19,202.66
1364056382,residential,336.54,19,206.11
1364056387,residential,365.49,19,214.96
1364056388,residential,482.18,19,290.87
1364056389,residential,304.52,19,211.2
1364056390,residential,337.48,19,215.03
1364056402,residential,461.52,19,235.37
1364056403,residential,324.64,19,201.06
1364056404,residential,401.87,19,267.78
1364056409,residential,280.4,19,141.25
1364056410,residential,235.86,19,134.98
1364056411,residential,448.81,19,303.24
1364168952,commercial,887.7,14,537.48
1364170756,commercial,1210.74,14,737.54
1364170757,commercial,1132.76,14,780.82
1364208206,residential,464.91,19,291.21
1364208207,residential,240.97,19,127.21
1364412054,residential,362.15,19,215.95
1364412055,commercial,1638.29,14,941.17
1364412057,commercial,1296.68,14,858.65
1364412058,commercial,1034.48,14,652.35
1364433562,residential,413.88,19,260.37
1364433563,residential,204.49,19,115.04
1364481599,commercial,1471.17,14,737.13
1364697717,commercial,934.32,14,618.25
1365359448,residential,340.24,19,175.6
1365359457,residential,298.63,19,172.22
1365359459,residential,452.24,19,250.26
1365359469,residential,217.03,19,138.91
1365359470,residential,476.61,19,281.84
1365359471,commercial,833.43,14,416.88
1365364522,commercial,1850.66,14,1171.3
1365455957,residential,382.59,19,233.74
1365455988,residential,348.66,19,239.81
1365456077,residential,389.52,19,219.5
1365456078,residential,232.29,19,136.9
1365459478,residential,282.39,19,196.98
1365459479,residential,363.69,19,227.24
1365459565,residential,220.6,19,110.97
1365459566,residential,225.1,19,140.96
1365459567,residential,422.49,19,272.67
1365459569,residential,360.71,19,199.27
1365459570,residential,439.19,19,270.52
1365459571,residential,318.43,19,203.83
1365459604,residential,202.16,19,132.2
1365463944,commercial,1244.82,14,800.55
1365489281,residential,344.75,19,211.5
1365489285,residential,355.14,19,239.88
1365989874,residential,345.02,19,178.51
1366161301,residential,356.2,19,209.11
1366176167,residential,368.99,19,238.29
1366176283,residential,470.6,19,328.26
1366188248,residential,329.54,19,210.88
1366473493,residential,278.67,19,152.01
1366473506,residential,412.72,19,220.23
1366473543,residential,249.66,19,136.52
1366473941,commercial,1268.35,14,730.3
1366473943,residential,467.33,19,302.53
1366473944,residential,485.07,19,331.12
1366473945,residential,486.86,19,253.06
1366533347,residential,411.15,19,286.45
1366533349,residential,454.03,19,278.4
1366533353,residential,432.18,19,218.04
1366533354,residential,207.64,19,144.48
1366533517,residential,448.56,19,303.03
1366533549,residential,406.76,19,246.13
1366533550,residential,295.14,19,171.99
1366533556,residential,256.93,19,139.9
1366533593,residential,320.2,19,161.37
1366533594,residential,306.07,19,210.44
1366533610,residential,354.7,19,247.92
1366533611,residential,242.6,19,121.92
1366533654,residential,325.42,19,164.51
1366533705,residential,343.03,19,207.41
1366533707,commercial,1194.61,14,686.69
1366533708,residential,255.25,19,154.93
1366533709,residential,229.13,19,145.59
1366533710,residential,348.84,19,235.7
1366549691,residential,418.28,19,215.19
1366549692,residential,214.82,19,110.32
1366549693,residential,366.09,19,202.03
1366549694,residential,499.22,19,266.41
1366568735,residential,410.65,19,215.26
1366568747,residential,458.23,19,249.13
1366568748,residential,409.69,19,226.81
1366568779,residential,204.55,19,120.22
1366568780,residential,489.99,19,249.66
1366568781,residential,295.33,19,173.18
1366568782,residential,275.35,19,190.76
1366568783,residential,212.21,19,115.03
1366568945,residential,317.51,19,217.04
1366568946,residential,303.77,19,164.6
1366568947,residential,337.26,19,208.09
1366568948,residential,297.03,19,205.17
1366625026,commercial,1438.14,14,892.03
1366625027,residential,433.73,19,297.71
1366625028,residential,463.66,19,237.05
1366625034,residential,479.84,19,257.88
1366625035,residential,428.87,19,253.39
1366625038,commercial,1346.15,14,801.39
1366625047,residential,433.55,19,257.64
1366625048,residential,485.19,19,242.85
1366656565,residential,264.09,19,138.11
1366656566,residential,360.08,19,232.73
1366656612,residential,316.72,19,174.98
1366656613,residential,455.57,19,303.14
1366656614,residential,214.91,19,137.24
1366656615,residential,220.64,19,142.94
1366656616,residential,224.46,19,116.93
1366656618,commercial,1555.52,14,863.64
1366656619,commercial,1436.88,14,927.87
1366656620,commercial,1241.09,14,674.19
1366656622,commercial,1695.85,14,987.31
1366656623,commercial,1868.32,14,1151.04
1366656624,commercial,913.84,14,568.55
1366656625,residential,420.11,19,246.06
1366656626,residential,366.96,19,247.73
1366656628,commercial,1954.09,14,990.73
1366656629,residential,460.96,19,288.3
1366656630,commercial,1590.22,14,828.65
1366656635,residential,408.35,19,240.13
1366656636,residential,357.18,19,188.61
1366656637,residential,262.68,19,163.66
1366656638,commercial,907.17,14,498.91
1366744120,residential,489.41,19,251.6
1366744135,residential,211.1,19,121.09
1366744184,commercial,1223.13,14,821.69
1366744367,residential,481.76,19,263.91
1368013276,commercial,1189.31,14,645.8
1368127245,commercial,1908.1,14,1315.1
1368127298,residential,206.6,19,141.32
1368127299,residential,494.48,19,290.32
1368127300,residential,437.02,19,269.42
1368127301,residential,489.94,19,250.5
1368127302,residential,466.8,19,302.36
1368127303,residential,429.87,19,255.12
1368127304,residential,229.16,19,142.3
1368127314,residential,273.86,19,181.81
1368127315,residential,456.49,19,249.05
1369543673,residential,249.23,19,167.61
1369673168,commercial,1528.87,14,824.8
1369673169,residential,274.76,19,144.14
1369673170,commercial,1250.65,14,730.91
1370045550,commercial,1277.5,14,729.41
1370045558,commercial,961.25,14,671.17
1370045562,residential,384.32,19,196.9
1370045563,residential,308.96,19,180.25
1370045565,commercial,1427.43,14,853.15
1370050083,residential,254.51,19,158.69
1370050106,commercial,1844.58,14,1151.2
1370050110,commercial,1075.74,14,649.68
1370235859,residential,328.54,19,170.49
1370235860,residential,422.29,19,219.75
1370235861,residential,394.43,19,272.29
1370235862,residential,384.45,19,230.1
1370235863,residential,279.59,19,156.86
1370883593,residential,269.58,19,156.32
1370883594,residential,492.78,19,251.14
1370883595,commercial,1353.12,14,794.54
1371021636,residential,324.08,19,178.82
1371872721,residential,442.06,19,299.48
1371961883,residential,321.32,19,175.24
1371962901,residential,233.24,19,126.34
1371962902,residential,363.25,19,215.52
1371962903,residential,385.36,19,210.99
1372019612,residential,299.54,19,150.44
1372019613,residential,219.77,19,135.04
1372019614,residential,381.22,19,210.31
1372019615,residential,262.39,19,169.95
1372097655,residential,315.25,19,159.99
1372097656,residential,494.12,19,312.38
1372097657,residential,233.53,19,144.42
1372097658,residential,375.1,19,187.61
1372097659,residential,379.46,19,245.74
1372097660,residential,494.92,19,343.27
1372097661,residential,368.16,19,244.87
1372261991,residential,238.3,19,166.59
1373240209,residential,472.33,19,255.17
1373258883,residential,362.26,19,191.15
1373258884,residential,493.32,19,301.03
1373258885,residential,374.68,19,231.45
1373258886,residential,344.16,19,214.4
1373341012,residential,408.72,19,218.45
1373341021,residential,312.99,19,184.15
1373341022,residential,309.77,19,200.36
1373341023,residential,211.1,19,119.02
1373341024,residential,466.03,19,300.62
1373341025,residential,269.08,19,151.83
1373341026,residential,307.16,19,183.24
1373341029,residential,444.53,19,268.89
1373341030,residential,311.98,19,173.18
1373341031,residential,266.92,19,159.99
1373341032,residential,303.51,19,178.45
1373341033,residential,305.44,19,210.07
1373341056,residential,348.51,19,230.81
1373341074,residential,401.28,19,248.78
1373341075,residential,442.48,19,245.97
1373375515,residential,451.88,19,247.46
1373375518,residential,431.96,19,235.28
1373375524,residential,229.79,19,147.19
1373375550,residential,296.03,19,151.31
1373375619,residential,450.22,19,290.22
1373375621,residential,405.09,19,260.77
1373375622,residential,473.01,19,275.61
1373375623,residential,299.02,19,193.56
1373375628,residential,483.09,19,300.51
1373375657,residential,474.44,19,309.87
1373375658,residential,390.73,19,234.89
1373455681,residential,421.05,19,255.84
1373455703,residential,490.42,19,325.69
1373455706,residential,466.28,19,323.09
1373455707,residential,358.91,19,189.25
1373455766,residential,425.6,19,284.1
1373455767,residential,337.63,19,187.38
1373455768,residential,379.7,19,232.71
1373455769,residential,295.31,19,184.64
1373681406,residential,337.26,19,226.41
1373681958,residential,266.93,19,170.25
1374095411,commercial,1478.3,14,1029.47
1375169166,residential,454.58,19,295.48
1375169169,residential,494.5,19,281.29
1375169172,commercial,1526.84,14,967.45
1375169173,residential,263.9,19,165.24
1375338870,residential,296.61,19,179.25
1375338895,residential,309.16,19,170.41
1375338896,residential,402.64,19,226.51
1375338897,residential,298.92,19,209.12
1375338898,residential,237.05,19,160.86
1375338899,residential,455.84,19,279.23
1375339306,commercial,1049.55,14,710.62
1375341838,residential,397.55,19,226.34
1375476568,residential,460.87,19,314.56
1375476569,residential,365.95,19,211.31
1375602182,residential,319.26,19,180.53
1375804999,residential,379.16,19,212.23
1375805000,residential,394.16,19,257.7
1375805001,residential,331.99,19,221.18
1375805002,residential,405.72,19,265.7
1375805003,residential,443.8,19,223.49
1375805004,residential,408.32,19,215.81
1375805005,residential,313.71,19,184.06
1375805007,residential,426.18,19,244.74
1375805008,residential,275.68,19,173.28
1375805010,residential,472.34,19,284.35
1375805011,residential,301.45,19,167.08
1375805028,residential,333.57,19,187.03
1375835884,residential,430.26,19,286.55
1375841415,residential,363.59,19,253.85
1375841416,residential,372.79,19,225.91
1375841417,residential,447.47,19,295.18
1375841418,residential,307.56,19,208.94
1375841419,residential,272.9,19,151.9
1375841420,residential,417.23,19,214.27
1375841421,residential,206.35,19,143.88
1375841422,residential,465.07,19,313.5
1375904077,residential,489.86,19,293.57
1376013713,residential,226.43,19,116.43
1376522579,residential,401.58,19,251.69
1376987303,commercial,1183.05,14,622.69
1377247103,residential,321.33,19,187.19
1377252071,residential,474.65,19,260.52
1377611626,residential,286.95,19,161.62
1377840873,residential,358.01,19,213.9
1377961751,residential,463.48,19,272.11
1377961810,residential,398.57,19,238.95
1377961839,residential,365.94,19,219.12
1377975875,residential,385.78,19,218.27
1377975876,residential,423.88,19,222.86
1377975877,residential,342.75,19,186.18
1377975878,residential,247.06,19,162.29
1377975884,residential,239.35,19,128.65
1377975920,residential,228.65,19,138.44
1377975921,residential,491.5,19,280.61
1377975922,residential,487.89,19,253.6
1377975934,residential,386.94,19,230.26
1377975944,residential,279.6,19,160.25
1377975945,residential,238.79,19,167.12
1377975946,residential,397.8,19,232.61
1377975948,residential,461.73,19,319.33
1377975949,residential,320.36,19,169.03
1377976075,residential,247.46,19,160.19
1377976081,residential,382.94,19,206.07
1377976927,residential,495.66,19,341.17
1377976930,residential,320.56,19,189.17
1377976961,residential,344.14,19,237.12
1377976962,residential,426.79,19,256.62
1377976963,residential,472.64,19,307.66
1377976964,residential,420.94,19,270.14
1377976965,residential,220.75,19,111.85
1377976966,residential,451.42,19,306.38
1377976998,commercial,1219.84,14,694.37
1378386896,residential,324.96,19,205.79
1378386914,residential,340.17,19,182.13
1378386915,residential,374.26,19,257.03
1378386938,residential,232.81,19,126.09
1378386966,residential,307.84,19,168.52
1378386982,residential,223.28,19,118.3
1378386997,residential,284.62,19,163.39
1378387009,residential,312.65,19,198.19
1378387010,residential,396.02,19,251.9
1378387011,residential,320.33,19,165.9
1378387012,residential,218.56,19,149.26
1378387017,residential,453.98,19,284.58
1378387018,residential,427.17,19,235.78
1378387019,residential,228.34,19,146.24
1378387020,residential,409.2,19,280.9
1378387025,residential,437.54,19,300.31
1378387026,residential,376.96,19,256.79
1378387047,residential,389.82,19,242.07
1378387057,residential,346.55,19,210.77
1378387067,residential,455.07,19,229.06
1378387068,residential,430.99,19,243.64
1378387102,residential,318.1,19,192.64
1378387114,residential,391.17,19,245.09
1378387117,residential,371.07,19,224.67
1378387126,residential,343.21,19,200.4
1378566414,residential,300.65,19,185.7
1378566443,residential,326.18,19,181.3
1378566474,residential,273.13,19,151.21
1378566502,residential,322.31,19,165.62
1378566517,residential,303.85,19,156.47
1378566533,residential,486.34,19,279.23
1378566540,residential,371.08,19,200.71
1378566541,residential,482.71,19,281.43
1378566549,residential,424.09,19,282.02
1378566554,residential,482.18,19,298.21
1378566578,residential,419.93,19,256.01
1378566606,residential,319.21,19,198.43
1378572741,commercial,1713.62,14,1093.87
1378572742,residential,360.9,19,195.64
1378572754,residential,399.97,19,272.11
1378572755,residential,486.12,19,279.59
1378572756,residential,215.37,19,116.07
1378572757,residential,276.13,19,158.37
1378572758,residential,271.74,19,163.83
1378572789,residential,260.05,19,164.76
1378572801,residential,448.57,19,309.8
1378572831,residential,480.2,19,287.14
1378572840,residential,429.12,19,278.05
1378572857,residential,419.61,19,248.25
1378572858,residential,202.92,19,109.54
1378572859,residential,406.88,19,268.31
1378572860,commercial,1899.88,14,1303.29
1378572861,residential,342.59,19,228.35
1378572867,residential,395.04,19,253.63
1378572878,residential,207.24,19,113.24
1378572885,residential,295.47,19,187.78
1378923057,commercial,1156.33,14,719.58
1378923059,residential,433.62,19,233.01
1378923060,residential,357.27,19,216.47
1378923062,commercial,952.95,14,522.21
1378923065,residential,253.32,19,139.39
1378923066,commercial,1381.74,14,826.47
1378923077,residential,265.36,19,177.07
1378923100,residential,357.25,19,218.65
1378923125,residential,342.02,19,232.2
1378926226,residential,291.37,19,199.05
1378926231,residential,202.31,19,139.57
1378926271,residential,305.55,19,173.47
1378926272,residential,320.8,19,180.13
1378947159,residential,303.29,19,192.3
1378947160,residential,460.28,19,292.22
1379017113,commercial,1053.02,14,663.87
1379017115,residential,267.71,19,140.6
1379017121,residential,246.29,19,146.08
1379017122,residential,266.27,19,177.91
1379017123,residential,307.06,19,167.82
1379017125,residential,380.75,19,263.0
1379017126,residential,438.92,19,255.71
1379017127,commercial,1109.93,14,646.82
1379017133,residential,367.29,19,242.54
1379082674,residential,400.01,19,208.52
1379082678,residential,247.59,19,153.01
1379082685,residential,358.03,19,206.93
1379082697,residential,391.83,19,199.64
1379082706,residential,240.52,19,164.43
1379082716,residential,399.36,19,228.15
1379082729,residential,317.49,19,201.65
1379082736,residential,288.09,19,176.07
1379082738,residential,393.0,19,272.35
1379091712,residential,368.62,19,256.88
1379091713,residential,351.66,19,206.21
1379091717,residential,415.13,19,285.14
1379091733,residential,397.58,19,203.21
1379091738,residential,446.7,19,267.89
1379091750,residential,259.96,19,133.62
1379091775,residential,306.4,19,213.92
1379091776,residential,335.96,19,204.37
1379091786,residential,309.04,19,200.18
1379091795,residential,423.19,19,289.48
1379091800,residential,428.72,19,254.62
1379091826,residential,367.4,19,207.61
1379091835,residential,411.08,19,233.4
1379091836,residential,276.79,19,151.8
1379091848,residential,324.94,19,219.86
1379091858,residential,336.66,19,200.7
1379091859,residential,329.6,19,211.1
1379107036,residential,416.19,19,210.84
1379384265,residential,286.5,19,172.6
1379384304,residential,381.5,19,254.61
1379384305,residential,481.85,19,294.01
1379384337,residential,405.31,19,260.46
1379384367,residential,445.96,19,282.71
1379384368,residential,211.13,19,107.6
1379384369,residential,379.67,19,243.11
1379384378,residential,273.6,19,165.22
1379384403,residential,312.44,19,185.26
1379384404,residential,296.3,19,172.32
1379384405,residential,388.73,19,245.71
1379384406,residential,399.11,19,237.34
1379384456,residential,371.82,19,217.58
1379384466,residential,331.06,19,201.2
1379384467,residential,369.95,19,238.08
1379543541,residential,327.51,19,191.4
1379543544,residential,385.44,19,228.67
1379543554,residential,358.07,19,186.99
1379616868,commercial,1861.81,14,932.72
1379616871,commercial,1208.97,14,698.07
1379616873,commercial,1237.21,14,759.86
1379629488,residential,351.05,19,238.37
1379629489,residential,339.01,19,222.87
1379629492,residential,249.54,19,160.49
1379629605,residential,309.01,19,171.1
1379681744,residential,277.33,19,187.29
1380595908,residential,244.5,19,150.67
1381019966,commercial,807.58,14,517.22
1381019968,residential,261.43,19,145.42
1381019973,residential,478.45,19,288.14
1381021055,residential,208.84,19,109.3
1381380894,residential,330.44,19,169.59
1381380901,residential,408.34,19,242.1
1381380902,residential,438.52,19,236.31
1381380912,residential,488.83,19,260.82
1381418976,residential,273.07,19,147.7
1381418987,residential,366.64,19,248.8
1381418990,residential,259.49,19,150.98
1381888159,residential,411.94,19,221.8
1381888160,residential,445.32,19,302.34
1381888161,residential,452.93,19,273.21
1382445527,residential,260.16,19,170.47
1383008157,residential,313.06,19,217.66
1383193995,commercial,1306.78,14,685.24
1383194008,residential,285.37,19,195.62
1383201470,residential,217.7,19,122.07
1383201471,residential,462.21,19,242.44
1383201472,residential,307.03,19,162.12
1383201473,residential,278.72,19,177.76
1383201475,residential,433.8,19,226.85
1383201478,commercial,840.59,14,447.36
1383201488,residential,253.54,19,175.84
1383201489,residential,232.15,19,118.92
1383201490,residential,218.62,19,125.71
1383201491,residential,338.2,19,170.76
1383201492,residential,350.35,19,181.38
1383201493,residential,200.16,19,105.8
1383201494,residential,465.15,19,235.7
1383201495,residential,466.13,19,276.96
1383201496,residential,349.39,19,221.6
1383201497,residential,208.08,19,134.98
1383201509,residential,235.42,19,133.24
1383201510,residential,470.13,19,282.43
1383201512,residential,298.69,19,175.77
1383201515,residential,441.79,19,297.97
1383279882,residential,319.68,19,170.99
1383279896,residential,339.55,19,206.2
1383279897,residential,284.46,19,176.7
1383279898,residential,215.97,19,112.02
1383279924,commercial,1698.7,14,1078.55
1383279925,residential,283.35,19,165.95
1383279945,residential,242.03,19,129.2
1383279947,residential,398.43,19,267.61
1383279963,residential,230.46,19,124.47
1383279980,residential,408.66,19,283.69
1383280001,residential,359.43,19,210.99
1383280015,residential,498.7,19,252.24
1383280026,residential,442.09,19,261.4
1383280050,residential,329.59,19,181.36
1383280074,residential,352.98,19,247.08
1383280095,residential,341.44,19,219.2
1383280115,residential,433.18,19,292.51
1383280116,residential,421.89,19,225.74
1383280117,residential,291.23,19,177.48
1383280147,residential,412.79,19,244.28
1383280155,residential,429.92,19,270.71
1383280163,commercial,1968.22,14,1252.91
1383280165,residential,480.0,19,322.75
1383280183,residential,467.62,19,242.78
1383280184,residential,344.4,19,218.16
1383280198,residential,489.57,19,317.49
1383280203,residential,240.89,19,166.63
1383280219,residential,410.57,19,237.14
1383280242,residential,329.77,19,175.03
1383280253,residential,250.0,19,168.32
1383280259,residential,259.98,19,138.01
1383280265,residential,424.05,19,235.41
1383280273,residential,244.05,19,169.02
1383280285,residential,254.41,19,172.46
1383280300,residential,232.04,19,141.29
1383280305,residential,245.31,19,133.29
1383280317,commercial,1410.76,14,980.81
1383280319,residential,269.41,19,182.94
1383280325,residential,400.56,19,233.45
1383280336,residential,438.63,19,306.37
1383280353,residential,380.22,19,240.23
1383280365,residential,412.76,19,207.69
1383280373,residential,429.38,19,247.49
1383280384,residential,361.41,19,252.78
1383280387,residential,337.67,19,231.71
1383280388,residential,202.09,19,103.12
1383280389,residential,437.75,19,262.82
1383280390,residential,391.72,19,235.89
1383284328,residential,228.58,19,122.04
1383284338,residential,344.37,19,224.97
1383284339,residential,371.55,19,249.4
1383284355,residential,311.57,19,182.6
1383284356,residential,253.64,19,153.79
1383284357,residential,271.11,19,171.78
1383521651,residential,244.92,19,158.59
1383521652,residential,415.96,19,288.93
1383521655,residential,357.75,19,215.09
1383521656,residential,373.82,19,250.03
1383521658,residential,480.15,19,313.77
1383521663,residential,289.8,19,171.16
1383521669,residential,214.35,19,148.66
1383521679,residential,207.32,19,127.4
1383521680,residential,361.91,19,182.77
1383521696,residential,320.21,19,181.65
1383521704,residential,234.55,19,160.48
1383521712,residential,294.4,19,153.07
1383521713,residential,450.36,19,291.92
1383526734,residential,481.09,19,249.14
1383579870,residential,270.35,19,155.9
1383925231,residential,279.42,19,185.33
1385084875,residential,483.87,19,247.02
1385087385,residential,499.83,19,314.68
1385087387,residential,370.65,19,227.45
1385089157,commercial,1227.25,14,775.89
1385089158,commercial,858.53,14,579.02
1385089159,commercial,1875.0,14,1048.9
1385223885,residential,326.01,19,191.14
1385223886,residential,200.52,19,126.55
1385223887,residential,458.09,19,316.41
1385223888,residential,425.1,19,258.15
1385223889,residential,237.88,19,165.42
1385223890,residential,342.73,19,200.07
1385223891,residential,232.6,19,138.69
1385223892,residential,472.71,19,298.03
1385223893,residential,371.36,19,204.46
1385496225,residential,454.78,19,285.91
1385496226,residential,481.32,19,289.53
1385496227,residential,223.27,19,115.86
1385496228,residential,231.21,19,151.15
1385496229,residential,435.38,19,288.91
1385496230,residential,293.37,19,150.71
1385496231,residential,232.82,19,142.69
1385496232,residential,336.29,19,234.11
1385496234,residential,303.24,19,162.5
1385496235,residential,241.88,19,163.13
1385609201,residential,492.83,19,279.58
1385609234,commercial,1081.57,14,644.88
1385836578,residential,492.13,19,280.57
1385836580,residential,438.31,19,282.81
1386054451,residential,438.64,19,306.45
1386060478,residential,322.62,19,165.54
1386060479,residential,475.39,19,274.31
1386060480,residential,354.82,19,181.26
1386060492,residential,290.2,19,183.96
1386060493,residential,228.33,19,158.21
1386060494,residential,206.41,19,137.24
1386060495,residential,450.02,19,296.0
1386060557,residential,466.65,19,325.03
1386060572,residential,445.93,19,293.79
1386060573,residential,341.95,19,229.27
1386060574,residential,406.86,19,248.94
1386060575,residential,266.2,19,150.83
1386060675,residential,281.12,19,178.34
1386060676,residential,389.51,19,247.2
1386060677,residential,302.15,19,203.57
1386060679,residential,481.54,19,330.12
1386060680,residential,257.54,19,161.9
1386060682,residential,385.31,19,217.94
1386097317,residential,264.9,19,142.99
1386128819,residential,377.01,19,208.6
1386128844,residential,267.27,19,153.73
1386128868,residential,392.52,19,265.72
1386128888,residential,242.34,19,145.52
1386128901,residential,469.79,19,317.14
1386128902,residential,433.43,19,223.74
1386128929,residential,472.9,19,246.4
1386128949,residential,465.14,19,305.97
1386128970,residential,304.25,19,210.85
1386128971,residential,260.14,19,161.68
1386128972,residential,262.9,19,167.92
1386156999,residential,255.64,19,172.83
1386157000,residential,239.74,19,153.81
1386157006,residential,418.75,19,216.99
1386157007,commercial,1791.45,14,977.99
1386157009,commercial,1053.01,14,638.74
1386157011,residential,471.7,19,245.5
1386157025,residential,482.91,19,262.69
1386157028,residential,212.03,19,121.74
1386157029,residential,286.18,19,148.17
1386157155,residential,407.75,19,275.37
1386468924,residential,465.12,19,321.33
1386468969,residential,288.91,19,178.93
1386514319,commercial,970.02,14,549.01
1386584004,residential,234.03,19,152.74
1386584005,residential,419.03,19,218.75
1386584006,residential,428.44,19,283.01
1386584007,residential,210.41,19,142.75
1386584008,residential,411.95,19,237.94
1386584009,residential,376.73,19,247.12
1386584026,residential,468.31,19,320.02
1386584027,residential,297.03,19,194.94
1386584028,residential,207.72,19,121.23
1386584029,residential,228.89,19,145.41
1386584030,residential,466.38,19,275.91
1386584031,residential,359.57,19,240.05
1386584032,residential,488.21,19,283.98
1386584072,residential,253.38,19,132.39
1386663341,residential,417.24,19,210.58
1386663342,residential,453.03,19,244.05
1386663343,residential,226.63,19,115.09
1386663345,residential,307.94,19,188.16
1387155185,commercial,821.97,14,456.83
1387946434,residential,350.77,19,177.15
1388140852,residential,312.73,19,187.1
1388143625,residential,322.28,19,200.66
1388143632,residential,272.37,19,171.36
1388143637,residential,365.94,19,184.13
1388428776,residential,353.02,19,217.16
1388440053,residential,340.43,19,225.57
1389714637,commercial,1097.62,14,736.69
1389761625,commercial,1973.17,14,986.71
1390079363,residential,208.84,19,141.84
1390079368,residential,307.17,19,159.21
1390079374,residential,376.15,19,239.3
1390079375,residential,463.47,19,290.62
1390079388,commercial,1676.73,14,1117.76
1390081778,commercial,1731.15,14,1133.79
1390081780,residential,430.19,19,246.43
1390081781,residential,484.69,19,298.57
1390296233,residential,446.69,19,250.66
1390995570,commercial,879.45,14,523.45
1390995589,commercial,1526.46,14,845.03
1391137150,residential,310.84,19,158.09
1391367664,residential,209.95,19,146.78
1391367669,commercial,1187.03,14,788.06
1391367670,residential,481.71,19,258.9
1391861754,residential,373.64,19,218.99
1391861758,residential,392.13,19,235.96
1393083597,commercial,1189.11,14,614.61
1393102034,commercial,1284.75,14,752.87
1393102044,residential,269.84,19,167.93
1393567646,commercial,1661.5,14,1022.19
1393770383,residential,359.18,19,204.38
1393770384,residential,423.2,19,289.88
1393770385,residential,321.84,19,203.24
1393770386,residential,351.15,19,192.34
1393770387,commercial,1823.82,14,981.98
1393770388,commercial,1772.58,14,1136.25
1393770389,residential,320.82,19,164.53
1393770390,residential,229.57,19,138.73
1393770391,residential,445.15,19,239.97
1393770392,residential,403.34,19,237.56
1393770393,residential,447.72,19,264.32
1393795133,residential,351.98,19,232.22
1393795138,residential,415.51,19,234.6
1393795145,residential,266.29,19,181.64
1394111413,residential,324.68,19,185.22
1395462338,residential,360.01,19,214.21
1395462339,residential,288.51,19,176.61
1395462344,residential,443.47,19,277.44
1395462345,residential,336.46,19,219.44
1395462346,residential,472.34,19,308.2
1395462347,commercial,1899.06,14,1016.05
1395462348,commercial,1570.55,14,904.02
1395462351,residential,217.67,19,132.67
1395880705,residential,321.64,19,184.41
1395880710,residential,344.12,19,204.78
1395880719,commercial,1818.67,14,914.93
1395880727,commercial,1887.59,14,1243.23
1395880728,residential,258.09,19,172.91
1395882885,residential,423.75,19,269.16
1395882887,commercial,1660.67,14,874.44
1395882889,residential,484.96,19,257.03
1395900198,residential,414.51,19,254.81
1395900202,residential,245.09,19,130.06
1395900204,residential,242.21,19,154.69
1396156513,residential,277.52,19,172.05
1396549911,commercial,1792.85,14,1108.03
1396730155,residential,206.35,19,143.58
1409123682,commercial,1490.86,14,899.7
1409178824,residential,377.06,19,236.38
1409186536,residential,361.37,19,223.12
1409206804,residential,342.9,19,197.17
1409207925,residential,227.56,19,159.29
1409210195,residential,321.27,19,213.17
1409264314,residential,481.85,19,295.93
1409275403,residential,446.7,19,233.05
1409388218,residential,237.67,19,139.35
1409389295,residential,452.95,19,262.03
1409392872,residential,256.22,19,168.18
1409393557,residential,329.71,19,165.98
1409448968,residential,465.99,19,317.08
1409455722,residential,317.68,19,162.08
1409456407,residential,201.21,19,105.24
1409460002,residential,240.75,19,140.43
1409461703,residential,234.94,19,134.45
1409465436,residential,404.14,19,216.66
1409477148,residential,471.39,19,314.36
1409539453,commercial,1970.35,14,1238.1
1409539454,residential,485.09,19,246.06
1409539468,commercial,1973.57,14,1295.4
1409539470,commercial,1185.45,14,746.07
1409548614,residential,294.48,19,153.36
1409652635,residential,389.27,19,227.2
1409652937,residential,383.19,19,257.22
1409658800,residential,301.3,19,162.02
1409669292,residential,422.94,19,264.44
1409671647,residential,203.45,19,134.58
1409671938,residential,470.96,19,305.37
1409687401,residential,440.31,19,287.51
1409688249,residential,419.71,19,262.43
1409690960,residential,409.06,19,204.64
1409697329,residential,431.06,19,300.61
1409713092,commercial,1182.58,14,593.53
1409715897,residential,308.48,19,208.75
1409719383,residential,367.89,19,221.74
1409730478,residential,274.7,19,166.79
1409735273,residential,496.45,19,294.42
1409744433,residential,449.15,19,242.17
1409746910,residential,229.64,19,115.37
1409748581,residential,448.77,19,295.87
1409779171,residential,486.86,19,299.69
1409804260,residential,345.94,19,204.93
1409805643,residential,378.57,19,222.33
1409814968,residential,269.3,19,155.94
1410000965,commercial,1065.79,14,594.76
1410000969,commercial,1660.99,14,913.13
1410001063,residential,267.71,19,183.69
1410389149,residential,264.23,19,178.68
1410389157,residential,249.83,19,134.83
1410389158,residential,232.81,19,122.24
1410389184,residential,335.28,19,185.75
1410389190,residential,484.51,19,317.32
1410389191,residential,405.87,19,219.63
1410389192,residential,247.99,19,156.32
1410389198,residential,490.42,19,302.73
1410389393,residential,202.62,19,121.38
1410389520,residential,380.06,19,239.3
1410389521,residential,341.19,19,171.6
1410389524,residential,422.26,19,271.32
1410389530,residential,225.6,19,118.1
1410389533,residential,360.55,19,241.77
1410389538,residential,333.15,19,199.52
1410389539,residential,495.47,19,330.12
1410389587,residential,422.27,19,247.13
1410389593,commercial,939.8,14,621.59
1410852335,commercial,1034.3,14,664.14
1410963055,residential,440.43,19,291.34
1411371800,residential,360.88,19,182.25
1411371801,residential,230.25,19,136.88
1411371806,residential,427.4,19,216.17
1411371808,residential,410.46,19,266.79
1411379478,residential,357.13,19,213.84
1411381115,residential,334.32,19,168.03
1411408705,residential,374.09,19,201.76
1411408706,residential,473.18,19,292.01
1411408708,residential,482.07,19,249.33
1411408713,residential,425.64,19,230.11
1411413066,commercial,883.07,14,608.17
1411461033,residential,218.42,19,113.15
1411461150,residential,340.04,19,173.16
1411461369,commercial,1952.49,14,1165.73
1411912783,residential,354.49,19,199.98
1411939822,residential,223.39,19,147.61
1412415463,residential,354.85,19,207.76
1412416154,residential,344.12,19,238.19
1412418274,residential,254.8,19,159.44
1412418275,residential,218.84,19,147.68
1412953915,residential,279.03,19,148.46
1412964975,residential,236.26,19,123.87
1413010466,residential,246.12,19,135.61
1413029964,commercial,1450.03,14,994.21
1413310958,residential,348.51,19,176.91
1413523379,commercial,1531.02,14,1028.84
1413525539,residential,206.71,19,129.91
1413525540,residential,300.75,19,201.86
1413855773,residential,381.41,19,200.38
1413855774,residential,373.96,19,200.02
1414001450,residential,459.27,19,265.01
1414001451,residential,289.44,19,191.78
1414001452,commercial,803.17,14,481.86
1414001454,residential,425.48,19,258.7
1414001455,residential,326.95,19,209.0
1414001456,residential,354.65,19,234.32
1414001457,residential,230.5,19,122.69
1414001458,residential,322.03,19,203.2
1414001459,residential,209.99,19,115.21
1414001460,residential,305.13,19,208.46
1414001463,commercial,1215.36,14,822.36
1414001465,residential,302.53,19,167.21
1414001466,residential,239.88,19,130.94
1414001467,residential,478.2,19,247.13
1414001468,residential,286.65,19,193.29
1414001469,commercial,1249.03,14,864.22
1414001470,residential,299.26,19,167.81
1414001472,residential,273.94,19,147.88
1414001473,residential,398.31,19,235.99
1414001474,commercial,1058.82,14,601.03
1414001475,residential,311.82,19,191.89
1414001476,residential,297.02,19,164.4
1414001477,commercial,1858.88,14,1280.37
1414001478,commercial,1453.45,14,844.35
1414001479,residential,205.9,19,118.09
1414001480,commercial,1273.01,14,701.3
1414001481,residential,426.8,19,287.34
1414001482,commercial,895.58,14,480.09
1414001483,residential,288.0,19,154.86
1414001484,residential,471.67,19,269.44
1414001485,residential,226.3,19,134.57
1414001486,commercial,1592.0,14,1026.64
1414001487,commercial,1521.95,14,957.93
1414001488,commercial,1806.42,14,1225.64
1414001497,residential,384.11,19,200.83
1414001511,residential,214.33,19,116.45
1414001519,residential,240.37,19,128.45
1414001520,residential,237.52,19,158.91
1414001546,residential,458.57,19,279.23
1414001563,residential,239.55,19,133.59
1414001564,residential,407.19,19,240.2
1414002538,residential,390.04,19,223.76
1414003351,residential,206.63,19,135.03
1414003386,commercial,1840.68,14,1220.28
1414003388,residential,402.3,19,251.03
1414003396,residential,478.74,19,253.5
1414118855,commercial,1761.8,14,1099.63
1414466889,residential,354.97,19,225.42
1414466902,residential,230.0,19,145.46
1414466930,residential,313.7,19,208.91
1414469220,commercial,1666.61,14,1119.42
1414469226,residential,394.03,19,199.39
1414473387,residential,270.77,19,185.54
1414577201,residential,357.6,19,182.88
1414639366,residential,490.24,19,262.33
1414650727,residential,214.22,19,129.32
1414650728,residential,256.93,19,136.66
1414809360,residential,307.82,19,189.92
1414843113,residential,367.57,19,210.66
1414843116,residential,267.9,19,151.01
1415079197,residential,226.37,19,117.8
1415079198,residential,202.12,19,129.62
1415083363,residential,255.04,19,130.61
1415083445,commercial,810.88,14,549.48
1415580379,residential,237.21,19,129.34
1415580570,residential,446.22,19,295.36
1415914828,commercial,1967.89,14,1247.33
1416027913,residential,254.09,19,164.45
1416027914,residential,389.91,19,247.96
1416027915,residential,391.26,19,233.0
1416027916,residential,477.45,19,323.25
1416027917,residential,233.63,19,159.85
1416027918,residential,211.48,19,117.47
1416027919,residential,212.0,19,130.85
1416028009,residential,387.85,19,207.26
1416028010,residential,344.04,19,173.91
1416028011,residential,396.55,19,267.71
1416028012,residential,284.01,19,177.74
1416028013,residential,361.54,19,236.11
1416028136,residential,469.04,19,237.9
1416028426,residential,209.01,19,144.02
1416675105,residential,382.05,19,232.64
1417238145,residential,417.58,19,269.77
1418253589,residential,286.92,19,197.16
1418253604,residential,386.33,19,197.97
1418253605,residential,230.64,19,118.82
1418253606,residential,347.62,19,236.83
1418253607,residential,329.81,19,183.26
1418253608,residential,243.93,19,139.29
1418253609,commercial,1905.31,14,1076.04
1418253610,residential,454.94,19,294.22
1418253611,residential,431.0,19,231.69
1418253612,residential,329.62,19,170.46
1418331246,residential,297.38,19,168.32
1418331305,residential,330.49,19,189.97
1418331309,residential,333.97,19,229.99
1418611894,residential,341.97,19,174.98
1418663994,residential,439.38,19,260.61
1418824968,residential,439.21,19,274.45
1418948135,commercial,896.84,14,614.66
1418971231,commercial,1282.39,14,764.78
1419156986,residential,267.4,19,141.02
1419156987,residential,254.43,19,169.55
1419156988,residential,234.6,19,143.38
1419165097,residential,367.08,19,252.83
1419219664,commercial,1608.33,14,1114.28
1419389598,residential,415.26,19,240.0
1419389599,residential,364.64,19,246.96
1419389605,residential,328.73,19,214.57
1419395020,residential,391.55,19,241.13
1419395034,residential,441.82,19,290.68
1419395035,residential,475.45,19,328.55
1419412633,commercial,1553.27,14,998.89
1419422296,commercial,1911.0,14,1051.73
1419422297,residential,355.49,19,230.42
1419422741,commercial,1741.16,14,1090.59
1419425208,residential,376.78,19,190.46
1419425222,residential,364.61,19,198.27
1419425229,residential,330.9,19,177.18
1419663685,commercial,1378.25,14,759.96
1419884017,residential,412.2,19,259.31
1419884038,residential,329.97,19,227.75
1419884049,residential,271.07,19,169.94
1419884071,residential,318.75,19,175.04
1419884072,residential,296.3,19,191.94
1419884073,residential,456.09,19,244.72
1419884074,residential,468.62,19,252.96
1419884115,residential,382.85,19,216.62
1419884116,residential,417.85,19,285.88
1419894209,residential,344.68,19,192.08
1419894216,residential,352.85,19,187.44
1419894226,residential,443.75,19,287.3
1419894245,residential,480.82,19,274.26
1419894286,residential,436.36,19,292.72
1419894287,residential,326.02,19,221.16
1419894288,residential,405.74,19,251.83
1419896467,residential,278.6,19,161.56
1419896472,residential,257.9,19,174.31
1419896495,residential,286.9,19,198.81
1419896513,residential,230.92,19,138.14
1419896530,residential,362.66,19,213.09
1419896544,residential,297.95,19,179.48
1419896559,residential,385.21,19,251.69
1419896576,residential,398.74,19,267.44
1419896588,residential,347.56,19,206.57
1419896602,residential,272.58,19,189.51
1419979522,residential,486.87,19,333.94
1419979603,residential,384.85,19,252.55
1419979755,residential,248.88,19,171.32
1419994106,residential,419.22,19,259.25
1419994107,residential,201.63,19,127.57
1419994115,residential,469.46,19,296.17
1419994137,residential,346.68,19,214.11
1419994157,residential,450.09,19,258.84
1420149319,residential,402.45,19,234.11
1420149320,residential,215.79,19,108.32
1420149329,residential,271.07,19,147.4
1420318907,residential,317.26,19,177.08
1421090956,commercial,1078.35,14,719.84
1421484076,residential,271.47,19,166.93
1421952649,residential,342.26,19,205.33
1421952667,commercial,891.57,14,618.51
1421952670,residential,450.0,19,250.15
1421952691,residential,348.21,19,233.61
1421952710,residential,470.95,19,282.4
1421952731,residential,389.98,19,240.37
1421952754,residential,344.55,19,233.21
1421952776,residential,376.51,19,241.99
1422508818,commercial,1420.68,14,986.54
1422675930,residential,219.63,19,143.31
1422677734,residential,479.67,19,313.35
1422781172,residential,383.13,19,266.19
1422781177,residential,439.49,19,285.2
1422781178,residential,416.4,19,236.69
1422979174,residential,274.79,19,184.42
1422979175,residential,301.52,19,192.81
1422979176,residential,217.17,19,141.87
1422979177,residential,398.9,19,275.3
1422979178,residential,469.32,19,312.42
1422993549,residential,311.42,19,188.84
1423518850,commercial,1627.26,14,1023.96
1423779992,residential,421.1,19,244.55
1423880504,commercial,904.69,14,499.43
1423886989,residential,354.48,19,237.9
1423887046,residential,391.19,19,204.7
1424040649,residential,428.85,19,271.97
1424056933,residential,282.95,19,141.74
1424106515,commercial,874.86,14,486.76
1424733010,residential,205.11,19,128.13
1424933637,residential,207.58,19,124.54
1424933716,residential,450.42,19,266.2
1424933741,residential,313.61,19,160.16
1424933768,residential,418.25,19,282.17
1424933771,residential,486.04,19,312.18
1424933865,residential,294.75,19,174.28
1425005513,commercial,1430.98,14,774.19
1425611582,residential,345.98,19,233.46
1425611597,residential,287.06,19,150.56
1425611607,residential,329.97,19,223.05
1425611608,residential,381.63,19,203.86
1425611609,residential,391.81,19,256.94
1425611610,residential,230.21,19,119.78
1425611611,residential,409.57,19,217.47
1425611612,residential,327.87,19,214.21
1425611613,residential,445.54,19,273.56
1425611614,residential,419.26,19,288.47
1425611615,residential,344.11,19,206.02
1425611617,residential,362.01,19,250.82
1425611619,residential,249.15,19,158.63
1425611641,residential,245.01,19,133.09
1425620934,commercial,1790.43,14,999.28
1425620935,commercial,1431.97,14,753.84
1425620940,commercial,1480.1,14,776.14
1425620942,commercial,935.04,14,470.76
1425643294,residential,227.51,19,157.03
1425792871,residential,430.78,19,250.56
1425834251,residential,246.07,19,170.64
1425834252,residential,363.11,19,240.98
1425834253,residential,485.29,19,314.79
1425834267,residential,233.68,19,140.38
1425834268,residential,395.9,19,247.73
1425834327,residential,280.5,19,175.73
1425967091,residential,348.32,19,175.09
1425968757,residential,384.06,19,251.35
1425968758,residential,427.17,19,222.29
1425968759,residential,276.16,19,143.36
1425968760,residential,403.01,19,270.71
1425968763,residential,496.37,19,308.41
1425968764,residential,489.61,19,248.74
1425968765,residential,405.73,19,256.89
1426066748,residential,417.44,19,217.58
1426267703,residential,327.07,19,179.74
1426267704,residential,317.32,19,198.12
1426267726,residential,362.74,19,226.94
1426267729,commercial,1127.32,14,666.8
1426267734,residential,450.81,19,306.88
1426267743,residential,338.7,19,236.02
1426267780,commercial,1729.37,14,1168.19
1426267785,residential,229.03,19,147.39
1426558551,residential,371.1,19,222.91
1426588581,residential,249.21,19,132.59
1426588935,residential,475.44,19,239.09
1426588936,residential,303.69,19,158.24
1426588979,residential,269.79,19,182.82
1426872738,residential,362.83,19,248.78
1427248358,commercial,1514.72,14,831.06
1427248739,residential,394.76,19,274.33
1427250481,commercial,1066.61,14,735.75
1427256051,residential,271.38,19,160.95
1427355555,residential,267.52,19,136.08
1427355556,residential,409.53,19,207.07
1427467816,residential,371.02,19,254.98
1427485384,residential,216.2,19,116.92
1427513669,residential,402.37,19,201.84
1427663387,residential,410.43,19,263.82
1427663403,residential,401.82,19,252.79
1427663419,residential,397.75,19,260.83
1427731857,residential,371.39,19,214.42
1427731858,residential,389.53,19,271.81
1427963399,residential,281.1,19,170.83
1427963400,residential,408.15,19,237.9
1427963401,residential,447.02,19,273.68
1428207627,residential,348.49,19,207.13
1428220011,residential,339.91,19,183.18
1428269062,residential,225.56,19,124.08
1428269074,residential,281.61,19,191.55
1428269081,residential,389.56,19,208.86
1428274232,residential,450.96,19,256.92
1428276583,residential,282.58,19,172.6
1428347333,residential,332.75,19,231.5
1428689319,residential,287.29,19,197.54
1428689320,residential,326.91,19,165.31
1428811908,residential,380.23,19,191.11
1428811956,residential,248.19,19,126.84
1428814732,residential,320.69,19,197.37
1429010460,residential,486.3,19,324.89
1429156963,residential,275.82,19,159.94
1429156964,residential,402.31,19,212.95
1429156972,residential,368.3,19,241.5
1429156978,residential,496.82,19,288.63
1429157032,residential,362.23,19,237.7
1429157037,residential,202.08,19,126.84
1429157038,residential,345.46,19,232.34
1429157039,residential,374.77,19,202.86
1429157049,residential,453.03,19,253.9
1429157115,residential,346.55,19,215.65
1429157175,residential,468.4,19,300.87
1429159658,residential,414.26,19,222.16
1429161297,residential,455.14,19,232.25
1429161310,residential,479.03,19,242.79
1429184635,residential,479.44,19,287.6
1429184640,residential,342.59,19,212.76
1429319212,residential,313.29,19,199.08
1429319217,residential,388.48,19,268.57
1429319276,residential,450.16,19,268.71
1429442430,residential,395.14,19,208.6
1429653284,residential,342.98,19,172.95
1429699962,commercial,1213.13,14,821.36
1429706365,residential,366.82,19,245.15
1430477818,residential,247.58,19,163.18
1431097684,residential,211.9,19,130.92
1431247738,residential,234.9,19,139.47
1431743215,residential,256.8,19,155.86
1431743216,residential,372.76,19,197.6
1432018648,residential,407.65,19,236.53
1432018649,residential,258.27,19,162.37
1432018650,residential,317.42,19,196.72
1432018663,residential,253.59,19,128.35
1432018664,residential,383.5,19,220.58
1432018665,residential,218.16,19,126.82
1432189742,residential,292.92,19,163.94
1432363456,residential,231.84,19,128.23
1432363457,residential,327.76,19,221.31
1432363485,residential,406.98,19,262.1
1432506742,residential,392.65,19,203.1
1432506743,residential,248.29,19,153.89
1432506750,residential,317.3,19,219.82
1432506775,residential,369.7,19,242.56
1432506776,residential,232.71,19,135.77
1432506778,residential,478.13,19,259.96
1432506779,residential,479.97,19,305.99
1432506780,residential,281.2,19,178.87
1432701443,residential,220.02,19,121.59
1432701444,residential,439.54,19,251.85
1432701445,residential,482.92,19,308.16
1432701446,residential,456.65,19,318.51
1432701447,residential,297.76,19,151.77
1432701448,residential,365.25,19,232.28
1432701449,residential,206.54,19,125.01
1432701555,residential,366.97,19,256.78
1432701579,residential,233.39,19,154.58
1432701580,residential,379.49,19,264.2
1432701581,residential,455.08,19,304.07
1432701582,residential,326.67,19,208.38
1432701583,residential,345.09,19,215.21
1432701584,residential,310.61,19,217.39
1432701585,residential,447.28,19,260.03
1432701586,residential,376.46,19,231.13
1432701587,residential,397.27,19,277.37
1432701588,residential,266.25,19,170.21
1432701589,residential,234.8,19,120.31
1432703099,residential,263.39,19,168.94
1432703100,residential,300.64,19,191.72
1432703101,residential,483.27,19,338.02
1432703102,residential,416.04,19,286.79
1432703104,residential,397.39,19,237.32
1432703105,residential,323.64,19,180.08
1432703106,residential,227.77,19,157.35
1432703107,residential,220.26,19,115.96
1432703108,residential,333.71,19,218.52
1433092896,residential,236.26,19,130.92
1433212582,residential,402.38,19,274.89
1433506041,residential,227.41,19,126.79
1433991617,residential,241.33,19,133.3
1434002505,residential,400.46,19,237.06
1434043774,residential,304.39,19,192.36
1434446228,residential,317.79,19,195.15
1435133917,residential,466.62,19,241.34
1435133918,residential,424.45,19,281.43
1435133920,residential,450.06,19,230.19
1435133929,residential,467.26,19,318.01
1435791067,residential,252.18,19,169.33
1435962297,residential,296.29,19,165.52
1435963560,residential,212.71,19,148.07
1435966029,residential,235.74,19,132.95
1436965937,residential,410.18,19,261.1
1436965953,residential,354.61,19,180.01
1436965954,residential,360.31,19,232.33
1437142640,residential,212.17,19,130.11
1438687379,residential,346.42,19,188.42
1441753655,residential,337.57,19,198.1
1441824722,commercial,1244.51,14,715.15
1441918221,residential,242.15,19,143.8
1441918248,commercial,964.26,14,598.69
1442173549,residential,404.67,19,231.7
1442173581,residential,214.47,19,109.45
1442173582,residential,474.18,19,299.54
1442261802,residential,408.02,19,257.17
1442261833,residential,439.64,19,263.62
1442271932,residential,446.07,19,304.65
1442271948,residential,411.26,19,224.79
1442271966,residential,403.64,19,247.14
1442271967,residential,358.38,19,211.65
1442293511,residential,301.87,19,172.69
1442293512,residential,364.03,19,210.63
1442293513,residential,426.33,19,292.09
1442293597,residential,387.44,19,240.46
1442293598,residential,433.93,19,238.06
1442293599,residential,311.21,19,209.71
1442293600,residential,314.26,19,167.91
1442293601,residential,238.65,19,131.61
1442293760,residential,464.26,19,266.27
1442293773,residential,239.18,19,122.07
1442293801,residential,390.24,19,257.48
1442329988,residential,492.81,19,293.26
1442329989,residential,491.39,19,287.3
1442330228,residential,327.3,19,174.7
1442330254,residential,319.76,19,178.0
1442330266,residential,445.19,19,289.38
1442330299,residential,273.21,19,154.9
1442330300,residential,379.55,19,200.54
1442330301,residential,280.28,19,193.16
1442330314,residential,266.5,19,157.25
1442330315,residential,212.78,19,140.84
1442330316,residential,242.69,19,130.75
1442330317,residential,340.8,19,224.68
1442330318,residential,216.4,19,109.43
1442330319,residential,343.57,19,180.52
1442330320,residential,344.24,19,172.97
1442330321,residential,389.57,19,212.13
1442330322,residential,285.43,19,185.28
1442330323,residential,306.39,19,196.27
1442330327,residential,464.87,19,278.06
1442330328,residential,243.86,19,146.44
1442330329,residential,345.14,19,211.83
1442330330,residential,310.63,19,166.58
1442330331,residential,457.19,19,277.45
1442330332,residential,398.93,19,232.02
1442330333,residential,294.34,19,154.81
1442330334,residential,286.25,19,154.04
1442330335,residential,355.69,19,245.43
1442616774,residential,271.26,19,150.98
1442616799,residential,325.26,19,185.64
1442616831,residential,271.04,19,150.54
1442616860,residential,312.47,19,159.62
1442616884,residential,351.45,19,214.38
1442616902,residential,394.64,19,225.66
1442616926,residential,431.12,19,239.06
1442616939,residential,210.69,19,112.29
1442616955,residential,413.52,19,274.9
1442616969,residential,246.25,19,148.44
1442616977,residential,453.55,19,298.3
1442616986,residential,301.09,19,183.72
1442617008,residential,331.98,19,181.41
1442617026,residential,207.16,19,140.99
1442617048,residential,390.86,19,268.04
1442617062,residential,255.28,19,168.78
1442617079,residential,495.12,19,315.78
1442752363,residential,229.34,19,140.27
1442752381,residential,220.74,19,116.85
1442752418,residential,360.95,19,225.41
1442752419,residential,297.07,19,191.21
1442752421,residential,358.55,19,235.63
1442752422,residential,283.11,19,145.69
1442752542,residential,433.05,19,247.54
1442752571,residential,293.5,19,149.19
1442752603,residential,348.56,19,233.46
1442752604,residential,481.34,19,306.47
1442752605,residential,273.04,19,166.06
1442752679,residential,443.03,19,230.12
1443183172,residential,358.23,19,192.96
1443183173,commercial,1240.03,14,635.79
1443183174,residential,378.03,19,200.27
1443183175,residential,414.02,19,232.27
1443183177,residential,278.83,19,168.2
1443183180,residential,361.65,19,219.44
1443183181,commercial,1506.02,14,759.82
1443183182,commercial,1179.31,14,821.87
1443183187,residential,379.24,19,216.68
1443183188,residential,390.72,19,237.51
1443183191,residential,457.88,19,243.16
1443183192,residential,339.21,19,193.47
1443183193,residential,426.17,19,259.78
1443183196,commercial,1449.2,14,850.71
1443183198,commercial,1041.23,14,611.3
1443183204,residential,347.52,19,177.91
1443183205,commercial,1068.16,14,602.76
1443183206,residential,479.92,19,257.09
1443183207,commercial,1158.9,14,799.24
1443183209,residential,204.38,19,127.03
1443183210,commercial,1522.8,14,899.98
1443186887,commercial,1154.93,14,579.43
1443186888,residential,285.57,19,171.22
1443186937,residential,429.56,19,286.38
1443186938,commercial,936.39,14,565.78
1443186939,residential,462.68,19,290.11
1443186940,residential,247.27,19,132.85
1443186941,residential,345.9,19,181.24
1443186942,residential,202.24,19,137.76
1443402170,residential,451.28,19,302.57
1443402171,residential,409.78,19,232.74
1443402184,residential,213.91,19,126.22
1443411615,residential,217.56,19,143.91
1443411619,residential,457.69,19,276.83
1443411623,residential,398.63,19,228.8
1443411624,residential,221.05,19,120.22
1443411627,residential,420.32,19,287.93
1443414773,commercial,1567.99,14,892.15
1443415224,residential,462.57,19,284.52
1443415225,residential,335.93,19,231.41
1443415981,residential,240.92,19,130.42
1443482009,residential,256.21,19,133.76
1443482010,residential,211.21,19,125.04
1443482011,residential,218.57,19,137.72
1443482012,residential,364.56,19,226.15
1443516535,residential,277.98,19,178.1
1443516549,residential,262.6,19,144.24
1443516550,residential,273.89,19,184.12
1443516586,residential,497.27,19,261.17
1443623320,residential,348.22,19,186.64
1443623321,residential,499.58,19,348.74
1443623322,residential,312.94,19,168.5
1443623850,commercial,1420.62,14,804.78
1443631611,residential,292.34,19,161.05
1443631612,residential,202.56,19,110.4
1443631613,residential,473.37,19,295.86
1443631614,residential,260.5,19,162.67
1443631615,residential,417.32,19,268.07
1443631685,residential,366.65,19,218.96
1443631686,residential,208.4,19,127.96
1443631687,residential,355.54,19,203.16
1443631688,residential,261.55,19,179.52
1443631689,residential,349.09,19,235.15
1443631690,residential,439.23,19,236.47
1443631691,residential,426.55,19,239.16
1443631692,residential,300.27,19,174.7
1443631693,residential,204.01,19,103.85
1443631694,residential,321.5,19,196.62
1443636793,residential,228.96,19,117.05
1443636795,residential,408.5,19,284.69
1443636803,residential,255.08,19,137.26
1443640409,residential,276.26,19,150.46
1443640410,residential,357.66,19,235.3
1443657890,residential,336.73,19,191.27
1443848428,residential,466.43,19,288.0
1443848432,residential,428.04,19,287.4
1443848434,residential,305.91,19,162.22
1443848435,residential,357.85,19,205.19
1443848436,residential,240.64,19,125.33
1443878650,residential,289.07,19,175.99
1443942740,residential,289.72,19,188.14
1443942968,residential,227.9,19,155.91
1443943008,residential,357.92,19,181.35
1443962326,residential,285.61,19,147.64
1444089954,residential,324.11,19,215.63
1444097609,residential,429.72,19,217.94
1444120380,commercial,1713.91,14,1037.65
1444120381,residential,338.93,19,202.48
1444260407,residential,344.11,19,195.74
1444260455,residential,215.14,19,148.32
1444260456,residential,255.56,19,130.45
1444260490,residential,260.93,19,156.69
1444464442,residential,457.32,19,278.9
1444469675,residential,355.2,19,221.5
1444469678,residential,479.05,19,292.8
1444469683,residential,429.5,19,268.86
1444469713,residential,374.96,19,255.11
1444539086,residential,415.97,19,237.13
1444539096,residential,260.83,19,152.71
1444539097,residential,318.42,19,174.48
1444539098,residential,408.61,19,257.11
1444539107,residential,476.9,19,263.94
1444539108,residential,307.75,19,210.58
1444539113,residential,444.32,19,249.45
1444539115,residential,401.06,19,272.61
1444539118,residential,287.1,19,162.09
1444539124,residential,235.08,19,149.24
1445338529,residential,402.72,19,206.48
1445460582,commercial,1101.96,14,724.66
1446321059,residential,277.6,19,192.63
1446434484,residential,343.48,19,174.18
1446434557,residential,396.35,19,230.65
1446434558,residential,202.66,19,135.09
1446434603,residential,407.21,19,236.93
1446434646,residential,220.37,19,141.28
1446434702,residential,384.53,19,195.73
1446434704,residential,218.6,19,112.88
1446434705,residential,452.51,19,238.75
1446434706,residential,497.76,19,261.86
1446434711,residential,432.78,19,280.28
1446546835,residential,334.13,19,210.25
1446546836,residential,265.13,19,147.34
1446898642,residential,260.17,19,177.48
1446936798,residential,418.69,19,276.24
1446941080,commercial,894.24,14,598.14
1447160864,residential,452.81,19,316.69
1447160865,residential,313.99,19,200.18
1447510892,residential,382.01,19,247.34
1447510976,residential,448.13,19,227.06
1447515031,residential,448.25,19,262.28
1447515316,residential,296.7,19,171.61
1447685564,residential,490.33,19,253.37
1447685621,residential,314.46,19,212.25
1447685762,residential,217.47,19,115.96
1447685981,residential,342.72,19,206.09
1447954546,residential,253.15,19,168.69
1447954574,residential,416.21,19,250.94
1448235416,residential,470.49,19,268.55
1448235420,commercial,1557.61,14,853.22
1448247048,commercial,1282.35,14,857.68
1448247049,residential,310.32,19,175.56
1448548518,residential,312.69,19,176.28
1448548633,residential,350.85,19,188.97
1448551003,residential,218.48,19,127.32
1449319753,residential,310.31,19,162.79
1449375376,residential,223.96,19,139.78
1449375377,residential,370.07,19,252.76
1449375378,residential,375.82,19,194.1
1449375379,residential,230.6,19,115.69
1449375395,residential,433.44,19,265.32
1449375404,residential,262.88,19,151.16
1449375420,residential,356.53,19,242.7
1449386790,commercial,1061.51,14,695.71
1449587473,residential,413.99,19,288.15
1449587584,residential,270.02,19,140.74
1449587586,commercial,1605.39,14,1067.66
1449587798,commercial,1534.87,14,936.11
1449595455,residential,237.4,19,143.76
1449609162,residential,226.32,19,153.79
1449723947,residential,201.2,19,126.07
1449723948,residential,373.94,19,250.8
1449723949,residential,225.23,19,142.68
1449723950,residential,410.82,19,260.96
1449723968,residential,262.92,19,132.57
1449723969,residential,314.95,19,177.21
1449723973,residential,457.22,19,280.57
1449723981,residential,466.4,19,283.16
1450175840,residential,463.33,19,297.21
1451528747,residential,408.59,19,205.83
1451897763,commercial,1337.97,14,735.87
1451961252,residential,246.46,19,140.82
1452270792,residential,447.46,19,281.15
1452328811,residential,418.18,19,216.61
1452342252,residential,217.28,19,128.68
1452342264,residential,391.94,19,205.35
1452342266,residential,498.75,19,279.45
1452396102,commercial,1107.82,14,576.83
1452541766,residential,373.14,19,208.93
1452541778,residential,379.7,19,206.39
1452778842,residential,290.06,19,201.21
1453040556,commercial,1462.95,14,877.22
1453040560,residential,314.44,19,199.94
1453040577,commercial,1751.54,14,1109.2
1453040581,commercial,1263.55,14,661.8
1453041899,commercial,1422.99,14,749.83
1453046749,residential,418.24,19,264.39
1453323934,commercial,1798.88,14,1103.93
1453325601,residential,495.99,19,264.91
1453325602,residential,436.04,19,253.02
1453325603,commercial,831.02,14,448.79
1454051717,residential,300.23,19,161.29
1454051720,commercial,1225.88,14,750.72
1454051736,commercial,1122.05,14,633.32
1454053839,residential,319.44,19,175.16
1454606763,residential,406.4,19,224.62
1454606764,residential,460.44,19,238.44
1454919860,residential,273.08,19,178.86
1454927458,residential,258.14,19,161.71
1454927476,residential,303.22,19,181.66
1454927509,residential,321.81,19,162.86
1455374735,residential,316.92,19,180.21
1455401181,residential,406.86,19,218.45
1455401184,residential,460.38,19,258.73
1455402457,residential,260.6,19,148.76
1455402458,residential,299.41,19,158.66
1455402459,residential,302.78,19,154.54
1455433880,residential,232.11,19,141.97
1455433884,residential,420.06,19,264.18
1455980470,residential,432.79,19,228.64
1455980482,commercial,1445.41,14,900.51
1455980487,residential,494.83,19,328.02
1455980488,residential,447.56,19,255.32
1455980500,residential,499.27,19,271.32
1455980501,residential,453.97,19,235.84
1455980502,residential,392.2,19,261.95
1456248454,residential,258.8,19,174.81
1456248504,residential,445.34,19,231.91
1456248515,residential,306.26,19,182.0
1456248522,residential,268.38,19,139.78
1456248523,residential,243.52,19,151.67
1456285194,residential,450.41,19,235.85
1456405932,residential,271.46,19,142.64
1456905440,residential,449.54,19,238.48
1457670195,residential,425.35,19,259.49
1457945486,residential,493.21,19,337.91
1457945489,residential,441.36,19,239.91
1457956294,residential,284.35,19,158.01
1457956297,residential,208.45,19,118.78
1457956312,residential,221.67,19,133.48
1457958379,residential,425.06,19,292.56
1457958380,residential,426.43,19,237.05
1457958383,residential,440.91,19,239.38
1457958386,residential,475.87,19,250.32
1457958389,residential,324.07,19,169.34
1457958400,residential,205.95,19,129.97
1457959819,residential,451.48,19,302.7
1457959844,residential,452.04,19,241.59
1457959849,residential,423.34,19,248.0
1458218791,residential,206.47,19,126.9
1458295493,commercial,1115.11,14,765.62
1458298332,residential,301.48,19,191.68
1458308504,residential,459.6,19,291.22
1458308516,residential,479.46,19,268.42
1458308521,residential,332.74,19,212.06
1458308522,residential,492.36,19,342.54
1458308534,residential,231.46,19,154.61
1458308557,residential,298.57,19,188.4
1458314998,residential,471.7,19,266.88
1458315085,residential,404.22,19,263.47
1458315110,residential,276.46,19,148.48
1458315133,residential,460.05,19,244.24
1458415585,residential,302.04,19,152.77
1458415586,residential,352.77,19,202.17
1458415587,residential,237.53,19,149.41
1458544314,residential,208.81,19,135.2
1458648074,residential,335.37,19,179.2
1458657395,residential,347.7,19,209.31
1458657435,residential,378.03,19,233.73
1458666554,residential,319.36,19,196.34
1458666555,residential,274.23,19,191.21
1458666623,residential,467.7,19,307.71
1458729073,commercial,1718.68,14,987.55
1458729084,residential,416.72,19,231.82
1458729112,residential,383.93,19,213.75
1458729113,residential,354.18,19,238.12
1458736800,residential,234.28,19,139.59
1458955892,residential,296.37,19,164.54
1458955922,residential,256.39,19,162.6
1458955970,residential,308.29,19,210.03
1458956024,residential,235.63,19,163.77
1459039826,residential,221.68,19,120.79
1459039827,residential,450.61,19,299.37
1459039828,residential,372.68,19,241.07
1459039875,residential,243.47,19,157.22
1459039902,residential,392.02,19,217.51
1459039947,residential,393.15,19,235.96
1459039983,residential,468.99,19,269.27
1459039985,residential,338.7,19,192.77
1459039986,residential,281.26,19,188.51
1459039987,residential,461.61,19,277.81
1459040012,residential,330.11,19,198.64
1459040044,residential,239.61,19,132.55
1459040084,residential,301.5,19,156.75
1459040110,residential,305.7,19,176.9
1459048381,residential,402.38,19,250.12
1459048407,residential,372.0,19,233.83
1459048426,residential,492.2,19,321.58
1459067492,residential,390.15,19,255.76
1459067493,residential,434.35,19,252.29
1459083664,residential,345.93,19,188.49
1459083688,residential,293.51,19,161.81
1459083689,residential,261.27,19,181.52
1459083720,residential,360.19,19,186.51
1459083721,residential,266.73,19,172.49
1459083749,residential,436.58,19,292.53
1459083764,residential,426.04,19,230.17
1459083765,residential,404.06,19,226.69
1459083805,residential,448.16,19,297.02
1459083823,residential,455.47,19,264.47
1459083868,residential,241.77,19,123.66
1459083878,residential,471.78,19,278.61
1459083891,residential,271.0,19,136.55
1459083892,residential,289.7,19,178.24
1459089764,residential,355.85,19,237.54
1459089765,residential,333.29,19,222.01
1459089767,residential,469.58,19,243.94
1459089768,residential,275.84,19,145.04
1459202085,residential,295.37,19,150.4
1459202115,residential,309.14,19,173.57
1459202190,residential,372.15,19,246.23
1459202191,residential,354.08,19,247.07
1459208145,residential,457.1,19,241.91
1459208147,residential,482.66,19,279.83
1459208148,residential,328.3,19,219.68
1459208149,residential,473.88,19,249.74
1459208150,residential,209.26,19,115.88
1459208151,residential,419.54,19,286.85
1459208152,residential,320.38,19,201.96
1459208153,residential,263.14,19,136.21
1459208154,residential,225.24,19,134.36
1459208155,residential,439.62,19,294.33
1459208156,residential,380.45,19,237.7
1459208157,residential,442.11,19,250.95
1459208158,residential,432.35,19,238.13
1459208159,residential,243.38,19,133.75
1459237759,commercial,1197.03,14,754.86
1459521213,residential,227.9,19,139.06
1459521224,residential,328.42,19,187.01
1459521244,residential,351.94,19,211.06
1459521262,residential,240.35,19,161.33
1459521281,residential,394.3,19,228.09
1459521302,residential,440.73,19,279.35
1459521322,residential,251.65,19,144.32
1459521323,residential,410.26,19,216.04
1459521324,residential,411.02,19,218.05
1459521325,residential,463.23,19,318.85
1459521326,residential,424.39,19,276.75
1459521327,residential,493.17,19,248.35
1459521328,residential,246.4,19,139.22
1459793731,commercial,1321.38,14,845.81
1459793732,residential,484.9,19,315.1
1459793757,residential,200.95,19,120.14
1459793785,residential,208.06,19,134.69
1459793834,residential,372.39,19,197.87
1460084758,residential,445.96,19,302.9
1460084768,residential,378.58,19,199.29
1460084782,residential,467.51,19,246.69
1460088544,residential,369.43,19,250.2
1460088558,residential,476.62,19,254.36
1460088564,residential,340.73,19,193.13
1460088565,residential,469.25,19,254.51
1460088566,residential,456.99,19,247.09
1460091129,residential,465.23,19,298.32
1460091130,residential,423.53,19,276.82
1460418462,residential,402.48,19,250.34
1460658616,residential,324.41,19,206.02
1460658650,residential,334.34,19,223.75
1460658719,residential,421.94,19,238.41
1460658720,residential,350.63,19,189.11
1460661000,residential,230.26,19,157.31
1460661014,residential,269.71,19,144.57
1460686599,commercial,1010.15,14,617.99
1460686600,commercial,1208.77,14,662.67
1460686601,commercial,887.71,14,621.0
1460686607,commercial,1399.37,14,723.45
1460696052,residential,362.98,19,228.41
1460696055,residential,273.67,19,170.3
1460780893,residential,216.55,19,150.32
1460929520,commercial,1171.09,14,775.2
1461443617,residential,347.84,19,176.71
1461448840,residential,285.43,19,157.44
1461513551,residential,390.87,19,235.74
1461702096,commercial,1625.65,14,1075.89
1461702099,commercial,1057.72,14,572.44
1461702102,residential,225.89,19,117.94
1461702107,commercial,1801.94,14,1216.01
1461993299,commercial,1725.08,14,1174.05
1462502466,commercial,1293.79,14,895.24
1462525247,residential,344.35,19,188.65
1462525369,residential,273.83,19,157.41
1462525370,residential,363.99,19,243.32
1462525551,residential,395.14,19,246.97
1462534528,residential,294.25,19,187.89
1462534710,residential,328.68,19,221.22
1462748355,residential,489.04,19,270.23
1462748372,commercial,1482.33,14,909.96
1462748379,residential,362.59,19,186.57
1462748381,residential,320.53,19,161.63
1462748382,residential,440.94,19,305.84
1462748384,residential,455.98,19,245.83
1463462448,residential,468.64,19,259.2
1463636831,residential,485.16,19,325.41
1463636832,residential,280.64,19,163.68
1463636833,residential,364.16,19,229.08
1463643834,residential,208.72,19,114.57
1463643851,residential,473.79,19,314.46
1463643864,residential,276.57,19,188.83
1463643872,residential,215.85,19,135.66
1463643877,residential,290.4,19,148.18
1463856159,commercial,1440.18,14,982.14
1464299542,residential,326.99,19,212.09
1464299543,residential,402.69,19,216.04
1464513372,residential,291.77,19,162.6
1464513374,residential,349.52,19,200.8
1464513375,residential,438.3,19,225.4
1464513376,residential,443.19,19,308.16
1464995844,residential,202.49,19,104.4
1464995845,residential,459.81,19,275.36
1464995846,residential,314.89,19,173.14
1465621932,residential,455.75,19,244.51
1465655832,residential,258.08,19,165.75
1466933293,residential,225.51,19,148.45
1469033584,commercial,1041.55,14,538.57
1469033585,residential,290.25,19,150.58
1469033586,commercial,1347.75,14,847.52
1469033587,commercial,1381.47,14,821.32
1469033588,residential,325.09,19,178.98
1469033589,residential,488.19,19,303.61
1470061037,commercial,1676.25,14,1031.07
1470061038,commercial,941.92,14,635.07
1470061039,commercial,978.84,14,520.75
1470061040,commercial,1007.49,14,548.49
1470061041,commercial,1787.82,14,977.78
1470061044,commercial,1812.06,14,912.88
1470061047,residential,301.07,19,201.75
1470061050,commercial,1128.03,14,602.61
1470061051,residential,462.5,19,284.24
1470061053,commercial,1853.8,14,961.17
1470061060,residential,455.37,19,288.41
1470061062,residential,299.43,19,199.98
1470061067,commercial,1296.81,14,678.45
1470061068,residential,308.19,19,192.82
1470061069,commercial,1735.38,14,915.93
1470266445,residential,377.95,19,215.66
1470266447,residential,204.77,19,118.18
1470266468,residential,348.22,19,208.93
1470266470,residential,257.63,19,166.96
1471535984,commercial,1584.54,14,833.88
1471535985,residential,493.47,19,290.43
1472339952,residential,247.76,19,138.64
1476065677,residential,433.62,19,221.67
1481037998,residential,312.51,19,188.25
1481059327,residential,464.02,19,260.94
1481059337,residential,399.38,19,209.27
1481059338,residential,227.48,19,136.5
1481059359,residential,253.51,19,161.45
1481059384,residential,340.08,19,218.42
1481123204,residential,345.88,19,222.72
1481123205,residential,389.46,19,261.1
1481123206,residential,447.19,19,253.63
1481123213,residential,476.25,19,269.53
1482865540,residential,338.84,19,179.04
1484978131,residential,344.14,19,201.72
1486315099,residential,488.69,19,279.48
1486315100,residential,418.24,19,263.7
1487518758,residential,392.32,19,212.19
1487518824,residential,449.38,19,246.21
1487692863,residential,371.81,19,248.75
1488021180,residential,352.15,19,190.1
1488651602,residential,263.74,19,152.51
1488651608,residential,463.0,19,313.24
1488651609,residential,309.54,19,172.53
1488651618,residential,250.28,19,146.12
1488652747,residential,376.63,19,256.06
1488652748,residential,313.07,19,166.68
1489035925,residential,478.74,19,252.8
1489035934,residential,368.1,19,195.66
1489035941,residential,393.06,19,226.16
1489346230,residential,251.57,19,157.34
1489346242,residential,312.72,19,196.98
1489533663,residential,300.04,19,153.91
1489659645,residential,440.08,19,283.99
1489659677,residential,272.57,19,171.32
1489659708,residential,374.87,19,226.34
1489659766,residential,245.4,19,145.88
1489838417,residential,220.98,19,115.82
1489838420,residential,392.25,19,223.44
1489838422,residential,362.23,19,242.74
1489838431,residential,361.94,19,205.69
1489890983,residential,448.03,19,226.27
1489953940,residential,460.66,19,308.05
1490089097,residential,212.53,19,109.68
1490089098,residential,279.04,19,163.75
1490127496,residential,479.6,19,306.18
1491101705,residential,439.33,19,265.93
1491267338,residential,358.12,19,197.16
1491267346,residential,343.0,19,198.34
1491277840,commercial,1506.5,14,962.11
1491306545,residential,340.31,19,190.76
1491306615,residential,247.79,19,128.05
1491389070,residential,357.29,19,194.43
1491389077,residential,337.02,19,173.96
1491389083,commercial,996.93,14,556.85
1491389089,commercial,1548.02,14,1006.83
1491398487,residential,302.06,19,205.44
1491571170,commercial,1082.97,14,565.03
1492079129,commercial,1097.65,14,602.69
1492511344,residential,413.05,19,263.03
1492511345,residential,240.45,19,147.44
1492547658,residential,251.92,19,169.72
1493374030,commercial,1451.39,14,737.51
1494503423,commercial,1523.94,14,938.08
1494503424,commercial,972.52,14,557.05
1494503425,residential,333.13,19,220.82
1494554154,residential,292.79,19,195.73
1494554155,residential,314.28,19,167.43
1494554301,residential,442.39,19,242.53
1494554307,residential,493.18,19,339.47
1494554310,residential,313.09,19,164.09
1494554311,residential,408.1,19,276.22
1494554312,residential,475.17,19,261.51
1494554314,residential,268.38,19,139.8
1494554322,residential,358.59,19,200.17
1494554323,residential,337.62,19,205.5
1494554324,residential,362.12,19,195.83
1494627843,commercial,1712.51,14,1094.19
1494642438,commercial,1449.42,14,835.01
1495171770,residential,406.63,19,254.94
1495171771,residential,493.36,19,263.1
1495171772,residential,384.27,19,264.06
1495171773,residential,357.45,19,244.63
1495171782,residential,283.58,19,171.58
1495171793,residential,287.03,19,162.52
1495171794,residential,482.13,19,302.63
1495171796,residential,225.84,19,134.11
1495171806,residential,299.97,19,195.71
1495171807,residential,473.99,19,321.89
1495171808,residential,281.86,19,141.59
1495171811,residential,445.68,19,291.76
1495171812,residential,414.69,19,243.91
1495382652,residential,469.94,19,273.39
1495382661,residential,341.55,19,236.9
1495382666,residential,284.06,19,164.29
1495382676,residential,230.02,19,153.43
1495382678,residential,300.92,19,180.06
1495382680,residential,327.88,19,166.04
1495382696,residential,370.87,19,221.57
1495382698,commercial,1375.89,14,813.65
1495604592,residential,479.44,19,290.41
1495604593,residential,361.48,19,223.25
1495604594,residential,250.47,19,147.38
1495616694,residential,445.75,19,245.85
1495616695,residential,378.82,19,259.85
1495616697,residential,441.65,19,286.58
1495616698,residential,377.56,19,190.75
1495616713,residential,220.45,19,133.01
1496004497,commercial,811.22,14,560.86
1496006074,residential,302.17,19,151.97
1496208115,residential,361.7,19,181.38
1496208116,residential,352.15,19,241.53
1496208117,residential,296.53,19,180.56
1497839474,residential,467.92,19,243.01
1498841805,residential,330.03,19,217.14
1499398999,residential,249.58,19,165.45
1499399011,residential,245.48,19,139.06
1499399044,residential,451.61,19,247.52
1499403381,residential,408.61,19,254.39
1499403382,commercial,1375.08,14,853.82
1501162717,residential,264.07,19,145.68
1501256297,residential,303.31,19,186.33
1501256298,residential,254.79,19,159.65
1501256299,residential,389.54,19,251.87
1501496444,residential,215.0,19,129.22
1501496445,residential,296.22,19,196.24
1501496446,residential,395.91,19,210.64
1501496447,residential,235.96,19,146.22
1501496448,residential,428.84,19,286.95
1501496449,residential,302.01,19,158.86
1501661092,residential,297.74,19,180.21
1501691880,residential,357.69,19,227.47
1501691897,residential,420.5,19,233.59
1501691899,residential,428.81,19,234.53
1501691900,residential,386.36,19,207.24
1501691901,residential,418.49,19,261.7
1501691902,residential,223.24,19,153.66
1501691903,residential,393.25,19,232.07
1501691904,residential,367.84,19,201.2
1501691905,residential,451.56,19,302.74
1501691906,residential,375.53,19,217.01
1501691907,residential,272.67,19,160.96
1501691909,residential,243.12,19,168.01
1501691910,residential,366.66,19,184.0
1501691911,residential,202.11,19,118.52
1501691912,residential,257.03,19,155.52
1501691918,residential,381.44,19,246.72
1501706069,residential,451.16,19,264.83
1501706070,residential,383.95,19,216.2
1501788749,residential,382.0,19,196.82
1501788750,residential,449.74,19,234.24
1501788751,residential,243.27,19,149.65
1501788752,residential,420.48,19,292.71
1504026523,residential,266.4,19,174.1
1504310360,residential,386.25,19,203.18
1504310362,residential,427.33,19,235.44
1504310495,residential,264.85,19,179.64
1504765394,residential,397.67,19,219.39
1506516575,residential,353.03,19,214.16
1506516594,residential,296.79,19,192.43
1506542256,residential,233.35,19,117.1
1507004198,residential,317.6,19,163.87
1507377591,residential,367.79,19,252.7
1507400912,residential,366.35,19,255.45
1507400920,residential,357.86,19,229.36
1507400966,residential,213.6,19,111.25
1507512046,residential,273.77,19,151.43
1507815051,residential,341.35,19,213.6
1508163964,residential,462.02,19,306.52
1508163965,residential,436.44,19,295.75
