tree
version=v4
num_class=1
num_tree_per_iteration=1
label_index=0
max_feature_idx=3
objective=regression
feature_names=hour minute dayofweek is_weekend
feature_infos=[0:23] [0:45] [0:6] [0:1]
tree_sizes=2657 2719 2725 2729 2720 2731 2729 2725 2738 2742 2739 2742 2742 2737 2726 2738 2745 2728 2745 2744 2755 2754 2754 2755 2760 2758 2754 2761 2768 2764 2762 2776 2764 2776 2776 2771 2788 2774 2759 2785 2784 2780 2782 2771 2778 2788 2787 2778 2780 2782 2811 2783 2788 2783 2786 2778 2782 2785 2768 2783 2764 2774 2790 2775 2787 2794 2766 2776 2780 2790 2798 2767 2781 2798 2815 2820 2819 2783 2803 2778 2775 2792 2793 2779 2774 2772 2776 2786 2776 2787 2800 2774 2793 2772 2782 2804 2795 2785 2756 2789 2804 2776 2795 2761 2791 2772 2790 2779 2776 2779 2769 2781 2783 2784 2769 2786 2771 2767 2762 2769 2769 2760 2783 2772 2768 2786 2769 2797 2782 2779 2780 2769 2777 2779 2759 2791 2781 2771 2781 2742 2790 2780 2778 2789 2775 2767 2759 2768 2767 2778

Tree=0
num_leaves=31
num_cat=0
split_feature=0 0 0 2 0 0 0 0 0 0 0 0 0 0 0 0 0 0 0 0 0 0 2 1 1 0 1 2 2 2
split_gain=696062 1.01783e+06 550658 431938 45136.5 66292.1 28615.2 12512.5 8079.43 4017.14 3195.75 3072.82 3016.88 2744.98 2515.16 1876.97 1876.01 1126.93 723.725 1070.14 495.546 383.333 214.872 182.771 162.625 133.945 125.293 112.779 92.7634 138.094
threshold=17.500000000000004 21.500000000000004 12.500000000000002 4.5000000000000009 1.5000000000000002 9.5000000000000018 14.500000000000002 3.5000000000000004 11.500000000000002 8.5000000000000018 13.500000000000002 22.500000000000004 1.0000000180025095e-35 20.500000000000004 15.500000000000002 10.500000000000002 2.5000000000000004 20.500000000000004 7.5000000000000009 4.5000000000000009 19.500000000000004 16.500000000000004 2.5000000000000004 37.500000000000007 37.500000000000007 19.500000000000004 22.500000000000004 1.0000000180025095e-35 1.0000000180025095e-35 4.5000000000000009
decision_type=2 2 2 2 2 2 2 2 2 2 2 2 2 2 2 2 2 2 2 2 2 2 2 2 2 2 2 2 2 2
left_child=2 3 4 13 12 7 10 16 15 18 28 26 -1 20 -8 -7 24 25 19 -9 -2 22 -16 -15 -6 -5 -3 -21 -4 -30
right_child=1 11 6 17 5 8 14 9 -10 -11 -12 -13 -14 23 21 -17 -18 -19 -20 27 -22 -23 -24 -25 -26 -27 -28 -29 29 -31
leaf_value=110.5934474345175 113.57819448542743 110.11309723439652 110.25326825234134 111.19907002432249 111.10315908413665 111.05405069074929 109.83727341764012 111.43834546263938 110.59987356037549 111.28628085746418 110.07449275585849 110.32998663512706 110.84414987908082 113.87041791224229 109.7396932465716 110.85630474618972 111.27709172878092 111.46916898891124 111.43270644232656 111.61071123017179 113.68114574405391 109.59435023102004 109.64373085642127 113.75274751202737 111.00810797900299 111.28710421058841 110.04084394825338 111.55249798567084 110.37310604502738 110.28625576595364
leaf_weight=240 348 120 32 133 180 240 240 240 240 240 240 240 240 132 100 240 240 64 240 96 176 240 140 44 60 64 120 624 140 68
leaf_count=240 348 120 32 133 180 240 240 240 240 240 240 240 240 132 100 240 240 64 240 96 176 240 140 44 60 64 120 624 140 68
internal_value=111.132 112.084 110.815 113.023 111.165 111.246 109.904 111.399 110.837 111.473 110.204 110.203 110.719 113.67 109.705 110.955 111.178 111.287 111.51 111.53 113.613 109.639 109.684 113.841 111.079 111.228 110.077 111.56 110.333 110.345
internal_weight=0 1441 4320 961 3120 2640 1200 1920 720 1440 480 480 480 700 720 480 480 261 1200 960 524 480 240 176 240 197 240 720 240 208
internal_count=5761 1441 4320 961 3120 2640 1200 1920 720 1440 480 480 480 700 720 480 480 261 1200 960 524 480 240 176 240 197 240 720 240 208
is_linear=0
shrinkage=1


Tree=1
num_leaves=31
num_cat=0
split_feature=0 0 0 2 0 0 0 0 0 0 0 0 0 0 0 0 0 0 0 0 0 0 2 1 1 0 1 2 2 2
split_gain=628196 918590 496969 389824 40735.7 59828.6 25825.2 11292.5 7291.68 3625.47 2884.16 2773.22 2722.74 2477.34 2269.93 1693.96 1693.1 1017.05 653.162 965.804 447.23 345.958 193.922 164.951 146.769 120.886 113.077 101.783 86.3109 84.3799
threshold=17.500000000000004 21.500000000000004 12.500000000000002 4.5000000000000009 1.5000000000000002 9.5000000000000018 14.500000000000002 3.5000000000000004 11.500000000000002 8.5000000000000018 13.500000000000002 22.500000000000004 1.0000000180025095e-35 20.500000000000004 15.500000000000002 10.500000000000002 2.5000000000000004 20.500000000000004 7.5000000000000009 4.5000000000000009 19.500000000000004 16.500000000000004 2.5000000000000004 37.500000000000007 37.500000000000007 19.500000000000004 22.500000000000004 1.0000000180025095e-35 4.5000000000000009 5.5000000000000009
decision_type=2 2 2 2 2 2 2 2 2 2 2 2 2 2 2 2 2 2 2 2 2 2 2 2 2 2 2 2 2 2
left_child=2 3 4 13 12 7 10 16 15 18 -4 26 -1 20 -8 -7 24 25 19 -9 -2 22 -16 -15 -6 -5 -3 -21 -23 -27
right_child=1 11 6 17 5 8 14 9 -10 -11 -12 -13 -14 23 21 -17 -18 -19 -20 27 -22 28 -24 -25 -26 29 -28 -29 -30 -31
leaf_value=-0.51174887463139995 2.3237608262862284 -0.96808162649472562 -0.75962986032168078 0.063592590719699527 -0.027522801222900552 -0.074175779625268973 -1.2301141917705536 0.2909042495302856 -0.50564406058751055 0.14644288575587175 -1.0047558758656183 -0.76203664623200895 -0.27358154719229788 2.6013730135830966 -1.3228153648376466 -0.26203442706338442 0.13771320911623966 0.32018660735338927 0.28554718298973358 0.45465172845870261 2.4215645313262941 -1.4797445621601373 -1.4139796287672861 2.4895862059159715 -0.11782135734024146 0.20463664900744336 -1.0367222213745118 0.39934915629908063 -1.4132034792619592 0.089813479059375825
leaf_weight=240 348 120 240 133 180 240 240 240 240 240 240 240 240 132 100 240 240 64 240 96 176 172 140 44 60 32 120 624 68 32
leaf_count=240 348 120 240 133 180 240 240 240 240 240 240 240 240 132 100 240 240 64 240 96 176 172 140 44 60 32 120 624 68 32
internal_value=0 0.904021 -0.30155 1.79621 0.031038 0.108075 -1.16628 0.253835 -0.280618 0.323844 -0.882193 -0.882219 -0.392665 2.41112 -1.35567 -0.168105 0.0438079 0.14702 0.359324 0.377768 2.35661 -1.41844 -1.37599 2.57343 -0.0500974 0.0907625 -1.0024 0.406723 -1.46089 0.147225
internal_weight=0 1441 4320 961 3120 2640 1200 1920 720 1440 480 480 480 700 720 480 480 261 1200 960 524 480 240 176 240 197 240 720 240 64
internal_count=5761 1441 4320 961 3120 2640 1200 1920 720 1440 480 480 480 700 720 480 480 261 1200 960 524 480 240 176 240 197 240 720 240 64
is_linear=0
shrinkage=0.05


Tree=2
num_leaves=31
num_cat=0
split_feature=0 0 0 2 0 0 0 0 0 0 0 0 0 0 0 0 0 0 0 0 0 0 2 1 1 0 1 2 2 2
split_gain=566947 829027 448514 351816 36764 53995.3 23307.3 10191.5 6580.74 3271.99 2602.96 2502.83 2457.27 2235.8 2048.61 1528.8 1528.02 917.891 589.479 871.638 403.625 312.227 175.014 148.868 132.459 109.099 102.052 91.8589 83.9706 83.719
threshold=17.500000000000004 21.500000000000004 12.500000000000002 4.5000000000000009 1.5000000000000002 9.5000000000000018 14.500000000000002 3.5000000000000004 11.500000000000002 8.5000000000000018 13.500000000000002 22.500000000000004 1.0000000180025095e-35 20.500000000000004 15.500000000000002 10.500000000000002 2.5000000000000004 20.500000000000004 7.5000000000000009 4.5000000000000009 19.500000000000004 16.500000000000004 2.5000000000000004 37.500000000000007 37.500000000000007 19.500000000000004 22.500000000000004 1.0000000180025095e-35 4.5000000000000009 1.0000000180025095e-35
decision_type=2 2 2 2 2 2 2 2 2 2 2 2 2 2 2 2 2 2 2 2 2 2 2 2 2 2 2 2 2 2
left_child=2 3 4 13 12 7 10 16 15 18 29 26 -1 20 -8 -7 24 25 19 -9 -2 22 -16 -15 -6 -5 -3 -21 -12 -4
right_child=1 11 6 17 5 8 14 9 -10 -11 28 -13 -14 23 21 -17 -18 -19 -20 27 -22 -23 -24 -25 -26 -27 -28 -29 -30 -31
leaf_value=-0.48616143176642562 2.2075727769698221 -0.91967751816536003 -0.79693763256073002 0.060412961416842798 -0.026146665169960927 -0.070466989677030745 -1.1686084941029549 0.27635904222726826 -0.48036185531799369 0.13912073728395627 -0.97311398483986078 -0.72393480961521472 -0.2599024709671115 2.4713044253262608 -1.256674617767334 -0.24893270606175066 0.13082754432951335 0.30417727640597153 0.27126982121767168 0.43191914555306243 2.3004862308502196 -1.3878466727336249 -1.3432806995936803 2.3651069120927288 -0.11193028340737027 0.13986381262075157 -0.98488611062367759 0.37938169704833946 -0.9074812328114229 -0.71006540068640156
leaf_weight=240 348 120 32 133 180 240 240 240 240 240 172 240 240 132 100 240 240 64 240 96 176 240 140 44 60 64 120 624 68 208
leaf_count=240 348 120 32 133 180 240 240 240 240 240 172 240 240 132 100 240 240 64 240 96 176 240 140 44 60 64 120 624 68 208
internal_value=0 0.85882 -0.286472 1.7064 0.0294861 0.102671 -1.10796 0.241143 -0.266587 0.307652 -0.838083 -0.838108 -0.373032 2.29057 -1.28788 -0.1597 0.0416175 0.139669 0.341358 0.35888 2.23878 -1.34752 -1.30719 2.44476 -0.0475926 0.0862244 -0.952282 0.386387 -0.954518 -0.721648
internal_weight=0 1441 4320 961 3120 2640 1200 1920 720 1440 480 480 480 700 720 480 480 261 1200 960 524 480 240 176 240 197 240 720 240 240
internal_count=5761 1441 4320 961 3120 2640 1200 1920 720 1440 480 480 480 700 720 480 480 261 1200 960 524 480 240 176 240 197 240 720 240 240
is_linear=0
shrinkage=0.05


Tree=3
num_leaves=31
num_cat=0
split_feature=0 0 0 2 0 0 0 0 0 0 0 0 0 0 0 0 0 0 0 0 0 0 2 1 1 0 1 2 2 2
split_gain=511669 748197 404784 317514 33179.5 48730.8 21034.8 9197.81 5939.12 2952.97 2349.17 2258.81 2217.69 2017.81 1848.87 1379.74 1379.04 828.396 532.005 786.653 364.271 281.785 157.95 134.354 119.544 98.4622 92.1018 82.9027 82.27 81.368
threshold=17.500000000000004 21.500000000000004 12.500000000000002 4.5000000000000009 1.5000000000000002 9.5000000000000018 14.500000000000002 3.5000000000000004 11.500000000000002 8.5000000000000018 13.500000000000002 22.500000000000004 1.0000000180025095e-35 20.500000000000004 15.500000000000002 10.500000000000002 2.5000000000000004 20.500000000000004 7.5000000000000009 4.5000000000000009 19.500000000000004 16.500000000000004 2.5000000000000004 37.500000000000007 37.500000000000007 19.500000000000004 22.500000000000004 1.0000000180025095e-35 1.5000000000000002 2.5000000000000004
decision_type=2 2 2 2 2 2 2 2 2 2 2 2 2 2 2 2 2 2 2 2 2 2 2 2 2 2 2 2 2 2
left_child=2 3 4 13 12 7 10 16 15 18 -4 26 -1 20 -8 29 24 25 19 -9 -2 22 -16 -15 -6 -5 -3 -21 -11 -7
right_child=1 11 6 17 5 8 14 9 -10 28 -12 -13 -14 23 21 -17 -18 -19 -20 27 -22 -23 -24 -25 -26 -27 -28 -29 -30 -31
leaf_value=-0.46185336260745924 2.0971941301192358 -0.87369363153974222 -0.6855659528821707 0.057392308715366783 -0.024839331110318504 -0.032496343404054641 -1.1101781034469604 0.26254109488955391 -0.45634376021800566 0.18071047629928216 -0.90679214268922803 -0.68773807369172579 -0.24690735286722584 2.3477391329678623 -1.1938409209251404 -0.23648606748941045 0.12428617134670883 0.28896841323003175 0.25770633240424407 0.41032318984313565 2.1854618554765528 -1.318454375267029 -1.2761166599818639 2.2468514875932173 -0.10633377701044083 0.13287061975570397 -0.93564180453618373 0.36041260573338385 0.11451169076714328 -0.091548851629985231
leaf_weight=240 348 120 240 133 180 100 240 240 240 64 240 240 240 132 100 240 240 64 240 96 176 240 140 44 60 64 120 624 176 140
leaf_count=240 348 120 240 133 180 100 240 240 240 64 240 240 240 132 100 240 240 64 240 96 176 240 140 44 60 64 120 624 176 140
internal_value=0 0.815879 -0.272148 1.62108 0.0280118 0.0975376 -1.05257 0.229086 -0.253258 0.292269 -0.796179 -0.796203 -0.35438 2.17604 -1.22349 -0.151715 0.0395366 0.132685 0.32429 0.340936 2.12684 -1.28014 -1.24184 2.32252 -0.0452129 0.0819132 -0.904668 0.367067 0.132165 -0.0669436
internal_weight=0 1441 4320 961 3120 2640 1200 1920 720 1440 480 480 480 700 720 480 480 261 1200 960 524 480 240 176 240 197 240 720 240 240
internal_count=5761 1441 4320 961 3120 2640 1200 1920 720 1440 480 480 480 700 720 480 480 261 1200 960 524 480 240 176 240 197 240 720 240 240
is_linear=0
shrinkage=0.05


Tree=4
num_leaves=31
num_cat=0
split_feature=0 0 0 2 0 0 0 0 0 0 0 0 0 0 0 0 0 0 0 0 0 0 2 1 1 0 1 2 1 2
split_gain=461782 675248 365318 286556 29944.5 43979.5 18983.9 8301.02 5360.06 2665.05 2120.13 2038.57 2001.46 1821.07 1668.61 1245.22 1244.58 747.628 480.134 709.954 328.756 254.311 142.55 121.254 107.889 88.8622 83.1218 77.8956 77.5587 76.1529
threshold=17.500000000000004 21.500000000000004 12.500000000000002 4.5000000000000009 1.5000000000000002 9.5000000000000018 14.500000000000002 3.5000000000000004 11.500000000000002 8.5000000000000018 13.500000000000002 22.500000000000004 1.0000000180025095e-35 20.500000000000004 15.500000000000002 10.500000000000002 2.5000000000000004 20.500000000000004 7.5000000000000009 4.5000000000000009 19.500000000000004 16.500000000000004 2.5000000000000004 37.500000000000007 37.500000000000007 19.500000000000004 22.500000000000004 4.5000000000000009 37.500000000000007 5.5000000000000009
decision_type=2 2 2 2 2 2 2 2 2 2 2 2 2 2 2 2 2 2 2 2 2 2 2 2 2 2 2 2 2 2
left_child=2 3 4 13 12 7 10 16 15 18 -4 26 -1 20 -8 -7 24 25 19 -9 -2 22 -16 -15 -6 -5 -3 -23 -28 -27
right_child=1 11 6 17 5 8 14 9 -10 -11 -12 -13 -14 23 21 -17 -18 -19 -20 -21 -22 27 -24 -25 -26 29 28 -29 -30 -31
leaf_value=-0.43876070154132329 1.992334396537693 -0.83000895818074538 -0.65128765523123244 0.054522696655607765 -0.023597362067149436 -0.063596457242577648 -1.0546692050496738 0.24941404124173761 -0.43352658064706101 0.12555646449327471 -0.86145254492759704 -0.65335115585165715 -0.23456198272314699 2.2303521250233507 -1.1341488304138183 -0.22466176057428433 0.11807186270908764 0.2745199871598743 0.24482102552390039 0.34871398289377492 2.0761888964609669 -1.270442274559376 -1.2123108012335642 2.1345088460228658 -0.10101708344494303 0.18076810175552965 -0.92905679106712347 -1.2072282566743739 -0.84866259296735136 0.071686086058616635
leaf_weight=240 348 120 240 133 180 240 240 240 240 240 240 240 240 132 100 240 240 64 240 720 176 172 140 44 60 32 60 68 60 32
leaf_count=240 348 120 240 133 180 240 240 240 240 240 240 240 240 132 100 240 240 64 240 720 176 172 140 44 60 32 60 68 60 32
internal_value=0 0.775085 -0.258541 1.54003 0.0266112 0.0926608 -0.999937 0.217632 -0.240595 0.277656 -0.75637 -0.756393 -0.336661 2.06724 -1.16231 -0.144129 0.0375598 0.126051 0.308075 0.323889 2.0205 -1.21614 -1.17974 2.20639 -0.0429523 0.0778175 -0.859434 -1.25253 -0.88886 0.126227
internal_weight=0 1441 4320 961 3120 2640 1200 1920 720 1440 480 480 480 700 720 480 480 261 1200 960 524 480 240 176 240 197 240 240 120 64
internal_count=5761 1441 4320 961 3120 2640 1200 1920 720 1440 480 480 480 700 720 480 480 261 1200 960 524 480 240 176 240 197 240 240 120 64
is_linear=0
shrinkage=0.05


Tree=5
num_leaves=31
num_cat=0
split_feature=0 0 0 2 0 0 0 0 0 0 0 0 0 0 0 0 0 0 0 0 0 0 2 1 1 0 2 2 2 1
split_gain=416758 609411 329699 258617 27024.9 39691.5 17133 7491.67 4837.45 2405.21 1913.41 1839.81 1806.32 1643.52 1505.92 1123.81 1123.23 674.734 433.321 640.734 296.701 229.516 128.651 109.432 97.3695 80.1981 75.7836 75.5564 124.63 75.0176
threshold=17.500000000000004 21.500000000000004 12.500000000000002 4.5000000000000009 1.5000000000000002 9.5000000000000018 14.500000000000002 3.5000000000000004 11.500000000000002 8.5000000000000018 13.500000000000002 22.500000000000004 1.0000000180025095e-35 20.500000000000004 15.500000000000002 10.500000000000002 2.5000000000000004 20.500000000000004 7.5000000000000009 4.5000000000000009 19.500000000000004 16.500000000000004 2.5000000000000004 37.500000000000007 37.500000000000007 19.500000000000004 4.5000000000000009 1.0000000180025095e-35 4.5000000000000009 22.500000000000004
decision_type=2 2 2 2 2 2 2 2 2 2 2 2 2 2 2 2 2 2 2 2 2 2 2 2 2 2 2 2 2 2
left_child=2 3 4 13 12 7 10 16 15 18 27 29 -1 20 -8 -7 24 25 19 -9 -2 22 -16 -15 -6 -5 -12 -4 -29 -3
right_child=1 11 6 17 5 8 14 9 -10 -11 26 -13 -14 23 21 -17 -18 -19 -20 -21 -22 -23 -24 -25 -26 -27 -28 28 -30 -31
leaf_value=-0.4168226641676544 1.8927177610068489 -0.78850848694642384 -0.69024807512760167 0.051796563094327779 -0.022417493217314285 -0.060416635607058802 -1.0019356985390186 0.23694333528944603 -0.41185023544395033 0.11927864331596844 -0.83604609397954721 -0.62068361133647465 -0.22283388277399352 2.1188345995816316 -1.0774414429664612 -0.21342867231617371 0.11216826649693153 0.26079399196896702 0.23257996800656355 0.33127828613880816 1.9723793566226959 -1.1899050945043566 -1.1516952569144114 2.0277835325761275 -0.095966231562197218 0.11991573362902273 -0.77369493701878722 -0.58074575730998601 -0.66325354584876228 -0.84441674033800762
leaf_weight=240 348 120 32 133 180 240 240 240 240 240 172 240 240 132 100 240 240 64 240 720 176 240 140 44 60 64 68 140 68 120
leaf_count=240 348 120 32 133 180 240 240 240 240 240 172 240 240 132 100 240 240 64 240 720 176 240 140 44 60 64 68 140 68 120
internal_value=0 0.736331 -0.245614 1.46303 0.0252806 0.0880277 -0.94994 0.20675 -0.228565 0.263773 -0.718552 -0.718573 -0.319828 1.96388 -1.1042 -0.136923 0.0356818 0.119749 0.292672 0.307695 1.91947 -1.15533 -1.12076 2.09607 -0.0408047 0.0739266 -0.81838 -0.618723 -0.607719 -0.816463
internal_weight=0 1441 4320 961 3120 2640 1200 1920 720 1440 480 480 480 700 720 480 480 261 1200 960 524 480 240 176 240 197 240 240 208 240
internal_count=5761 1441 4320 961 3120 2640 1200 1920 720 1440 480 480 480 700 720 480 480 261 1200 960 524 480 240 176 240 197 240 240 208 240
is_linear=0
shrinkage=0.05


Tree=6
num_leaves=31
num_cat=0
split_feature=0 0 0 2 0 0 0 0 0 0 0 0 0 0 0 0 0 0 0 0 0 0 2 1 1 2 2 0 2 0
split_gain=376124 549994 297554 233402 24390 35821.6 15462.5 6761.24 4365.8 2170.7 1726.86 1660.43 1630.2 1483.28 1359.09 1014.24 1013.72 608.947 391.072 578.262 267.773 207.138 116.108 98.7625 87.876 74.8196 74.5533 73.7518 73.4346 72.3788
threshold=17.500000000000004 21.500000000000004 12.500000000000002 4.5000000000000009 1.5000000000000002 9.5000000000000018 14.500000000000002 3.5000000000000004 11.500000000000002 8.5000000000000018 13.500000000000002 22.500000000000004 1.0000000180025095e-35 20.500000000000004 15.500000000000002 10.500000000000002 2.5000000000000004 20.500000000000004 7.5000000000000009 4.5000000000000009 19.500000000000004 16.500000000000004 2.5000000000000004 37.500000000000007 37.500000000000007 1.0000000180025095e-35 2.5000000000000004 5.5000000000000009 2.5000000000000004 19.500000000000004
decision_type=2 2 2 2 2 2 2 2 2 2 2 2 2 2 2 2 2 2 2 2 2 2 2 2 2 2 2 2 2 2
left_child=2 3 4 13 12 7 10 16 15 18 -4 -3 -1 20 -8 28 24 29 19 -9 -2 22 -16 -15 -6 -21 -11 -27 -7 -5
right_child=1 11 6 17 5 8 14 9 -10 26 -12 -13 -14 23 21 -17 -18 -19 -20 25 -22 -23 -24 -25 -26 27 -28 -29 -30 -31
leaf_value=-0.39598151873797183 1.798081810172947 -0.77563948452472697 -0.58778710709263882 0.049206730067954035 -0.021296621958414714 -0.02467087195813656 -0.95183897395928696 0.22509617086965591 -0.39125773374922579 0.1462879695892334 -0.77746093084414802 -0.58964942838996659 -0.21169218550164565 2.0128928292881358 -1.0235693397521972 -0.20275724252608296 0.10655985204076085 0.24775429270230234 0.22095097391567836 0.35580741353381506 1.873760461807251 -1.1304098339875539 -1.0941104936599733 1.9263942263343119 -0.091167922816239311 0.28408269902977806 0.089762375924869311 0.32054720756490362 -0.080770749264795869 0.11391994990408422
leaf_weight=240 348 240 240 133 180 100 240 240 240 100 240 240 240 132 100 240 240 64 240 96 176 240 140 44 60 208 140 416 140 64
leaf_count=240 348 240 240 133 180 100 240 240 240 100 240 240 240 132 100 240 240 64 240 96 176 240 140 44 60 208 140 416 140 64
internal_value=0 0.699514 -0.233333 1.38987 0.0240166 0.0836263 -0.902443 0.196413 -0.217137 0.250584 -0.682624 -0.682644 -0.303837 1.86568 -1.04899 -0.130077 0.0338977 0.113761 0.278038 0.29231 1.8235 -1.09756 -1.06472 1.99127 -0.0387644 0.314714 0.113315 0.308392 -0.0573958 0.0702303
internal_weight=0 1441 4320 961 3120 2640 1200 1920 720 1440 480 480 480 700 720 480 480 261 1200 960 524 480 240 176 240 720 240 624 240 197
internal_count=5761 1441 4320 961 3120 2640 1200 1920 720 1440 480 480 480 700 720 480 480 261 1200 960 524 480 240 176 240 720 240 624 240 197
is_linear=0
shrinkage=0.05


Tree=7
num_leaves=31
num_cat=0
split_feature=0 0 0 2 0 0 0 0 0 0 0 0 0 0 0 0 0 0 0 0 0 0 2 1 1 2 1 2 2 2
split_gain=339452 496369 268542 210645 22012 32329 13954.9 6102.01 3940.13 1959.06 1558.49 1498.54 1471.26 1338.66 1226.58 915.349 914.882 549.575 352.943 521.882 241.665 186.942 104.787 89.1332 79.3081 72.2687 97.6158 71.7519 70.3008 69.8816
threshold=17.500000000000004 21.500000000000004 12.500000000000002 4.5000000000000009 1.5000000000000002 9.5000000000000018 14.500000000000002 3.5000000000000004 11.500000000000002 8.5000000000000018 13.500000000000002 22.500000000000004 1.0000000180025095e-35 20.500000000000004 15.500000000000002 10.500000000000002 2.5000000000000004 20.500000000000004 7.5000000000000009 4.5000000000000009 19.500000000000004 16.500000000000004 2.5000000000000004 37.500000000000007 37.500000000000007 4.5000000000000009 37.500000000000007 4.5000000000000009 4.5000000000000009 3.5000000000000004
decision_type=2 2 2 2 2 2 2 2 2 2 2 2 2 2 2 2 2 2 2 2 2 2 2 2 2 2 2 2 2 2
left_child=2 3 4 13 12 7 10 16 15 18 -4 27 25 20 -8 -7 24 -5 19 -9 -2 22 -16 -15 -6 26 -1 -3 -23 -20
right_child=1 11 6 17 5 8 14 9 -10 -11 -12 -13 -14 23 21 -17 -18 -19 29 -21 -22 28 -24 -25 -26 -27 -28 -29 -30 -31
leaf_value=-0.33718354094398117 1.7081777569891394 -0.75334349193356254 -0.55839775178115814 0.06671879867914364 -0.020231787496142919 -0.054526014264653588 -0.90424701263507201 0.21384135702004037 -0.37169483534991743 0.10764897536874439 -0.73858787765105571 -0.56016696747392414 -0.20110757823412617 1.9122483260703811 -0.97239088439941401 -0.19261938432910636 0.10123186270415317 0.23536657502409072 0.18630989553365748 0.29897865629179349 1.7800724506378174 -1.0909044034259263 -1.0394049673421042 1.8300746397538619 -0.086609523904044194 -0.41981888071579099 -0.42417272641215215 -0.69152105879038572 -1.0308510682162118 0.24075649610917585
leaf_weight=129 348 176 240 197 180 240 240 240 240 240 240 240 240 132 100 240 240 64 136 720 176 172 140 44 60 68 43 64 68 104
leaf_count=129 348 176 240 197 180 240 240 240 240 240 240 240 240 132 100 240 240 64 136 720 176 172 140 44 60 68 43 64 68 104
internal_value=0 0.664538 -0.221667 1.32038 0.0228158 0.079445 -0.857321 0.186592 -0.20628 0.238055 -0.648493 -0.648512 -0.288645 1.7724 -0.99654 -0.123573 0.0322028 0.108073 0.264136 0.277694 1.73233 -1.04269 -1.01148 1.8917 -0.0368262 -0.376182 -0.358931 -0.736858 -1.07389 0.209903
internal_weight=0 1441 4320 961 3120 2640 1200 1920 720 1440 480 480 480 700 720 480 480 261 1200 960 524 480 240 176 240 240 172 240 240 240
internal_count=5761 1441 4320 961 3120 2640 1200 1920 720 1440 480 480 480 700 720 480 480 261 1200 960 524 480 240 176 240 240 172 240 240 240
is_linear=0
shrinkage=0.05


Tree=8
num_leaves=31
num_cat=0
split_feature=0 0 0 2 0 0 0 0 0 0 0 0 0 0 0 0 0 0 0 0 0 0 2 1 1 2 2 2 2 1
split_gain=306355 447973 242359 190107 19865.8 29176.9 12594.3 5507.07 3555.97 1768.05 1406.53 1352.43 1327.81 1208.14 1106.99 826.103 825.681 495.991 318.531 470.998 218.103 168.715 94.5708 80.4425 71.5755 69.035 68.3946 68.1897 112.479 67.7033
threshold=17.500000000000004 21.500000000000004 12.500000000000002 4.5000000000000009 1.5000000000000002 9.5000000000000018 14.500000000000002 3.5000000000000004 11.500000000000002 8.5000000000000018 13.500000000000002 22.500000000000004 1.0000000180025095e-35 20.500000000000004 15.500000000000002 10.500000000000002 2.5000000000000004 20.500000000000004 7.5000000000000009 4.5000000000000009 19.500000000000004 16.500000000000004 2.5000000000000004 37.500000000000007 37.500000000000007 1.5000000000000002 4.5000000000000009 1.0000000180025095e-35 4.5000000000000009 22.500000000000004
decision_type=2 2 2 2 2 2 2 2 2 2 2 2 2 2 2 2 2 2 2 2 2 2 2 2 2 2 2 2 2 2
left_child=2 3 4 13 12 7 10 16 15 18 27 29 -1 20 -8 -7 24 -5 19 -9 -2 22 -16 -15 -6 -11 -12 -4 -29 -3
right_child=1 11 6 17 5 8 14 9 -10 25 26 -13 -14 23 21 -17 -18 -19 -20 -21 -22 -23 -24 -25 -26 -27 -28 28 -30 -31
leaf_value=-0.35737332215377443 1.6227688142623025 -0.673458231886228 -0.59842643439769749 0.063382860262249471 -0.019220202941861417 -0.051799712725818008 -0.85903464945654084 0.20314928554619352 -0.35311009647324682 0.14673635079525413 -0.71844133173310487 -0.532158607247596 -0.19105219747250279 1.8166358080777254 -0.92377132797241213 -0.18298841481407485 0.096170268953622629 0.22359824775012385 0.19940824950579555 0.28402972273903693 1.6910687294873323 -1.0201948253313702 -0.98743476254599438 1.7385708982294259 -0.082279046295831604 0.086095677513565699 -0.6592077647938448 -0.49439922835145683 -0.57278160975479031 -0.72657104849815379
leaf_weight=240 348 120 32 197 180 240 240 240 240 64 172 240 240 132 100 240 240 64 240 720 176 240 140 44 60 176 68 140 68 120
leaf_count=240 348 120 32 197 180 240 240 240 240 64 172 240 240 132 100 240 240 64 240 720 176 240 140 44 60 176 68 140 68 120
internal_value=0 0.631311 -0.210583 1.25436 0.021675 0.0754728 -0.814455 0.177262 -0.195966 0.226152 -0.616068 -0.616087 -0.274213 1.68378 -0.946713 -0.117394 0.0305927 0.102669 0.250929 0.26381 1.64571 -0.990552 -0.960908 1.79712 -0.0349849 0.102267 -0.701658 -0.530478 -0.520024 -0.700015
internal_weight=0 1441 4320 961 3120 2640 1200 1920 720 1440 480 480 480 700 720 480 480 261 1200 960 524 480 240 176 240 240 240 240 208 240
internal_count=5761 1441 4320 961 3120 2640 1200 1920 720 1440 480 480 480 700 720 480 480 261 1200 960 524 480 240 176 240 240 240 240 208 240
is_linear=0
shrinkage=0.05


Tree=9
num_leaves=31
num_cat=0
split_feature=0 0 0 2 0 0 0 0 0 0 0 0 0 0 0 0 0 0 0 0 0 0 2 1 2 0 2 2 2 0
split_gain=276486 404296 218729 171572 17928.9 26332.2 11366.4 4970.13 3209.26 1595.67 1269.4 1220.57 1198.35 1090.35 999.058 745.558 745.177 447.632 287.474 425.076 196.838 152.265 85.35 72.5994 67.5248 66.561 66.3955 86.0501 66.2747 65.3219
threshold=17.500000000000004 21.500000000000004 12.500000000000002 4.5000000000000009 1.5000000000000002 9.5000000000000018 14.500000000000002 3.5000000000000004 11.500000000000002 8.5000000000000018 13.500000000000002 22.500000000000004 1.0000000180025095e-35 20.500000000000004 15.500000000000002 10.500000000000002 2.5000000000000004 20.500000000000004 7.5000000000000009 4.5000000000000009 19.500000000000004 16.500000000000004 2.5000000000000004 37.500000000000007 1.0000000180025095e-35 5.5000000000000009 1.0000000180025095e-35 5.5000000000000009 2.5000000000000004 19.500000000000004
decision_type=2 2 2 2 2 2 2 2 2 2 2 2 2 2 2 2 2 2 2 2 2 2 2 2 2 2 2 2 2 2
left_child=2 3 4 13 12 7 10 16 15 18 -4 -3 -1 20 -8 28 -6 29 19 -9 -2 22 -16 -15 -21 -26 -10 -28 -7 -5
right_child=1 11 6 17 5 8 14 9 26 -11 -12 -13 -14 23 21 -17 -18 -19 -20 24 -22 -23 -24 -25 25 -27 27 -29 -30 -31
leaf_value=-0.33950466058682655 1.5416303941573222 -0.66501389585435389 -0.50395396993185082 0.040241309381405216 -0.033235664941991365 -0.018121041789650915 -0.8160828960003953 0.19299182654668889 -0.40250329234404492 0.097153200739897638 -0.6665755530198415 -0.50555069974429601 -0.18149958997033538 1.7258040514859285 -0.87758276510238664 -0.1738389893163306 0.091361757950702061 0.21241832857485862 0.18943783860032759 0.30886663022683936 1.6065153598785402 -0.96918509930372254 -0.93806297131947114 1.6516423658891157 0.24072814240263632 0.27536942029613648 -0.31142640402117239 -0.40056094098836187 -0.07141592951857352 0.10171886985190214
leaf_weight=240 348 240 240 133 240 100 240 240 32 240 240 240 240 132 100 240 240 64 240 96 176 240 140 44 208 416 176 32 140 64
leaf_count=240 348 240 240 133 240 100 240 240 32 240 240 240 240 132 100 240 240 64 240 96 176 240 140 44 208 416 176 32 140 64
internal_value=0 0.599746 -0.200054 1.19164 0.0205912 0.0716991 -0.773732 0.168399 -0.186168 0.214845 -0.585265 -0.585282 -0.260502 1.59959 -0.899377 -0.111524 0.029063 0.0975359 0.238383 0.250619 1.56342 -0.941024 -0.912863 1.70726 0.269828 0.263822 -0.335455 -0.325139 -0.0492097 0.0602137
internal_weight=0 1441 4320 961 3120 2640 1200 1920 720 1440 480 480 480 700 720 480 480 261 1200 960 524 480 240 176 720 624 240 208 240 197
internal_count=5761 1441 4320 961 3120 2640 1200 1920 720 1440 480 480 480 700 720 480 480 261 1200 960 524 480 240 176 720 624 240 208 240 197
is_linear=0
shrinkage=0.05


Tree=10
num_leaves=31
num_cat=0
split_feature=0 0 0 2 0 0 0 0 0 0 0 0 0 0 0 0 0 0 0 0 0 0 2 1 2 1 2 1 1 1
split_gain=249528 364877 197403 154844 16180.8 23764.8 10258.2 4485.54 2896.36 1440.09 1145.63 1101.56 1081.51 984.037 901.649 672.866 672.522 403.988 259.445 383.631 177.646 137.419 78.5865 67.2813 65.2225 88.0983 64.7561 64.5969 64.0382 63.7093
threshold=17.500000000000004 21.500000000000004 12.500000000000002 4.5000000000000009 1.5000000000000002 9.5000000000000018 14.500000000000002 3.5000000000000004 11.500000000000002 8.5000000000000018 13.500000000000002 22.500000000000004 1.0000000180025095e-35 20.500000000000004 15.500000000000002 10.500000000000002 2.5000000000000004 20.500000000000004 7.5000000000000009 4.5000000000000009 19.500000000000004 16.500000000000004 3.5000000000000004 1.0000000180025095e-35 4.5000000000000009 37.500000000000007 4.5000000000000009 37.500000000000007 37.500000000000007 1.0000000180025095e-35
decision_type=2 2 2 2 2 2 2 2 2 2 2 2 2 2 2 2 2 2 2 2 2 2 2 2 2 2 2 2 2 2
left_child=2 3 4 13 12 7 10 16 15 18 -4 26 24 20 -8 -7 27 -5 19 -9 28 22 -16 -15 25 29 -3 -6 -2 -1
right_child=1 11 6 17 5 8 14 9 -10 -11 -12 -13 -14 23 21 -17 -18 -19 -20 -21 -22 -23 -24 -25 -26 -27 -28 -29 -30 -31
leaf_value=-0.33517305372759354 1.4521654587595858 -0.6474248933521185 -0.47875627260655168 0.057203030590024698 -0.016597408470180302 -0.046749239382528084 -0.77527877464890482 0.18334223202914779 -0.31868186619443201 0.092295539693441245 -0.63324679518739391 -0.4802731464935156 -0.17242461110465229 1.6754457625475798 -0.84219985709470857 -0.16514704394542301 0.086793664460665249 0.20179741559550168 0.17996594915476938 0.25633682007565062 1.5261896019632166 -0.9207258332769076 -0.89993808315350465 1.6040519945549243 -0.36398403039749933 -0.36812019348144531 -0.58869357537478206 -0.07650331211586793 1.5016989784679193 -0.26063417312255954
leaf_weight=43 261 176 240 197 180 240 240 240 240 240 240 240 240 44 136 240 240 64 240 720 176 240 104 132 68 43 64 60 87 86
leaf_count=43 261 176 240 197 180 240 240 240 240 240 240 240 240 44 136 240 240 64 240 720 176 240 104 132 68 43 64 60 87 86
internal_value=0 0.569759 -0.190051 1.13206 0.0195617 0.0681142 -0.735045 0.159979 -0.176859 0.204102 -0.556002 -0.556018 -0.247477 1.51961 -0.854408 -0.105948 0.0276099 0.0926591 0.226464 0.238088 1.48525 -0.893973 -0.86722 1.6219 -0.322529 -0.30614 -0.631763 -0.0315739 1.46455 -0.28548
internal_weight=0 1441 4320 961 3120 2640 1200 1920 720 1440 480 480 480 700 720 480 480 261 1200 960 524 480 240 176 240 172 240 240 348 129
internal_count=5761 1441 4320 961 3120 2640 1200 1920 720 1440 480 480 480 700 720 480 480 261 1200 960 524 480 240 176 240 172 240 240 348 129
is_linear=0
shrinkage=0.05


Tree=11
num_leaves=31
num_cat=0
split_feature=0 0 0 2 0 0 0 0 0 0 0 0 0 0 0 0 0 0 0 0 0 0 2 2 1 2 2 2 2 2
split_gain=225199 329301 178156 139746 14603.2 21447.7 9257.99 4048.2 2613.97 1299.68 1033.93 994.161 976.063 888.093 813.739 607.261 606.951 364.599 234.149 346.227 160.326 124.021 71.3856 63.4465 63.3265 63.0681 62.5094 61.7261 61.5412 101.512
threshold=17.500000000000004 21.500000000000004 12.500000000000002 4.5000000000000009 1.5000000000000002 9.5000000000000018 14.500000000000002 3.5000000000000004 11.500000000000002 8.5000000000000018 13.500000000000002 22.500000000000004 1.0000000180025095e-35 20.500000000000004 15.500000000000002 10.500000000000002 2.5000000000000004 20.500000000000004 7.5000000000000009 4.5000000000000009 19.500000000000004 16.500000000000004 2.5000000000000004 4.5000000000000009 37.500000000000007 3.5000000000000004 2.5000000000000004 4.5000000000000009 1.0000000180025095e-35 4.5000000000000009
decision_type=2 2 2 2 2 2 2 2 2 2 2 2 2 2 2 2 2 2 2 2 2 2 2 2 2 2 2 2 2 2
left_child=2 3 4 13 12 7 10 16 15 18 28 -3 -1 20 -8 -7 -6 -5 19 -9 -2 22 -16 -23 -15 -20 -11 -12 -4 -30
right_child=1 11 6 17 5 8 14 9 -10 26 27 -13 -14 24 21 -17 -18 -19 25 -21 -22 23 -24 -25 -26 -27 -28 -29 29 -31
leaf_value=-0.30640295340058704 1.3913214308091966 -0.60017504790176956 -0.51936959475278854 0.054342881427501058 -0.029995189043693245 -0.044411777038282405 -0.73651484258472921 0.17417512012179942 -0.30274777435620009 0.11787340315245093 -0.61752812761900033 -0.45625948622201884 -0.16380337328339617 1.5581213250304715 -0.79159361529350292 -0.15688968966404598 0.082453984701908969 0.19170755044324325 0.1485537997515434 0.24351998361118607 1.4498800754547121 -0.89085393430188642 -0.84690531151635318 -0.83380324840545661 1.4888575987382371 0.2002780723400065 0.066114587159494739 -0.56125625792671652 -0.4205437594545739 -0.49500702128690838
leaf_weight=240 348 240 32 197 240 240 240 240 240 100 172 240 240 132 100 240 240 64 136 720 176 172 140 68 44 104 140 68 140 68
leaf_count=240 348 240 32 197 240 240 240 240 240 100 172 240 240 132 100 240 240 64 136 720 176 172 140 68 44 104 140 68 140 68
internal_value=0 0.541271 -0.180549 1.07546 0.0185836 0.0647085 -0.698293 0.15198 -0.168016 0.193897 -0.528201 -0.528217 -0.235103 1.44363 -0.811688 -0.100651 0.0262294 0.0880262 0.215141 0.226184 1.41099 -0.849274 -0.823859 -0.87469 1.54081 0.170968 0.0876808 -0.601584 -0.454818 -0.444888
internal_weight=0 1441 4320 961 3120 2640 1200 1920 720 1440 480 480 480 700 720 480 480 261 1200 960 524 480 240 240 176 240 240 240 240 208
internal_count=5761 1441 4320 961 3120 2640 1200 1920 720 1440 480 480 480 700 720 480 480 261 1200 960 524 480 240 240 176 240 240 240 240 208
is_linear=0
shrinkage=0.05


Tree=12
num_leaves=31
num_cat=0
split_feature=0 0 0 2 0 0 0 0 0 0 0 0 0 0 0 0 0 0 0 0 0 0 2 1 1 2 2 0 2 2
split_gain=203242 297195 160786 126121 13179.4 19356.6 8355.33 3653.5 2359.1 1172.96 933.124 897.23 880.896 801.504 734.399 548.053 547.773 329.051 211.32 312.47 144.694 111.929 65.763 61.1022 69.9968 60.9411 60.9403 60.0713 59.9219 77.6602
threshold=17.500000000000004 21.500000000000004 12.500000000000002 4.5000000000000009 1.5000000000000002 9.5000000000000018 14.500000000000002 3.5000000000000004 11.500000000000002 8.5000000000000018 13.500000000000002 22.500000000000004 1.0000000180025095e-35 20.500000000000004 15.500000000000002 10.500000000000002 2.5000000000000004 20.500000000000004 7.5000000000000009 4.5000000000000009 19.500000000000004 16.500000000000004 3.5000000000000004 22.500000000000004 37.500000000000007 1.0000000180025095e-35 4.5000000000000009 5.5000000000000009 1.0000000180025095e-35 5.5000000000000009
decision_type=2 2 2 2 2 2 2 2 2 2 2 2 2 2 2 2 2 2 2 2 2 2 2 2 2 2 2 2 2 2
left_child=2 3 4 13 12 7 10 16 15 18 -4 23 -1 20 26 -7 -6 -5 19 -9 -2 22 -16 -3 -25 -21 -8 -27 -10 -30
right_child=1 11 6 17 5 8 14 9 28 -11 -12 -13 -14 -15 21 -17 -18 -19 -20 25 -22 -23 -24 24 -26 27 -28 -29 29 -31
leaf_value=-0.29108280413007986 1.3217553304529739 -0.54493770924396812 -0.43207754285385214 0.051625738519853748 -0.028495427354549369 -0.042191189332515935 -0.71553098323733311 0.1654663666089376 -0.35130665251053872 0.083296725080581391 -0.57150521907955409 -0.4334465286352982 -0.15561321140180251 1.4637651465155863 -0.75977810533607704 -0.14904520684465147 0.078331282871464902 0.18212217098625844 0.16241926902245421 0.26843045760566991 1.3773861405524341 -0.83095509591201955 -0.81259592152558846 -0.63358213255802798 -0.55720763651033245 0.20369889039804831 -0.65961842195076104 0.23660810668213972 -0.26478360591625627 -0.3494614213239402
leaf_weight=240 348 120 240 197 240 240 172 240 32 240 240 240 240 176 136 240 240 64 240 96 176 240 104 60 60 208 68 416 176 32
leaf_count=240 348 120 240 197 240 240 172 240 32 240 240 240 240 176 136 240 240 64 240 96 176 240 104 60 60 208 68 416 176 32
internal_value=0 0.514207 -0.171521 1.02169 0.0176544 0.061473 -0.663379 0.144381 -0.159616 0.184202 -0.501791 -0.501806 -0.223348 1.37145 -0.771103 -0.0956182 0.0249179 0.0836249 0.204384 0.214875 1.34044 -0.80681 -0.782666 -0.570166 -0.595395 0.231344 -0.699689 0.225638 -0.28761 -0.277811
internal_weight=0 1441 4320 961 3120 2640 1200 1920 720 1440 480 480 480 700 720 480 480 261 1200 960 524 480 240 240 120 720 240 624 240 208
internal_count=5761 1441 4320 961 3120 2640 1200 1920 720 1440 480 480 480 700 720 480 480 261 1200 960 524 480 240 240 120 720 240 624 240 208
is_linear=0
shrinkage=0.05


Tree=13
num_leaves=31
num_cat=0
split_feature=0 0 0 2 0 0 0 0 0 0 0 0 0 0 0 0 0 0 0 0 0 0 2 2 2 1 0 2 2 1
split_gain=183426 268218 145109 113824 11894.4 17469.3 7540.69 3297.28 2129.09 1058.6 842.144 809.75 795.009 723.357 662.795 494.618 494.366 296.968 190.716 282.004 130.587 101.016 59.8129 59.7046 59.6269 64.0039 58.953 68.728 58.8633 79.5087
threshold=17.500000000000004 21.500000000000004 12.500000000000002 4.5000000000000009 1.5000000000000002 9.5000000000000018 14.500000000000002 3.5000000000000004 11.500000000000002 8.5000000000000018 13.500000000000002 22.500000000000004 1.0000000180025095e-35 20.500000000000004 15.500000000000002 10.500000000000002 2.5000000000000004 20.500000000000004 7.5000000000000009 4.5000000000000009 19.500000000000004 16.500000000000004 2.5000000000000004 2.5000000000000004 3.5000000000000004 22.500000000000004 19.500000000000004 5.5000000000000009 4.5000000000000009 37.500000000000007
decision_type=2 2 2 2 2 2 2 2 2 2 2 2 2 2 2 2 2 2 2 2 2 2 2 2 2 2 2 2 2 2
left_child=2 3 4 13 12 7 10 16 15 18 -4 24 28 20 -8 22 -6 26 19 -9 -2 23 -7 -16 25 -3 -5 -28 29 -1
right_child=1 11 6 17 5 8 14 9 -10 -11 -12 -13 -14 -15 21 -17 -18 -19 -20 -21 -22 -23 -24 -25 -26 -27 27 -29 -30 -31
leaf_value=-0.24133215472968514 1.2556675727339996 -0.52891386006559649 -0.41047365221505361 0.030070668240462929 -0.027070655873976647 -0.010547376565635204 -0.66470462931940955 0.15719304301484954 -0.27322986268438404 0.079131887427841621 -0.54292996939271687 -0.41177419463483 -0.1478325495108341 1.3905768616632983 -0.71402506041526803 -0.14159294482747406 0.074414725673850629 0.17301606107794215 0.15429830375956954 0.21977678665509709 1.3085168272256853 -0.78940733229120585 -0.061177523162082907 -0.76460931794983999 -0.51216968800127505 -0.5965282421452659 0.14028830197639763 0.036660387017764154 -0.31591054483809894 -0.3198398923804594
leaf_weight=129 348 70 240 133 240 100 240 240 240 240 240 240 240 176 100 240 240 64 240 720 176 240 140 140 100 70 32 32 68 43
leaf_count=129 348 70 240 133 240 100 240 240 240 240 240 240 240 176 100 240 240 64 240 720 176 240 140 140 100 70 32 32 68 43
internal_value=0 0.488497 -0.162945 0.970601 0.0167717 0.0583994 -0.63021 0.137162 -0.151635 0.174992 -0.476702 -0.476716 -0.212181 1.30288 -0.732548 -0.0908373 0.023672 0.0794436 0.194164 0.204131 1.27342 -0.76647 -0.0400816 -0.743533 -0.541658 -0.562721 0.0490445 0.0884743 -0.276529 -0.260959
internal_weight=0 1441 4320 961 3120 2640 1200 1920 720 1440 480 480 480 700 720 480 480 261 1200 960 524 480 240 240 240 140 197 64 240 172
internal_count=5761 1441 4320 961 3120 2640 1200 1920 720 1440 480 480 480 700 720 480 480 261 1200 960 524 480 240 240 240 140 197 64 240 172
is_linear=0
shrinkage=0.05


Tree=14
num_leaves=31
num_cat=0
split_feature=0 0 0 2 0 0 0 0 0 0 0 0 0 0 0 0 0 0 0 0 0 0 1 1 2 1 2 2 1 2
split_gain=165542 242067 130961 102726 10734.7 15766 6805.47 2975.8 1921.51 955.384 760.035 730.8 717.496 652.831 598.173 446.393 446.165 268.014 172.121 254.509 117.854 91.1668 58.672 58.2987 57.9309 57.7946 57.2605 56.919 57.9164 55.7078
threshold=17.500000000000004 21.500000000000004 12.500000000000002 4.5000000000000009 1.5000000000000002 9.5000000000000018 14.500000000000002 3.5000000000000004 11.500000000000002 8.5000000000000018 13.500000000000002 22.500000000000004 1.0000000180025095e-35 20.500000000000004 15.500000000000002 10.500000000000002 2.5000000000000004 20.500000000000004 7.5000000000000009 4.5000000000000009 19.500000000000004 16.500000000000004 1.0000000180025095e-35 37.500000000000007 1.5000000000000002 37.500000000000007 4.5000000000000009 3.5000000000000004 22.500000000000004 4.5000000000000009
decision_type=2 2 2 2 2 2 2 2 2 2 2 2 2 2 2 2 2 2 2 2 2 2 2 2 2 2 2 2 2 2
left_child=2 3 4 13 12 7 10 16 15 18 -4 -3 -1 20 -8 -7 23 -5 19 -9 25 -16 -15 -6 -11 -2 -23 -20 -29 -12
right_child=1 11 6 17 5 8 14 9 -10 24 29 -13 -14 22 21 -17 -18 -19 27 -21 -22 26 -24 -25 -26 -27 -28 28 -30 -31
leaf_value=-0.26270223664585501 1.1811199454968917 -0.51457508618555348 -0.38994998209023229 0.046592228144861116 -0.011489476756089264 -0.03807754761927451 -0.63146939747481767 0.14933339609769367 -0.25956837386668974 0.11591199581162073 -0.53092997315837898 -0.39118547745553467 -0.1404409217562837 1.371050314469771 -0.70635590234150492 -0.1345132961216344 0.070693987098832928 0.16436525410863398 0.1252902302397963 0.20878794174330931 1.2430909557776018 -0.76529309279285374 1.304380636142962 -0.068400080806265279 0.060361945901108396 1.2281768486417572 -0.71109495636294873 0.13711579494005352 0.21174078050714273 -0.47747168628608483
leaf_weight=240 261 240 240 197 180 240 240 240 240 64 172 240 240 44 240 240 240 64 136 720 176 172 132 60 176 87 68 52 52 68
leaf_count=240 261 240 240 197 180 240 240 240 240 64 172 240 240 44 240 240 240 64 136 720 176 172 132 60 176 87 68 52 52 68
internal_value=0 0.464072 -0.154798 0.922071 0.0159331 0.0554794 -0.598699 0.130304 -0.144053 0.166243 -0.452867 -0.45288 -0.201572 1.23773 -0.695921 -0.0862954 0.0224884 0.0754714 0.184456 0.193924 1.20975 -0.728146 1.32105 -0.0257171 0.0751753 1.19288 -0.749937 0.146583 0.174428 -0.515783
internal_weight=0 1441 4320 961 3120 2640 1200 1920 720 1440 480 480 480 700 720 480 480 261 1200 960 524 480 176 240 240 348 240 240 104 240
internal_count=5761 1441 4320 961 3120 2640 1200 1920 720 1440 480 480 480 700 720 480 480 261 1200 960 524 480 176 240 240 348 240 240 104 240
is_linear=0
shrinkage=0.05


Tree=15
num_leaves=31
num_cat=0
split_feature=0 0 0 2 0 0 0 0 0 0 0 0 0 0 0 0 0 0 0 0 0 0 2 2 1 1 2 2 2 2
split_gain=149402 218465 118193 92710.5 9688.05 14228.8 6141.94 2685.66 1734.16 862.234 685.932 659.547 647.54 589.18 539.851 402.87 402.664 241.883 155.339 229.694 106.363 82.278 55.5409 91.6146 60.3132 55.2382 55.0332 54.9993 54.9987 54.3063
threshold=17.500000000000004 21.500000000000004 12.500000000000002 4.5000000000000009 1.5000000000000002 9.5000000000000018 14.500000000000002 3.5000000000000004 11.500000000000002 8.5000000000000018 13.500000000000002 22.500000000000004 1.0000000180025095e-35 20.500000000000004 15.500000000000002 10.500000000000002 2.5000000000000004 20.500000000000004 7.5000000000000009 4.5000000000000009 19.500000000000004 16.500000000000004 1.0000000180025095e-35 4.5000000000000009 22.500000000000004 37.500000000000007 3.5000000000000004 1.0000000180025095e-35 4.5000000000000009 4.5000000000000009
decision_type=2 2 2 2 2 2 2 2 2 2 2 2 2 2 2 2 2 2 2 2 2 2 2 2 2 2 2 2 2 2
left_child=2 3 4 13 12 7 10 16 15 18 22 29 -1 20 28 -7 -6 -5 19 -9 -2 26 -4 -24 -25 -15 -16 -21 -8 -3
right_child=1 11 6 17 5 8 14 9 -10 -11 -12 -13 -14 25 21 -17 -18 -19 -20 27 -22 -23 23 24 -26 -27 -28 -29 -30 -31
leaf_value=-0.24956712379818785 1.1332399492976311 -0.50318877391347827 -0.43177604675292969 0.044262615358693351 -0.024431264992648114 -0.036173673697436848 -0.614945736527443 0.14186672808602452 -0.24658995823934676 0.071416526718530812 -0.48999429156072438 -0.37162621212347102 -0.13341887496455457 1.2711680137749877 -0.65010065699324893 -0.12778763227164744 0.067159288434971431 0.15614699463912984 0.13925421585736331 0.23358068931847811 1.1809363890777935 -0.71244011164953314 -0.33789150640368465 -0.455720853805542 -0.36154235515962629 1.2064786369150335 -0.69841787826198232 0.19292821470806257 -0.56182878788779766 -0.44940460075158628
leaf_weight=240 348 176 32 197 240 240 172 240 240 240 240 240 240 132 136 240 240 64 240 96 176 240 140 34 34 44 104 624 68 64
leaf_count=240 348 176 32 197 240 240 172 240 240 240 240 240 240 132 136 240 240 64 240 96 176 240 140 34 34 44 104 624 68 64
internal_value=0 0.440868 -0.147058 0.875967 0.0151365 0.0527054 -0.568764 0.123789 -0.13685 0.157931 -0.430223 -0.430236 -0.191493 1.17585 -0.661125 -0.0819807 0.021364 0.0716979 0.175233 0.184228 1.14926 -0.691739 -0.370452 -0.361018 -0.408632 1.255 -0.671038 0.198349 -0.599896 -0.488846
internal_weight=0 1441 4320 961 3120 2640 1200 1920 720 1440 480 480 480 700 720 480 480 261 1200 960 524 480 240 208 68 176 240 720 240 240
internal_count=5761 1441 4320 961 3120 2640 1200 1920 720 1440 480 480 480 700 720 480 480 261 1200 960 524 480 240 208 68 176 240 720 240 240
is_linear=0
shrinkage=0.05


Tree=16
num_leaves=31
num_cat=0
split_feature=0 0 0 2 0 0 0 0 0 0 0 0 0 0 0 0 0 0 0 0 0 0 2 2 2 0 2 2 1 1
split_gain=134835 197165 106669 83671.3 8743.46 12841.5 5543.1 2423.81 1565.08 778.166 619.053 595.241 584.405 531.734 487.216 363.59 363.404 218.299 140.194 207.299 95.9929 74.2559 54.0795 70.0883 53.9812 53.2051 62.027 53.1241 71.7566 57.4977
threshold=17.500000000000004 21.500000000000004 12.500000000000002 4.5000000000000009 1.5000000000000002 9.5000000000000018 14.500000000000002 3.5000000000000004 11.500000000000002 8.5000000000000018 13.500000000000002 22.500000000000004 1.0000000180025095e-35 20.500000000000004 15.500000000000002 10.500000000000002 2.5000000000000004 20.500000000000004 7.5000000000000009 4.5000000000000009 19.500000000000004 16.500000000000004 1.0000000180025095e-35 5.5000000000000009 2.5000000000000004 19.500000000000004 5.5000000000000009 4.5000000000000009 37.500000000000007 1.0000000180025095e-35
decision_type=2 2 2 2 2 2 2 2 2 2 2 2 2 2 2 2 2 2 2 2 2 2 2 2 2 2 2 2 2 2
left_child=2 3 4 13 12 7 10 16 15 18 -4 -3 27 20 -8 24 -6 25 19 -9 -2 -16 -10 -24 -7 -5 -27 28 29 -1
right_child=1 11 6 17 5 8 14 9 22 -11 -12 -13 -14 -15 21 -17 -18 -19 -20 -21 -22 -23 23 -25 -26 26 -28 -29 -30 -31
leaf_value=-0.25086002951098041 1.0765779619929434 -0.46440401689847932 -0.35192985818410916 0.024024388070841483 -0.023209703029909483 -0.0063074485058896256 -0.56990112156917661 0.13477339314917722 -0.2947719023562968 0.067845701849243295 -0.46549458127624049 -0.35304489304195164 -0.12674792792455267 1.1922458125786348 -0.63748620385924981 -0.1213982517758268 0.06380132085456959 0.14833964471472427 0.13229150759892946 0.18843111926540992 1.1218895475972783 -0.67681810796881725 -0.21257501141887836 -0.29301893709343857 -0.054406084561321358 0.12873114570975305 0.030284624651540071 -0.27450154459049159 -0.27823443092232525 -0.1800480954998801
leaf_weight=43 348 240 240 133 240 100 240 240 32 240 240 240 240 176 240 240 240 64 240 720 176 240 176 32 140 32 32 68 43 86
leaf_count=43 348 240 240 133 240 100 240 240 32 240 240 240 240 176 240 240 240 64 240 720 176 240 176 32 140 32 32 68 43 86
internal_value=0 0.418825 -0.139705 0.832169 0.0143796 0.0500702 -0.540326 0.117599 -0.130008 0.150034 -0.408712 -0.408724 -0.181918 1.11705 -0.628068 -0.0778816 0.0202958 0.068113 0.166472 0.175017 1.0918 -0.657152 -0.23426 -0.224951 -0.034365 0.0420495 0.0795079 -0.237089 -0.222298 -0.203652
internal_weight=0 1441 4320 961 3120 2640 1200 1920 720 1440 480 480 480 700 720 480 480 261 1200 960 524 480 240 208 240 197 64 240 172 129
internal_count=5761 1441 4320 961 3120 2640 1200 1920 720 1440 480 480 480 700 720 480 480 261 1200 960 524 480 240 208 240 197 64 240 172 129
is_linear=0
shrinkage=0.05


Tree=17
num_leaves=31
num_cat=0
split_feature=0 0 0 2 0 0 0 0 0 0 0 0 0 0 0 0 0 0 0 0 0 0 1 1 2 1 2 2 2 1
split_gain=121689 177941 96268.5 75513.3 7890.98 11589.5 5002.65 2187.49 1412.48 702.295 558.696 537.205 527.425 479.89 439.712 328.14 327.972 197.015 126.525 187.087 86.6337 67.016 52.6146 52.5121 52.4095 52.1595 54.7663 51.6776 51.3694 52.2696
threshold=17.500000000000004 21.500000000000004 12.500000000000002 4.5000000000000009 1.5000000000000002 9.5000000000000018 14.500000000000002 3.5000000000000004 11.500000000000002 8.5000000000000018 13.500000000000002 22.500000000000004 1.0000000180025095e-35 20.500000000000004 15.500000000000002 10.500000000000002 2.5000000000000004 20.500000000000004 7.5000000000000009 4.5000000000000009 19.500000000000004 16.500000000000004 37.500000000000007 37.500000000000007 2.5000000000000004 37.500000000000007 2.5000000000000004 4.5000000000000009 3.5000000000000004 22.500000000000004
decision_type=2 2 2 2 2 2 2 2 2 2 2 2 2 2 2 2 2 2 2 2 2 2 2 2 2 2 2 2 2 2
left_child=2 3 4 13 12 7 10 16 15 18 -4 -3 -1 20 -8 -7 22 -5 19 -9 25 -16 -6 -18 -11 -2 -27 -23 -20 -30
right_child=1 11 6 17 5 8 14 9 -10 24 -12 -13 -14 -15 21 -17 23 -19 28 -21 -22 27 -24 -25 -26 26 -28 -29 29 -31
leaf_value=-0.22523432631045581 1.011573058709331 -0.44118381375524529 -0.33433336148038512 0.039947010438681256 -0.0085329483283890627 -0.0326467377236501 -0.54140608285864189 0.12803472611994948 -0.22254743211980288 0.092099492559209462 -0.44221984220047794 -0.33539265343880592 -0.12041053426762423 1.1326335370540619 -0.60561189210042365 -0.11532833887147718 0.07411435517999862 0.14092266215011479 0.10544843505383195 0.17900956394123368 1.0657950894399124 -0.65756553421446751 -0.062598025786379977 0.020101940234502156 0.044706219626324518 1.0896069059184954 1.0090597881211174 -0.60607730255407455 0.11668271840585827 0.18757645407190116
leaf_weight=240 261 240 240 197 180 240 240 240 240 100 240 240 240 176 240 240 180 64 136 720 176 172 60 60 140 51 36 68 52 52
leaf_count=240 261 240 240 197 180 240 240 240 240 100 240 240 240 176 240 240 180 64 136 720 176 172 60 60 140 51 36 68 52 52
internal_value=0 0.397884 -0.13272 0.790561 0.0136606 0.0475667 -0.51331 0.111719 -0.123508 0.142532 -0.388277 -0.388288 -0.172822 1.0612 -0.596665 -0.0739875 0.019281 0.0647073 0.158148 0.166266 1.03721 -0.624295 -0.0220492 0.0606113 0.0644534 1.02275 1.05628 -0.642977 0.125677 0.15213
internal_weight=0 1441 4320 961 3120 2640 1200 1920 720 1440 480 480 480 700 720 480 480 261 1200 960 524 480 240 240 240 348 87 240 240 104
internal_count=5761 1441 4320 961 3120 2640 1200 1920 720 1440 480 480 480 700 720 480 480 261 1200 960 524 480 240 240 240 348 87 240 240 104
is_linear=0
shrinkage=0.05


Tree=18
num_leaves=31
num_cat=0
split_feature=0 0 0 2 0 0 0 0 0 0 0 0 0 0 0 0 0 0 0 0 0 0 1 1 1 2 2 2 1 2
split_gain=109824 160592 86882.4 68150.8 7121.61 10459.5 4514.89 1974.21 1274.77 633.821 504.223 484.827 476.001 433.101 396.84 296.146 295.995 179.218 114.189 168.846 78.187 60.4819 51.164 50.7006 63.1721 50.2763 50.1256 82.6822 54.4327 49.934
threshold=17.500000000000004 21.500000000000004 12.500000000000002 4.5000000000000009 1.5000000000000002 9.5000000000000018 14.500000000000002 3.5000000000000004 11.500000000000002 8.5000000000000018 13.500000000000002 22.500000000000004 1.0000000180025095e-35 20.500000000000004 15.500000000000002 10.500000000000002 2.5000000000000004 19.500000000000004 7.5000000000000009 4.5000000000000009 19.500000000000004 16.500000000000004 1.0000000180025095e-35 22.500000000000004 37.500000000000007 4.5000000000000009 1.0000000180025095e-35 4.5000000000000009 22.500000000000004 2.5000000000000004
decision_type=2 2 2 2 2 2 2 2 2 2 2 2 2 2 2 2 2 2 2 2 2 2 2 2 2 2 2 2 2 2
left_child=2 3 4 13 12 7 10 16 15 18 26 23 -1 20 -8 -7 -6 -5 19 -9 -2 29 -15 -3 -25 -12 -4 -28 -29 -16
right_child=1 11 6 17 5 8 14 9 -10 -11 25 -13 -14 22 21 -17 -18 -19 -20 -21 -22 -23 -24 24 -26 -27 27 28 -30 -31
leaf_value=-0.21397261095427289 0.97161163968601449 -0.39614351044137341 -0.37587408749386669 0.020825822809641077 -0.020946758369682357 -0.031014402716342981 -0.51433576511219148 0.12163298661238514 -0.21142005862435329 0.061230743394698951 -0.43449803976948531 -0.31862301881114646 -0.11439000586571638 1.1226954026655718 -0.54834605008363724 -0.10956191988817106 0.057580692114618914 0.10370583312469535 0.11939308453351259 0.17005908658753877 1.0125053793191909 -0.61082834480796011 1.0604373679016577 -0.47838361372550331 -0.40582785136997707 -0.3837126694612808 -0.28668377269591605 -0.3986216574756648 -0.30915208420551876 -0.59460648096033508
leaf_weight=240 348 120 32 133 240 240 240 240 240 240 172 240 240 44 100 240 240 128 240 720 176 240 132 60 60 68 140 34 34 140
leaf_count=240 348 120 32 133 240 240 240 240 240 240 172 240 240 44 100 240 240 128 240 720 176 240 132 60 60 68 140 34 34 140
internal_value=0 0.37799 -0.126084 0.751033 0.0129776 0.0451883 -0.487644 0.106134 -0.117332 0.135406 -0.368863 -0.368874 -0.164181 1.00814 -0.566832 -0.0702882 0.018317 0.061472 0.150241 0.157953 0.985347 -0.59308 1.076 -0.419125 -0.442106 -0.420109 -0.317617 -0.308654 -0.353887 -0.575331
internal_weight=0 1441 4320 961 3120 2640 1200 1920 720 1440 480 480 480 700 720 480 480 261 1200 960 524 480 176 240 120 240 240 208 68 240
internal_count=5761 1441 4320 961 3120 2640 1200 1920 720 1440 480 480 480 700 720 480 480 261 1200 960 524 480 176 240 120 240 240 208 68 240
is_linear=0
shrinkage=0.05


Tree=19
num_leaves=31
num_cat=0
split_feature=0 0 0 2 0 0 0 0 0 0 0 0 0 0 0 0 0 0 0 0 0 0 2 1 2 0 2 2 1 1
split_gain=99116.2 144934 78411.3 61506.1 6427.25 9439.71 4074.69 1781.72 1150.48 572.024 455.061 437.557 429.591 390.873 358.148 267.272 267.135 167.586 103.055 152.384 70.5635 54.5849 50.0253 53.7042 49.6369 54.2144 57.8775 54.7342 51.8424 57.2543
threshold=17.500000000000004 21.500000000000004 12.500000000000002 4.5000000000000009 1.5000000000000002 9.5000000000000018 14.500000000000002 3.5000000000000004 11.500000000000002 8.5000000000000018 13.500000000000002 22.500000000000004 1.0000000180025095e-35 20.500000000000004 15.500000000000002 10.500000000000002 2.5000000000000004 20.500000000000004 7.5000000000000009 4.5000000000000009 19.500000000000004 16.500000000000004 3.5000000000000004 22.500000000000004 1.0000000180025095e-35 5.5000000000000009 3.5000000000000004 1.5000000000000002 22.500000000000004 1.0000000180025095e-35
decision_type=2 2 2 2 2 2 2 2 2 2 2 2 2 2 2 2 2 2 2 2 2 2 2 2 2 2 2 2 2 2
left_child=2 3 4 13 12 7 10 16 15 18 -4 22 -1 20 -8 -7 -6 -5 19 -9 -2 -16 23 -3 -21 26 27 -26 29 -27
right_child=1 11 6 17 5 8 14 9 -10 -11 -12 -13 -14 -15 21 -17 -18 -19 -20 24 -22 -23 -24 -25 25 28 -28 -29 -30 -31
leaf_value=-0.2032739807277297 0.92303107497335857 -0.38649340188662923 -0.30173585972472217 0.035562093899618397 -0.019899421639565845 -0.029463680872577242 -0.4886189801959942 0.11555133087250094 -0.20084905593927638 0.058169206465827308 -0.39910341377370062 -0.30269187483975357 -0.10867050663723299 1.0222017533399843 -0.54656473970661557 -0.10408382387133315 0.05470166024131079 0.12869124400313012 0.1134234298412533 0.19502666994618875 0.96188006414608529 -0.580286925478528 -0.37115848152339459 -0.44842896954888217 0.10752996538067237 0.15824626385986518 0.10918927523307503 0.18612129716202619 0.14917721902915779 0.21071158522614636
leaf_weight=240 348 70 240 197 240 240 240 240 240 240 240 240 240 176 240 240 240 64 240 96 176 240 100 70 32 104 104 72 208 104
leaf_count=240 348 70 240 197 240 240 240 240 240 240 240 240 240 176 240 240 240 64 240 96 176 240 100 70 32 104 104 72 208 104
internal_value=0 0.35909 -0.11978 0.713481 0.0123287 0.0429289 -0.463262 0.100827 -0.111466 0.128635 -0.35042 -0.35043 -0.155972 0.957733 -0.53849 -0.0667738 0.0174011 0.0583984 0.142729 0.150055 0.93608 -0.563426 -0.398168 -0.417461 0.161556 0.156407 0.135564 0.161939 0.166828 0.184479
internal_weight=0 1441 4320 961 3120 2640 1200 1920 720 1440 480 480 480 700 720 480 480 261 1200 960 524 480 240 140 720 624 208 104 416 208
internal_count=5761 1441 4320 961 3120 2640 1200 1920 720 1440 480 480 480 700 720 480 480 261 1200 960 524 480 240 140 720 624 208 104 416 208
is_linear=0
shrinkage=0.05


Tree=20
num_leaves=31
num_cat=0
split_feature=0 0 0 2 0 0 0 0 0 0 0 0 0 0 0 0 0 0 0 0 0 2 0 2 2 2 2 1 1 1
split_gain=89452.4 130803 70766.2 55509.2 5800.59 8519.33 3677.4 1608 1038.3 516.251 410.693 394.895 387.706 352.763 323.229 241.213 241.09 152.32 93.0075 137.526 63.6837 49.6363 49.2629 48.8068 63.2547 48.718 48.6144 48.4439 48.2121 48.1833
threshold=17.500000000000004 21.500000000000004 12.500000000000002 4.5000000000000009 1.5000000000000002 9.5000000000000018 14.500000000000002 3.5000000000000004 11.500000000000002 8.5000000000000018 13.500000000000002 22.500000000000004 1.0000000180025095e-35 20.500000000000004 15.500000000000002 10.500000000000002 2.5000000000000004 19.500000000000004 7.5000000000000009 4.5000000000000009 19.500000000000004 4.5000000000000009 16.500000000000004 1.0000000180025095e-35 5.5000000000000009 2.5000000000000004 1.5000000000000002 37.500000000000007 22.500000000000004 37.500000000000007
decision_type=2 2 2 2 2 2 2 2 2 2 2 2 2 2 2 2 2 2 2 2 2 2 2 2 2 2 2 2 2 2
left_child=2 3 4 13 12 7 10 16 15 18 -4 -3 -1 20 21 25 -6 -5 19 -9 -2 -8 -16 -10 -25 -7 28 -28 -11 -15
right_child=1 11 6 17 5 8 14 9 23 26 -12 -13 -14 29 22 -17 -18 -19 -20 -21 -22 -23 -24 24 -26 -27 27 -29 -30 -31
leaf_value=-0.19311028287551987 0.8768794863731012 -0.37825997365250563 -0.28664906513721994 0.01800642765400217 -0.018904452457888209 -0.0013358330484479668 -0.47848534050375924 0.10977377122150755 -0.2482924846932292 0.13597512714914048 -0.37914824553794463 -0.28755727241669476 -0.10323698463762412 0.98619599143664038 -0.51923649858625143 -0.098879634553741214 0.051966574629768725 0.094414208047237491 0.10775225909814859 0.15347832419557059 0.91378607749938967 -0.42802426722996378 -0.55127258478857888 -0.17020543678240344 -0.24662716365419329 -0.047029541052345719 0.056835841139157621 -0.0037446183988570493 0.049181491346098484 0.92577871897003883
leaf_weight=240 348 240 240 133 240 100 172 240 32 32 240 240 240 132 240 240 240 128 240 720 176 68 240 176 32 140 132 44 32 44
leaf_count=240 348 240 240 133 240 100 172 240 32 32 240 240 240 132 240 240 240 128 240 720 176 68 240 176 32 140 132 44 32 44
internal_value=0 0.341136 -0.113791 0.677807 0.0117123 0.0407825 -0.440099 0.0957855 -0.105892 0.122204 -0.332899 -0.332909 -0.148174 0.909846 -0.511566 -0.0634351 0.0165311 0.0554784 0.135592 0.142552 0.889276 -0.464188 -0.535255 -0.190807 -0.181963 -0.0279905 0.0552607 0.0416907 0.0925783 0.971092
internal_weight=0 1441 4320 961 3120 2640 1200 1920 720 1440 480 480 480 700 720 480 480 261 1200 960 524 240 480 240 208 240 240 176 64 176
internal_count=5761 1441 4320 961 3120 2640 1200 1920 720 1440 480 480 480 700 720 480 480 261 1200 960 524 240 480 240 208 240 240 176 64 176
is_linear=0
shrinkage=0.05


Tree=21
num_leaves=31
num_cat=0
split_feature=0 0 0 2 0 0 0 0 0 0 0 0 0 0 0 0 0 0 0 0 0 2 1 1 1 1 1 1 2 2
split_gain=80730.8 118050 63866.5 50097.1 5235.04 7688.7 3318.86 1451.22 937.07 465.917 370.65 356.393 349.905 318.369 291.714 217.695 217.583 142.556 83.9392 124.118 57.4745 47.9445 64.7603 51.8916 47.4847 47.3922 47.3503 47.0739 49.4266 46.3608
threshold=17.500000000000004 21.500000000000004 12.500000000000002 4.5000000000000009 1.5000000000000002 9.5000000000000018 14.500000000000002 3.5000000000000004 11.500000000000002 8.5000000000000018 13.500000000000002 22.500000000000004 1.0000000180025095e-35 20.500000000000004 15.500000000000002 10.500000000000002 2.5000000000000004 20.500000000000004 7.5000000000000009 4.5000000000000009 19.500000000000004 4.5000000000000009 37.500000000000007 1.0000000180025095e-35 37.500000000000007 37.500000000000007 1.0000000180025095e-35 37.500000000000007 2.5000000000000004 3.5000000000000004
decision_type=2 2 2 2 2 2 2 2 2 2 2 2 2 2 2 2 2 2 2 2 2 2 2 2 2 2 2 2 2 2
left_child=2 3 4 13 12 7 10 16 15 18 -4 -3 21 20 -8 26 24 -5 19 -9 27 22 23 -1 -6 -18 -7 -2 -29 -20
right_child=1 11 6 17 5 8 14 9 -10 -11 -12 -13 -14 -15 -16 -17 25 -19 29 -21 -22 -23 -24 -25 -26 -27 -28 28 -30 -31
leaf_value=-0.19653747719387676 0.82241832691590899 -0.35934697166977764 -0.27231661224427323 0.031642524781755083 -0.0051187726293897466 0.011875862708936135 -0.44097864164660372 0.10428507957103042 -0.18126627713480656 0.052497712624220483 -0.36019083155862369 -0.27317941144690849 -0.098075132663361736 0.92253712212497541 -0.50849181255480891 -0.093935654653081055 0.062196191830767522 0.11753597222268582 0.083147573019103971 0.14580440867798947 0.86809678077697761 -0.21899691566222296 -0.22254314641793105 -0.12926613000048282 -0.056480599840482072 0.01088439676600198 -0.03941325202636007 0.89655048426459827 0.82003068261676371 0.12749466870266657
leaf_weight=43 261 240 240 197 180 60 240 240 240 240 240 240 240 176 480 240 180 64 136 720 176 68 43 86 60 60 180 51 36 104
leaf_count=43 261 240 240 197 180 60 240 240 240 240 240 240 240 176 480 240 180 64 136 720 176 68 43 86 60 60 180 51 36 104
internal_value=0 0.324079 -0.108101 0.643917 0.0111267 0.0387433 -0.418094 0.0909962 -0.100598 0.116093 -0.316254 -0.316263 -0.140765 0.864354 -0.485987 -0.0602633 0.0157045 0.0527045 0.128813 0.135425 0.844812 -0.183455 -0.169403 -0.15169 -0.0179592 0.0493682 -0.026591 0.833036 0.864887 0.102365
internal_weight=0 1441 4320 961 3120 2640 1200 1920 720 1440 480 480 480 700 720 480 480 261 1200 960 524 240 172 129 240 240 240 348 87 240
internal_count=5761 1441 4320 961 3120 2640 1200 1920 720 1440 480 480 480 700 720 480 480 261 1200 960 524 240 172 129 240 240 240 348 87 240
is_linear=0
shrinkage=0.05


Tree=22
num_leaves=31
num_cat=0
split_feature=0 0 0 2 0 0 0 0 0 0 0 0 0 0 0 0 0 0 0 0 0 2 1 2 1 2 2 2 1 1
split_gain=72859.5 106540 57639.5 45212.6 4724.62 6939.05 2995.27 1309.73 845.706 420.49 334.512 321.644 315.789 287.328 263.272 196.469 196.369 129.456 75.7552 112.016 51.8708 45.5422 45.4065 47.0433 55.0166 45.3744 45.2384 74.6207 49.1255 44.9191
threshold=17.500000000000004 21.500000000000004 12.500000000000002 4.5000000000000009 1.5000000000000002 9.5000000000000018 14.500000000000002 3.5000000000000004 11.500000000000002 8.5000000000000018 13.500000000000002 22.500000000000004 1.0000000180025095e-35 20.500000000000004 15.500000000000002 10.500000000000002 2.5000000000000004 19.500000000000004 7.5000000000000009 4.5000000000000009 19.500000000000004 4.5000000000000009 22.500000000000004 3.5000000000000004 37.500000000000007 4.5000000000000009 1.0000000180025095e-35 4.5000000000000009 22.500000000000004 22.500000000000004
decision_type=2 2 2 2 2 2 2 2 2 2 2 2 2 2 2 2 2 2 2 2 2 2 2 2 2 2 2 2 2 2
left_child=2 3 4 13 12 7 10 16 15 18 26 21 -1 20 -8 -7 -6 -5 19 -9 -2 -3 -20 -24 -25 -12 -4 -28 -29 -17
right_child=1 11 6 17 5 8 14 9 -10 -11 25 -13 -14 -15 -16 29 -18 -19 22 -21 -22 -23 23 24 -26 -27 27 28 -30 -31
leaf_value=-0.17428203140540671 0.7913837534704663 -0.35451386013830249 -0.31404529844876383 0.015523973666131497 -0.017061262840094665 -0.025261426377886288 -0.4189296948455134 0.099070830151904377 -0.17220295951003209 0.04987282569811214 -0.35585101504788497 -0.2595204385878363 -0.093171380350831903 0.87641023221341063 -0.48306722755699111 -0.11087001997822275 0.046899832711787895 0.085964036092627802 0.075498200642565891 0.13851418714229821 0.82469193718650124 -0.30526047594612465 0.091618287497583564 0.20622431051272613 0.10336460711864325 -0.30760492025052799 -0.22931451226052429 -0.33565549324540533 -0.25065939661991948 -0.067607713484515747
leaf_weight=240 348 176 32 133 240 240 240 240 240 240 172 240 240 176 480 120 240 128 120 720 176 64 68 26 26 68 140 34 34 120
leaf_count=240 348 176 32 133 240 240 240 240 240 240 172 240 240 176 480 120 240 128 120 720 176 64 68 26 26 68 140 34 34 120
internal_value=0 0.307875 -0.102696 0.611721 0.0105703 0.0368062 -0.397189 0.0864464 -0.0955678 0.110289 -0.300441 -0.30045 -0.133727 0.821136 -0.461688 -0.0572501 0.0149193 0.0500693 0.122372 0.128653 0.802571 -0.34138 0.0972464 0.118995 0.154794 -0.342181 -0.258701 -0.250186 -0.293157 -0.0892389
internal_weight=0 1441 4320 961 3120 2640 1200 1920 720 1440 480 480 480 700 720 480 480 261 1200 960 524 240 240 120 52 240 240 208 68 240
internal_count=5761 1441 4320 961 3120 2640 1200 1920 720 1440 480 480 480 700 720 480 480 261 1200 960 524 240 240 120 52 240 240 208 68 240
is_linear=0
shrinkage=0.05


Tree=23
num_leaves=31
num_cat=0
split_feature=0 0 0 2 0 0 0 0 0 0 0 0 0 0 0 0 0 0 0 0 0 2 1 0 2 2 1 2 2 2
split_gain=65755.7 96152.4 52019.7 40804.4 4263.97 6262.49 2703.23 1182.03 763.249 379.492 301.897 290.284 285 259.313 237.603 177.314 177.223 121.268 68.369 103.757 46.8133 44.7968 44.6167 44.4598 46.639 46.0551 48.4543 81.3106 75.7443 44.0481
threshold=17.500000000000004 21.500000000000004 12.500000000000002 4.5000000000000009 1.5000000000000002 9.5000000000000018 14.500000000000002 3.5000000000000004 11.500000000000002 8.5000000000000018 13.500000000000002 22.500000000000004 1.0000000180025095e-35 20.500000000000004 15.500000000000002 10.500000000000002 2.5000000000000004 20.500000000000004 7.5000000000000009 5.5000000000000009 19.500000000000004 4.5000000000000009 1.0000000180025095e-35 16.500000000000004 4.5000000000000009 3.5000000000000004 1.0000000180025095e-35 5.5000000000000009 4.5000000000000009 1.0000000180025095e-35
decision_type=2 2 2 2 2 2 2 2 2 2 2 2 2 2 2 2 2 2 2 2 2 2 2 2 2 2 2 2 2 2
left_child=2 3 4 13 12 7 10 16 15 18 -4 -3 -1 20 21 -7 -6 -5 19 -9 -2 -8 -15 25 -25 -16 -27 28 -28 -10
right_child=1 11 6 17 5 8 14 9 29 -11 -12 -13 -14 22 23 -17 -18 -19 -20 -21 -22 -23 -24 24 -26 26 27 -29 -30 -31
leaf_value=-0.16556792856155275 0.75181456373512068 -0.32431064026740691 -0.24576574499330794 0.02813999589324603 -0.016208200928134225 -0.023998352494090797 -0.41156566757275614 0.10578290525920844 -0.21820439886068926 0.047379184906215718 -0.32507221811761461 -0.2465444145646567 -0.088512809605648127 0.87619338469071817 -0.42454312424011093 -0.084776926826840904 0.044554842412083726 0.10736096922773869 0.092384095202044894 0.13865845700978147 0.78345732804049151 -0.36362763411803722 0.81805519082329503 -0.48798991527061819 -0.43907610340153475 -0.40963112964079934 -0.51363176482695116 -0.56502304300665862 -0.39519731821837251 -0.1551910320498372
leaf_weight=240 348 240 240 197 240 240 172 480 32 240 240 240 240 44 136 240 240 64 240 480 176 68 132 172 68 26 27 24 27 208
leaf_count=240 348 240 240 197 240 240 172 480 32 240 240 240 240 44 136 240 240 64 240 480 176 68 132 172 68 26 27 24 27 208
internal_value=0 0.292481 -0.0975614 0.581135 0.0100418 0.0349659 -0.37733 0.0821241 -0.0907894 0.104774 -0.285419 -0.285428 -0.12704 0.78008 -0.438604 -0.0543876 0.0141733 0.0475658 0.116253 0.122221 0.762443 -0.397983 0.83259 -0.458914 -0.474131 -0.443697 -0.468744 -0.488448 -0.454415 -0.163593
internal_weight=0 1441 4320 961 3120 2640 1200 1920 720 1440 480 480 480 700 720 480 480 261 1200 960 524 240 176 480 240 240 104 78 54 240
internal_count=5761 1441 4320 961 3120 2640 1200 1920 720 1440 480 480 480 700 720 480 480 261 1200 960 524 240 176 480 240 240 104 78 54 240
is_linear=0
shrinkage=0.05


Tree=24
num_leaves=31
num_cat=0
split_feature=0 0 0 2 0 0 0 0 0 0 0 0 0 0 0 0 0 0 0 0 2 2 2 2 0 1 1 1 2 2
split_gain=59344.6 86777.5 46947.8 36826 3848.23 5651.9 2439.67 1066.78 688.832 342.492 272.462 261.981 257.212 234.03 214.436 160.026 159.944 110.02 61.7031 95.2679 44.7973 44.6743 43.968 43.94 43.6624 52.7288 46.7877 51.672 231.771 144.489
threshold=17.500000000000004 21.500000000000004 12.500000000000002 4.5000000000000009 1.5000000000000002 9.5000000000000018 14.500000000000002 3.5000000000000004 11.500000000000002 8.5000000000000018 13.500000000000002 22.500000000000004 1.0000000180025095e-35 20.500000000000004 15.500000000000002 10.500000000000002 2.5000000000000004 19.500000000000004 7.5000000000000009 4.5000000000000009 1.0000000180025095e-35 2.5000000000000004 2.5000000000000004 2.5000000000000004 5.5000000000000009 1.0000000180025095e-35 22.500000000000004 1.0000000180025095e-35 2.5000000000000004 4.5000000000000009
decision_type=2 2 2 2 2 2 2 2 2 2 2 2 2 2 2 2 2 2 2 2 2 2 2 2 2 2 2 2 2 2
left_child=2 3 4 13 12 7 10 16 15 18 -4 -3 -1 21 -8 22 -6 -5 19 -9 -21 -2 -7 -11 25 -22 27 29 -29 -26
right_child=1 11 6 17 5 8 14 9 -10 23 -12 -13 -14 -15 -16 -17 -18 -19 -20 20 24 -23 -24 -25 26 -27 -28 28 -30 -31
leaf_value=-0.15728952996122342 0.73654655221994825 -0.30809511334945761 -0.2334774582588216 0.013340774771785434 -0.01539779227692634 0.0025234924266114831 -0.37808405821522079 0.088828136079634246 -0.15541317312512548 0.070324094243347651 -0.30881861717828241 -0.23421720253614087 -0.084087163899481926 0.79096025763587519 -0.43596816235018193 -0.080538079272179555 0.042327099714893845 0.078278312572001602 0.087764889591683951 0.15700049312630049 0.058003431472640782 0.70688716961001907 -0.040885529017874178 0.02692889127863704 0.080437781220035906 0.11614166385350894 0.11289558631430668 0.27845394041608362 0.11933289620958801 0.2060740586151095
leaf_weight=240 308 240 240 133 240 100 240 240 240 100 240 240 240 176 480 240 240 128 240 96 52 216 140 140 70 156 208 34 70 34
leaf_count=240 308 240 240 133 240 100 240 240 240 100 240 240 240 176 480 240 240 128 240 96 52 216 140 140 70 156 208 34 70 34
internal_value=0 0.277857 -0.0926833 0.552078 0.00953974 0.0332176 -0.358463 0.0780179 -0.0862499 0.0995356 -0.271148 -0.271156 -0.120688 0.741076 -0.416673 -0.0516683 0.0134647 0.0451875 0.110441 0.11611 0.125203 0.724321 -0.0227984 0.0450102 0.120312 0.101607 0.129664 0.146432 0.171353 0.121511
internal_weight=0 1441 4320 961 3120 2640 1200 1920 720 1440 480 480 480 700 720 480 480 261 1200 960 720 524 240 240 624 208 416 208 104 104
internal_count=5761 1441 4320 961 3120 2640 1200 1920 720 1440 480 480 480 700 720 480 480 261 1200 960 720 524 240 240 624 208 416 208 104 104
is_linear=0
shrinkage=0.05


Tree=25
num_leaves=31
num_cat=0
split_feature=0 0 0 2 0 0 0 0 0 0 0 0 0 0 0 0 0 0 0 0 2 1 1 1 1 1 0 1 2 2
split_gain=53558.5 78316.7 42370.4 33235.4 3473.03 5100.84 2201.8 962.771 621.671 309.099 245.897 236.438 232.134 211.213 193.529 144.423 144.349 103.162 55.687 85.9793 43.2699 58.4462 46.8322 42.8549 42.7715 42.7337 42.2295 42.4842 42.8061 42.1936
threshold=17.500000000000004 21.500000000000004 12.500000000000002 4.5000000000000009 1.5000000000000002 9.5000000000000018 14.500000000000002 3.5000000000000004 11.500000000000002 8.5000000000000018 13.500000000000002 22.500000000000004 1.0000000180025095e-35 20.500000000000004 15.500000000000002 10.500000000000002 2.5000000000000004 20.500000000000004 7.5000000000000009 4.5000000000000009 4.5000000000000009 37.500000000000007 1.0000000180025095e-35 37.500000000000007 37.500000000000007 1.0000000180025095e-35 19.500000000000004 37.500000000000007 2.5000000000000004 5.5000000000000009
decision_type=2 2 2 2 2 2 2 2 2 2 2 2 2 2 2 2 2 2 2 2 2 2 2 2 2 2 2 2 2 2
left_child=2 3 4 13 12 7 10 16 15 18 -4 -3 20 26 -8 25 23 -5 19 -9 21 22 -1 -6 -18 -7 27 -2 -29 -10
right_child=1 11 6 17 5 8 14 9 29 -11 -12 -13 -14 -15 -16 -17 24 -19 -20 -21 -22 -23 -24 -25 -26 -27 -28 28 -30 -31
leaf_value=-0.16185362844966178 0.6679238029480894 -0.29269035737641386 -0.22180358189235752 0.025011136959339986 -0.0024294748778144522 0.01488498262440165 -0.35917985570461802 0.084386728714841111 -0.13941949411111218 0.042759715782594868 -0.29337768157556032 -0.22250633596947106 -0.079882809178476843 0.75141225071115936 -0.41416976343927675 -0.07651117433881155 0.0523972986646307 0.098079004428291233 0.083376647202142828 0.11894330599985553 -0.18319009261972763 -0.18655901197777239 -0.097945852331860483 -0.051223202856878439 0.003651096827040116 -0.033839678235041602 0.70806380977684802 0.73773569429621988 0.66652488393916032 -0.20109212961979211
leaf_weight=43 261 240 240 197 180 60 240 240 208 240 240 240 240 176 480 240 180 64 240 720 68 43 86 60 60 180 176 51 36 32
leaf_count=43 261 240 240 197 180 60 240 240 208 240 240 240 240 176 480 240 180 64 240 720 68 43 86 60 60 180 176 51 36 32
internal_value=0 0.263964 -0.0880492 0.524474 0.00906275 0.0315567 -0.34054 0.074117 -0.0819374 0.0945588 -0.257591 -0.257598 -0.114654 0.704022 -0.39584 -0.0490848 0.0127914 0.0429282 0.104919 0.110304 -0.149425 -0.136076 -0.119248 -0.0146279 0.0402107 -0.0216585 0.688105 0.67801 0.708269 -0.147643
internal_weight=0 1441 4320 961 3120 2640 1200 1920 720 1440 480 480 480 700 720 480 480 261 1200 960 240 172 129 240 240 240 524 348 87 240
internal_count=5761 1441 4320 961 3120 2640 1200 1920 720 1440 480 480 480 700 720 480 480 261 1200 960 240 172 129 240 240 240 524 348 87 240
is_linear=0
shrinkage=0.05


Tree=26
num_leaves=31
num_cat=0
split_feature=0 0 0 2 0 0 0 0 0 0 0 0 0 0 0 0 0 0 0 0 1 1 1 1 2 1 2 2 2 1
split_gain=48336.5 70680.9 38239.2 29995 3134.41 4603.51 1987.12 868.901 561.058 278.962 221.922 213.385 209.501 190.619 174.66 130.342 130.275 93.5001 50.2575 78.7877 42.0495 57.0128 42.0295 40.9794 42.4566 49.6525 40.9504 40.8276 67.3452 44.3357
threshold=17.500000000000004 21.500000000000004 12.500000000000002 4.5000000000000009 1.5000000000000002 9.5000000000000018 14.500000000000002 3.5000000000000004 11.500000000000002 8.5000000000000018 13.500000000000002 22.500000000000004 1.0000000180025095e-35 20.500000000000004 15.500000000000002 10.500000000000002 2.5000000000000004 19.500000000000004 7.5000000000000009 5.5000000000000009 22.500000000000004 37.500000000000007 37.500000000000007 22.500000000000004 3.5000000000000004 37.500000000000007 4.5000000000000009 1.0000000180025095e-35 4.5000000000000009 22.500000000000004
decision_type=2 2 2 2 2 2 2 2 2 2 2 2 2 2 2 2 2 2 2 2 2 2 2 2 2 2 2 2 2 2
left_child=2 3 4 13 12 7 10 16 15 18 27 20 -1 -2 -8 -7 -6 -5 19 -9 -3 -22 -15 -20 -25 -26 -12 -4 -29 -30
right_child=1 11 6 17 5 8 14 9 -10 -11 26 -13 -14 22 -16 -17 -18 -19 23 -21 21 -23 -24 24 25 -27 -28 28 29 -31
leaf_value=-0.14195380194345489 0.6536992829463637 -0.25712700299297769 -0.2632906924467534 0.011423179211753204 -0.01389650990565618 -0.02057558607319758 -0.34122085383938006 0.090464980208489587 -0.14026039144771252 0.040621730011383389 -0.29169504096688231 -0.21138102420741536 -0.075888667545902233 0.7279484845923655 -0.39346127067129905 -0.072685615337298559 0.038200212445420524 0.071287141556240385 0.058547007088394214 0.11911292701474546 -0.33344865530069612 -0.26452068092922371 0.67152103984897793 0.073861091288135325 0.18273681734616942 0.085020095568436843 -0.24586123780292624 -0.18279644195256489 -0.28382038307677515 -0.20307409531053378
leaf_weight=240 524 120 32 133 240 240 240 480 240 240 172 240 240 132 480 240 240 128 120 480 60 60 44 68 26 26 68 140 34 34
leaf_count=240 524 120 32 133 240 240 240 480 240 240 172 240 240 132 480 240 240 128 120 480 60 60 44 68 26 26 68 140 34 34
internal_value=0 0.250766 -0.0836467 0.49825 0.00860962 0.0299789 -0.323513 0.0704111 -0.0778405 0.0898309 -0.244711 -0.244718 -0.108921 0.668821 -0.376048 -0.0466306 0.0121519 0.0407818 0.0996727 0.104789 -0.278056 -0.298985 0.713842 0.0792078 0.0998686 0.133878 -0.278709 -0.210713 -0.202625 -0.243447
internal_weight=0 1441 4320 961 3120 2640 1200 1920 720 1440 480 480 480 700 720 480 480 261 1200 960 240 120 176 240 120 52 240 240 208 68
internal_count=5761 1441 4320 961 3120 2640 1200 1920 720 1440 480 480 480 700 720 480 480 261 1200 960 240 120 176 240 120 52 240 240 208 68
is_linear=0
shrinkage=0.05


Tree=27
num_leaves=31
num_cat=0
split_feature=0 0 0 2 0 0 0 0 0 0 0 0 0 0 0 0 0 0 0 0 2 1 2 1 2 1 1 2 2 2
split_gain=43623.7 63789.5 34510.9 27070.5 2828.8 4154.67 1793.38 784.183 506.355 251.763 200.285 192.58 189.075 172.034 157.631 117.634 117.573 87.7615 45.3574 73.1477 41.9704 45.0813 40.7976 43.7206 45.9009 43.5114 40.5394 166.608 79.164 40.4295
threshold=17.500000000000004 21.500000000000004 12.500000000000002 4.5000000000000009 1.5000000000000002 9.5000000000000018 14.500000000000002 3.5000000000000004 11.500000000000002 8.5000000000000018 13.500000000000002 22.500000000000004 1.0000000180025095e-35 20.500000000000004 15.500000000000002 10.500000000000002 2.5000000000000004 20.500000000000004 7.5000000000000009 4.5000000000000009 3.5000000000000004 22.500000000000004 1.5000000000000002 37.500000000000007 5.5000000000000009 22.500000000000004 22.500000000000004 2.5000000000000004 4.5000000000000009 1.0000000180025095e-35
decision_type=2 2 2 2 2 2 2 2 2 2 2 2 2 2 2 2 2 2 2 2 2 2 2 2 2 2 2 2 2 2
left_child=2 3 4 13 12 7 10 16 15 18 -4 20 -1 -2 -8 -7 -6 -5 19 -9 21 -3 25 24 -24 -11 28 -28 -17 -21
right_child=1 11 6 17 5 8 14 9 -10 22 -12 -13 -14 -15 -16 26 -18 -19 -20 29 -22 -23 23 -25 -26 -27 27 -29 -30 -31
leaf_value=-0.13485611171772083 0.62101432206180263 -0.25345153960532379 -0.20017773239562908 0.022217009967750858 -0.013201687472561997 -0.019546808309096379 -0.32415981158303719 0.075644150239531888 -0.1332473702489127 0.11400361051782966 -0.26477336120636513 -0.20081196579383687 -0.072094232436114306 0.6781495491889391 -0.37378820579127936 -0.11513578503847469 0.036290199440748745 0.089610692809219475 0.075247419833516085 0.1377251196031769 -0.23941302567720416 -0.31019743317671655 0.054446357916350718 -0.017004206759685819 -0.021998823866791403 0.031549653364345433 0.021207713067531588 -0.098294212264674052 -0.025012773625990928 0.1028707062207664
leaf_weight=240 524 70 240 197 240 240 240 240 240 32 240 240 240 176 480 86 240 64 240 96 100 70 108 44 24 32 50 70 34 624
leaf_count=240 524 70 240 197 240 240 240 240 240 32 240 240 240 176 480 86 240 64 240 96 100 70 108 44 24 32 50 70 34 624
internal_value=0 0.238228 -0.0794644 0.473338 0.00817913 0.0284799 -0.307337 0.0668906 -0.0739485 0.0853393 -0.232476 -0.232483 -0.103475 0.63538 -0.357245 -0.0442991 0.0115443 0.0387427 0.0946891 0.0995495 -0.264153 -0.281824 0.0385906 0.0261594 0.0405472 0.0727766 -0.0690513 -0.0485017 -0.0896009 0.107518
internal_weight=0 1441 4320 961 3120 2640 1200 1920 720 1440 480 480 480 700 720 480 480 261 1200 960 240 140 240 176 132 64 240 120 120 720
internal_count=5761 1441 4320 961 3120 2640 1200 1920 720 1440 480 480 480 700 720 480 480 261 1200 960 240 140 240 176 132 64 240 120 120 720
is_linear=0
shrinkage=0.05


Tree=28
num_leaves=31
num_cat=0
split_feature=0 0 0 2 0 0 0 0 0 0 0 0 0 0 0 0 0 0 0 0 2 2 2 2 1 0 1 2 2 2
split_gain=39370.4 57570 31146.1 24431.1 2553 3749.59 1618.52 707.725 456.986 227.216 180.757 173.804 170.64 155.261 142.262 106.164 106.11 79.458 40.9351 67.003 40.4291 40.386 52.3409 40.2523 69.8516 40.1249 45.3973 49.8322 43.1568 39.6811
threshold=17.500000000000004 21.500000000000004 12.500000000000002 4.5000000000000009 1.5000000000000002 9.5000000000000018 14.500000000000002 3.5000000000000004 11.500000000000002 8.5000000000000018 13.500000000000002 22.500000000000004 1.0000000180025095e-35 20.500000000000004 15.500000000000002 10.500000000000002 2.5000000000000004 19.500000000000004 7.5000000000000009 5.5000000000000009 4.5000000000000009 1.0000000180025095e-35 5.5000000000000009 4.5000000000000009 37.500000000000007 16.500000000000004 22.500000000000004 4.5000000000000009 1.0000000180025095e-35 2.5000000000000004
decision_type=2 2 2 2 2 2 2 2 2 2 2 2 2 2 2 2 2 2 2 2 2 2 2 2 2 2 2 2 2 2
left_child=2 3 4 13 12 7 10 16 15 18 -4 -3 -1 -2 20 29 -6 -5 19 -9 -8 -10 -23 24 -18 28 -27 -28 -16 -7
right_child=1 11 6 17 5 8 14 9 21 -11 -12 -13 -14 -15 25 -17 23 -19 -20 -21 -22 22 -24 -25 -26 26 27 -29 -30 -31
leaf_value=-0.12811330392364959 0.58996360539778614 -0.25094539113730813 -0.19016884806779369 0.0097411754968247024 -0.012541602013322216 0.0054863670002669104 -0.32085514685442285 0.081362680650296781 -0.17887715523829684 0.036661109446625532 -0.25153469294309616 -0.19077137365859623 -0.068489527024018268 0.64424208105457104 -0.28658630605787039 -0.065598769329177839 0.039997026798326174 0.064927094093582133 0.071485051058698443 0.10778138548368588 -0.2753140216026248 -0.1078451313755729 -0.17736213319003583 0.067042070846347251 -0.033588642782943198 -0.39130107826863725 -0.3680683960401735 -0.29656493006383672 -0.34895885958193018 -0.035752207781188192
leaf_weight=240 524 240 240 133 240 100 172 480 32 240 240 240 240 176 32 240 129 128 240 480 68 176 32 68 43 120 86 34 208 140
leaf_count=240 524 240 240 133 240 100 172 480 32 240 240 240 240 176 32 240 129 128 240 480 68 176 32 68 43 120 86 34 208 140
internal_value=0 0.226316 -0.0754911 0.449671 0.00777018 0.0270559 -0.291971 0.063546 -0.0702511 0.0810724 -0.220852 -0.220858 -0.0983014 0.603611 -0.339383 -0.0420841 0.010967 0.0368055 0.0899546 0.094572 -0.307952 -0.126585 -0.11854 0.0344757 0.0216006 -0.355099 -0.369555 -0.347809 -0.340643 -0.0185695
internal_weight=0 1441 4320 961 3120 2640 1200 1920 720 1440 480 480 480 700 720 480 480 261 1200 960 240 240 208 240 172 480 240 120 240 240
internal_count=5761 1441 4320 961 3120 2640 1200 1920 720 1440 480 480 480 700 720 480 480 261 1200 960 240 240 208 240 172 480 240 120 240 240
is_linear=0
shrinkage=0.05


Tree=29
num_leaves=31
num_cat=0
split_feature=0 0 0 2 0 0 0 0 0 0 0 0 0 0 0 0 0 0 1 2 1 1 1 1 1 2 2 1 2 2
split_gain=35531.8 51956.9 28109.4 22049.1 2304.08 3384 1460.72 638.722 412.429 205.062 163.133 156.858 154.002 140.818 128.391 95.8132 95.7643 74.6627 73.507 39.0511 52.7477 42.266 38.6766 38.5671 38.5599 47.7758 80.4195 38.3419 38.6324 38.1917
threshold=17.500000000000004 21.500000000000004 12.500000000000002 4.5000000000000009 1.5000000000000002 9.5000000000000018 14.500000000000002 3.5000000000000004 11.500000000000002 8.5000000000000018 13.500000000000002 22.500000000000004 1.0000000180025095e-35 19.500000000000004 15.500000000000002 10.500000000000002 2.5000000000000004 20.500000000000004 1.0000000180025095e-35 4.5000000000000009 37.500000000000007 1.0000000180025095e-35 37.500000000000007 1.0000000180025095e-35 1.0000000180025095e-35 4.5000000000000009 5.5000000000000009 37.500000000000007 2.5000000000000004 4.5000000000000009
decision_type=2 2 2 2 2 2 2 2 2 2 2 2 2 2 2 2 2 2 2 2 2 2 2 2 2 2 2 2 2 2
left_child=2 3 4 13 12 7 10 16 15 -9 -4 29 19 27 -8 23 22 -5 -15 20 21 -1 -6 -7 -12 -26 -27 -2 -29 -3
right_child=1 11 6 17 5 8 14 9 -10 -11 24 -13 -14 18 -16 -17 -18 -19 -20 -21 -22 -23 -24 -25 25 26 -28 28 -30 -31
leaf_value=-0.13351477668728939 0.54129377493913144 -0.25042583175977184 -0.18066040348280998 0.019722681385724982 -0.00032600799368487468 0.017075326337168614 -0.29255422790690017 0.085456903878725524 -0.12025575442084423 0.034828053581586575 -0.27367101577421032 -0.1812328045978211 -0.065065047129173756 0.63530360494147653 -0.33734385807397005 -0.062318830644168578 0.032751902304589749 0.081883805041434249 0.58253661205879215 -0.15378443081589308 -0.15698490343814675 -0.072802402061778446 -0.046680051883061735 -0.029213102743443516 -0.24358368619063567 -0.12722306793762581 -0.25301372508207959 0.60761504027188995 0.53996479544374676 -0.20532193214748987
leaf_weight=43 261 176 240 197 180 60 240 1200 240 240 60 240 240 88 480 240 240 64 264 68 43 86 60 180 129 27 24 51 36 64
leaf_count=43 261 176 240 197 180 60 240 1200 240 240 60 240 240 88 480 240 240 64 264 68 43 86 60 180 129 27 24 51 36 64
internal_value=0 0.215 -0.0717166 0.427187 0.00738167 0.0257031 -0.277372 0.0603687 -0.0667385 0.0770188 -0.209809 -0.209815 -0.0933863 0.57343 -0.322414 -0.0399799 0.0104187 0.0349653 0.595728 -0.121708 -0.109026 -0.0930399 -0.0119145 -0.017641 -0.238958 -0.227387 -0.186419 0.550876 0.579622 -0.238398
internal_weight=0 1441 4320 961 3120 2640 1200 1920 720 1440 480 480 480 700 720 480 480 261 352 240 172 129 240 240 240 180 51 348 87 240
internal_count=5761 1441 4320 961 3120 2640 1200 1920 720 1440 480 480 480 700 720 480 480 261 352 240 172 129 240 240 240 180 51 348 87 240
is_linear=0
shrinkage=0.05


Tree=30
num_leaves=31
num_cat=0
split_feature=0 0 0 2 0 0 0 0 0 0 0 0 0 0 0 0 0 0 0 0 2 1 2 1 2 2 2 1 2 1
split_gain=32067.4 46891.1 25368.7 19899.3 2079.43 3054.06 1318.3 576.447 372.218 185.069 147.228 141.564 138.987 132.145 115.873 86.4714 86.4272 67.5225 37.4382 61.7375 37.0389 36.9839 38.317 44.8114 36.847 63.6965 36.8199 39.4579 41.4256 39.269
threshold=17.500000000000004 21.500000000000004 12.500000000000002 4.5000000000000009 1.5000000000000002 9.5000000000000018 14.500000000000002 3.5000000000000004 11.500000000000002 8.5000000000000018 13.500000000000002 22.500000000000004 1.0000000180025095e-35 20.500000000000004 15.500000000000002 10.500000000000002 2.5000000000000004 19.500000000000004 4.5000000000000009 7.5000000000000009 2.5000000000000004 22.500000000000004 3.5000000000000004 37.500000000000007 1.0000000180025095e-35 1.5000000000000002 1.5000000000000002 37.500000000000007 5.5000000000000009 22.500000000000004
decision_type=2 2 2 2 2 2 2 2 2 2 2 2 2 2 2 2 2 2 2 2 2 2 2 2 2 2 2 2 2 2
left_child=2 3 4 13 12 7 10 16 15 18 24 -3 -1 20 -8 -7 -6 -5 -9 -20 -2 -21 -23 -24 -4 -26 29 28 -28 -11
right_child=1 11 6 17 5 8 14 9 -10 26 -12 -13 -14 -15 -16 -17 -18 -19 19 21 -22 22 23 -25 25 -27 27 -29 -30 -31
leaf_value=-0.11562225823290646 0.54330068623054439 -0.22647821739936869 -0.22157581532374027 0.0082679822228680887 -0.011318788708498081 -0.016758944822067863 -0.27792652779569232 0.063520957940490924 -0.11424296249972637 0.10472897079307586 -0.22701005595115326 -0.17217115792135398 -0.061811794713139537 0.58224355075508361 -0.32047666412962528 -0.059202889749334048 0.031114308076600233 0.059140573719923852 0.092920461525726653 0.044010189875649912 0.51629454768780203 0.058558571563266659 0.16199050545692445 0.069159627190003028 -0.099053061008453375 -0.17574118499654684 0.048149582426305175 -0.019728453542021188 -0.02447334675040717 0.026397712738253178
leaf_weight=240 308 240 32 133 240 240 240 240 240 32 240 240 240 176 480 240 240 128 720 120 216 68 26 26 32 176 108 44 24 32
leaf_count=240 308 240 32 133 240 240 240 240 240 32 240 240 240 176 480 240 240 128 720 120 216 68 26 26 32 176 108 44 24 32
internal_value=0 0.20425 -0.0681308 0.405828 0.00701259 0.024418 -0.263503 0.0573503 -0.0634016 0.0731678 -0.199319 -0.199325 -0.088717 0.544759 -0.306293 -0.0379809 0.00989776 0.033217 0.0811841 0.0855998 0.532168 0.063638 0.0832657 0.115575 -0.171627 -0.163943 0.0330867 0.0212769 0.0349454 0.0655633
internal_weight=0 1441 4320 961 3120 2640 1200 1920 720 1440 480 480 480 700 720 480 480 261 1200 960 524 240 120 52 240 208 240 176 132 64
internal_count=5761 1441 4320 961 3120 2640 1200 1920 720 1440 480 480 480 700 720 480 480 261 1200 960 524 240 120 52 240 208 240 176 132 64
is_linear=0
shrinkage=0.05


Tree=31
num_leaves=31
num_cat=0
split_feature=0 0 0 2 0 0 0 0 0 0 0 0 0 0 0 0 0 1 0 1 1 2 0 2 2 1 2 2 2 1
split_gain=28940.9 42319.2 22895.2 17959.1 1876.69 2756.29 1189.76 520.243 335.926 167.025 132.873 127.762 125.436 119.706 106.597 78.0405 78.0006 66.3401 63.521 43.0526 40.9711 44.9736 38.128 118.135 55.3857 36.5868 150.364 71.4455 36.4484 47.6423
threshold=17.500000000000004 21.500000000000004 12.500000000000002 4.5000000000000009 1.5000000000000002 9.5000000000000018 14.500000000000002 3.5000000000000004 11.500000000000002 8.5000000000000018 13.500000000000002 22.500000000000004 1.0000000180025095e-35 19.500000000000004 16.500000000000004 10.500000000000002 2.5000000000000004 1.0000000180025095e-35 20.500000000000004 1.0000000180025095e-35 22.500000000000004 4.5000000000000009 15.500000000000002 5.5000000000000009 4.5000000000000009 22.500000000000004 2.5000000000000004 4.5000000000000009 1.0000000180025095e-35 22.500000000000004
decision_type=2 2 2 2 2 2 2 2 2 2 2 2 2 2 2 2 2 2 2 2 2 2 2 2 2 2 2 2 2 2
left_child=2 3 4 13 12 7 10 16 15 -9 -4 -3 -1 -2 19 -7 -6 -15 -5 -8 -16 -22 24 -24 -21 27 -27 -17 -10 -30
right_child=1 11 6 18 5 8 14 9 28 -11 -12 -13 -14 17 20 25 -18 -19 -20 22 21 -23 23 -25 -26 26 -28 -29 29 -31
leaf_value=-0.10984114380863806 0.49672571098988599 -0.21515430795572077 -0.1630460159216697 0.017496787710115314 -0.010752854458987713 -0.015920998271709931 -0.25143838599324225 0.077124856375545892 -0.1582083625951782 0.031432318091732067 -0.21565955268995218 -0.16356260535152009 -0.058721205558006966 0.57567603384906596 -0.3388449975089316 -0.10002296995804755 0.029558592334021042 0.52554737132917528 0.074832588195567956 -0.28718731045260909 -0.3167739409260279 -0.24884566401734071 -0.28640434247895313 -0.40556354112923149 -0.22563773528033615 0.029503353767096997 -0.084023477222238269 -0.014406107760527554 -0.076958558758801365 -0.12481767028892557
leaf_weight=240 348 240 240 197 240 240 120 1200 32 240 240 240 240 88 120 86 240 264 64 129 86 34 156 24 51 50 70 34 104 104
leaf_count=240 348 240 240 197 240 240 120 1200 32 240 240 240 240 88 120 86 240 264 64 129 86 34 156 24 51 50 70 34 104 104
internal_value=0 0.194038 -0.0647242 0.385537 0.00666196 0.0231971 -0.250328 0.0544828 -0.0602315 0.0695094 -0.189353 -0.189358 -0.0842812 0.517521 -0.290979 -0.0360819 0.00940287 0.53808 0.0315561 -0.277375 -0.318186 -0.297528 -0.28602 -0.302292 -0.269748 -0.0562427 -0.0367206 -0.0757649 -0.108531 -0.100888
internal_weight=0 1441 4320 961 3120 2640 1200 1920 720 1440 480 480 480 700 720 480 480 352 261 480 240 120 360 180 180 240 120 120 240 208
internal_count=5761 1441 4320 961 3120 2640 1200 1920 720 1440 480 480 480 700 720 480 480 352 261 480 240 120 360 180 180 240 120 120 240 208
is_linear=0
shrinkage=0.05


Tree=32
num_leaves=31
num_cat=0
split_feature=0 0 0 2 0 0 0 0 0 0 0 0 0 0 0 0 0 0 1 1 2 2 1 2 2 1 2 2 1 2
split_gain=26119.1 38193.1 20663 16208.1 1693.71 2487.55 1073.76 469.519 303.174 150.74 119.918 115.305 113.206 112.475 96.2039 70.4315 70.3955 57.3779 38.855 36.9764 40.5887 36.3277 63.041 36.2183 55.9801 40.013 35.8122 39.951 35.5435 35.2436
threshold=17.500000000000004 21.500000000000004 12.500000000000002 4.5000000000000009 1.5000000000000002 9.5000000000000018 14.500000000000002 3.5000000000000004 11.500000000000002 8.5000000000000018 13.500000000000002 22.500000000000004 1.0000000180025095e-35 20.500000000000004 16.500000000000004 10.500000000000002 2.5000000000000004 19.500000000000004 1.0000000180025095e-35 22.500000000000004 4.5000000000000009 4.5000000000000009 37.500000000000007 4.5000000000000009 1.0000000180025095e-35 22.500000000000004 2.5000000000000004 4.5000000000000009 37.500000000000007 4.5000000000000009
decision_type=2 2 2 2 2 2 2 2 2 2 2 2 2 2 2 2 2 2 2 2 2 2 2 2 2 2 2 2 2 2
left_child=2 3 4 13 12 7 10 16 15 -9 23 -3 29 -2 18 26 -6 -5 -8 -16 -21 22 -18 24 -4 -25 -7 -28 -15 -1
right_child=1 11 6 17 5 8 14 9 -10 -11 -12 -13 -14 28 19 -17 21 -19 -20 20 -22 -23 -24 25 -26 -27 27 -29 -30 -31
leaf_value=-0.0923016434134699 0.48002918789390736 -0.20439659173289937 -0.20234471836593004 0.0069797402635983488 -0.010215210163344941 0.0077280907481908807 -0.23886646583676338 0.07326861250322933 -0.10310427322265847 0.029860699615674093 -0.20487657809319595 -0.15538447751372586 -0.055785144363859833 0.5392001853973577 -0.32190274044871336 -0.053430609594603697 0.033325933400440474 0.053875312750460584 -0.271719234912501 -0.30093525368882734 -0.23640337557915381 0.059018720494692811 -0.036580452322959901 -0.22413966375238756 -0.12904335141747392 -0.14743067922399325 -0.057405741926696563 -0.0039644572021001407 0.48730902922424407 -0.13482203567948411
leaf_weight=172 524 240 32 133 240 100 120 1200 240 240 240 240 240 132 120 240 129 128 360 86 34 68 43 34 140 34 72 68 44 68
leaf_count=172 524 240 32 133 240 100 120 1200 240 240 240 240 240 132 120 240 129 128 360 86 34 68 43 34 140 34 72 68 44 68
internal_value=0 0.184336 -0.061488 0.36626 0.00632886 0.0220372 -0.237812 0.0517587 -0.0572199 0.066034 -0.179885 -0.179891 -0.0800671 0.491645 -0.27643 -0.0342778 0.00893273 0.0299783 -0.263506 -0.302277 -0.282651 0.0280807 0.0158493 -0.154894 -0.142681 -0.185785 -0.0151249 -0.0314485 0.526227 -0.104349
internal_weight=0 1441 4320 961 3120 2640 1200 1920 720 1440 480 480 480 700 720 480 480 261 480 240 120 240 172 240 172 68 240 140 176 240
internal_count=5761 1441 4320 961 3120 2640 1200 1920 720 1440 480 480 480 700 720 480 480 261 480 240 120 240 172 240 172 68 240 140 176 240
is_linear=0
shrinkage=0.05


Tree=33
num_leaves=31
num_cat=0
split_feature=0 0 0 2 0 0 0 0 0 0 0 0 0 0 0 1 0 1 0 0 0 2 1 2 2 1 1 2 2 1
split_gain=23572.5 34469.3 18648.3 14627.8 1528.57 2245.02 969.07 423.741 273.614 140.411 108.226 104.063 102.168 101.776 90.0853 65.3366 63.5645 58.7895 56.9803 54.0439 45.7886 35.2131 40.6859 34.9136 45.2187 34.8068 34.8003 43.1177 72.5786 34.6037
threshold=17.500000000000004 21.500000000000004 12.500000000000002 4.5000000000000009 1.5000000000000002 9.5000000000000018 14.500000000000002 3.5000000000000004 11.500000000000002 7.5000000000000009 13.500000000000002 22.500000000000004 1.0000000180025095e-35 19.500000000000004 15.500000000000002 37.500000000000007 10.500000000000002 1.0000000180025095e-35 5.5000000000000009 20.500000000000004 2.5000000000000004 3.5000000000000004 22.500000000000004 5.5000000000000009 1.0000000180025095e-35 1.0000000180025095e-35 1.0000000180025095e-35 4.5000000000000009 5.5000000000000009 37.500000000000007
decision_type=2 2 2 2 2 2 2 2 2 2 2 2 2 2 2 2 2 2 2 2 2 2 2 2 2 2 2 2 2 2
left_child=2 3 4 13 12 7 10 15 16 18 -4 21 -1 29 -8 20 25 -15 -9 -5 -6 22 -3 24 -10 -7 -12 -28 -29 -2
right_child=1 11 6 19 5 8 14 9 23 -11 26 -13 -14 17 -16 -17 -18 -19 -20 -21 -22 -23 -24 -25 -26 -27 27 28 -30 -31
leaf_value=-0.099131633258269486 0.43878503631286581 -0.18340895167418891 -0.14714902708214139 0.015511206688175006 0.0013046329975542096 0.018611803892999889 -0.23759635867550971 0.061590992976368102 -0.1451427288237028 0.040652025216841137 -0.22761015699555479 -0.14761524947690002 -0.052995886641244098 0.52141149400479414 -0.27511412956882852 -0.023465202562510969 -0.050759077302257843 0.47422170921539264 0.085953772009961543 0.068397193879354751 0.03696840133621461 -0.17151568290870636 -0.2373175453926836 -0.14656947138719262 -0.080528317688202317 -0.02536220055487421 -0.19902719676335767 -0.088484597643751106 -0.20798572301864626 0.47519671680598424
leaf_weight=240 261 70 240 197 180 60 240 480 32 480 60 240 240 88 480 120 240 264 480 64 180 100 70 32 176 180 129 27 24 87
leaf_count=240 261 70 240 197 180 60 240 480 32 480 60 240 240 88 480 120 240 264 480 64 180 100 70 32 176 180 129 27 24 87
internal_value=0 0.175119 -0.0584136 0.347947 0.00601242 0.0209354 -0.225921 0.0491707 -0.0543589 0.0627323 -0.170891 -0.170896 -0.0760638 0.467063 -0.262608 0.00848609 -0.0325639 0.486019 0.0737724 0.0284794 0.0191365 -0.194177 -0.210363 -0.0979491 -0.090469 -0.0143687 -0.194633 -0.18364 -0.14472 0.447888
internal_weight=0 1441 4320 961 3120 2640 1200 1920 720 1440 480 480 480 700 720 480 480 352 960 261 360 240 140 240 208 240 240 180 51 348
internal_count=5761 1441 4320 961 3120 2640 1200 1920 720 1440 480 480 480 700 720 480 480 352 960 261 360 240 140 240 208 240 240 180 51 348
is_linear=0
shrinkage=0.05


Tree=34
num_leaves=31
num_cat=0
split_feature=0 0 0 2 0 0 0 0 0 0 0 0 0 0 0 1 0 0 0 1 2 1 2 2 1 2 1 2 2 1
split_gain=21274.2 31108.5 16830.1 13201.6 1379.54 2026.13 874.586 382.426 246.937 127.442 97.6738 95.7361 93.9166 92.2069 82.4583 58.9663 57.3669 48.7746 41.3242 35.0666 33.3828 33.3712 36.6313 33.2299 35.6107 37.3866 35.4403 33.1499 41.2639 33.0196
threshold=17.500000000000004 21.500000000000004 12.500000000000002 4.5000000000000009 1.5000000000000002 9.5000000000000018 14.500000000000002 3.5000000000000004 11.500000000000002 8.5000000000000018 13.500000000000002 20.500000000000004 22.500000000000004 1.0000000180025095e-35 16.500000000000004 37.500000000000007 10.500000000000002 20.500000000000004 2.5000000000000004 1.0000000180025095e-35 2.5000000000000004 22.500000000000004 4.5000000000000009 1.5000000000000002 37.500000000000007 5.5000000000000009 22.500000000000004 2.5000000000000004 1.5000000000000002 22.500000000000004
decision_type=2 2 2 2 2 2 2 2 2 2 2 2 2 2 2 2 2 2 2 2 2 2 2 2 2 2 2 2 2 2
left_child=2 3 4 11 13 7 10 15 16 -9 -4 20 -3 -1 19 18 -7 -5 -6 -8 -2 -16 -23 26 25 -25 -11 28 -20 -18
right_child=1 12 6 17 5 8 14 9 -10 23 -12 -13 -14 -15 21 -17 29 -19 27 -21 -22 22 -24 24 -26 -27 -28 -29 -30 -31
leaf_value=-0.09417505391892822 0.44356155456232771 -0.18446792333736084 -0.13979157519798416 0.014735648166482825 0.0012394014383769699 -0.013650265304604545 -0.21410537625197323 0.066247768312149374 -0.093051607193580521 0.094395270872337289 -0.18490111186169089 0.47561506689949473 -0.14023448879830541 -0.050346095771528779 -0.29205190448090435 -0.022291939879457157 -0.066767134414985774 0.064977331447880718 0.037546793759490056 -0.24531551152105546 0.41792293027618954 -0.27213277816772463 -0.21082749960615355 0.040644847574057404 -0.023839284936812793 -0.028346922993659974 0.019980576972011478 0.053254714831709862 -0.039718302884311593 -0.029675112369004636
leaf_weight=240 308 240 240 197 180 240 120 1200 240 32 240 176 240 240 120 120 120 64 48 360 216 86 34 108 44 24 32 105 27 120
leaf_count=240 308 240 240 197 180 240 120 1200 240 32 240 176 240 240 120 120 120 64 48 360 216 86 34 108 44 24 32 105 27 120
internal_value=0 0.166363 -0.0554929 0.330549 0.00571179 0.0198886 -0.214625 0.0467122 -0.051641 0.0595957 -0.162346 0.443709 -0.162351 -0.0722606 -0.249478 0.00806178 -0.0309357 0.0270554 0.0181797 -0.237513 0.432993 -0.273407 -0.254763 0.0263351 0.0151158 0.0281009 0.0571879 0.03512 0.00973136 -0.0482211
internal_weight=0 1441 4320 961 3120 2640 1200 1920 720 1440 480 700 480 480 720 480 480 261 360 480 524 240 120 240 176 132 64 180 75 240
internal_count=5761 1441 4320 961 3120 2640 1200 1920 720 1440 480 700 480 480 720 480 480 261 360 480 524 240 120 240 176 132 64 180 75 240
is_linear=0
shrinkage=0.05


Tree=35
num_leaves=31
num_cat=0
split_feature=0 0 0 2 0 0 0 0 0 0 0 0 0 0 0 2 1 0 1 0 0 2 2 2 2 1 2 2 1 1
split_gain=19200 28075.4 15189.2 11914.4 1245.03 1828.58 789.314 345.14 222.86 118.811 88.1506 86.5086 84.7598 83.2167 77.2596 56.3202 58.5464 54.7501 53.0575 52.9456 45.9635 36.8924 55.7825 36.4877 32.6979 35.7575 32.687 50.5221 36.1117 32.0395
threshold=17.500000000000004 21.500000000000004 12.500000000000002 4.5000000000000009 1.5000000000000002 9.5000000000000018 14.500000000000002 3.5000000000000004 11.500000000000002 7.5000000000000009 13.500000000000002 19.500000000000004 22.500000000000004 1.0000000180025095e-35 15.500000000000002 2.5000000000000004 37.500000000000007 2.5000000000000004 1.0000000180025095e-35 4.5000000000000009 19.500000000000004 1.5000000000000002 1.0000000180025095e-35 1.0000000180025095e-35 4.5000000000000009 22.500000000000004 4.5000000000000009 1.0000000180025095e-35 22.500000000000004 22.500000000000004
decision_type=2 2 2 2 2 2 2 2 2 2 2 2 2 2 2 2 2 2 2 2 2 2 2 2 2 2 2 2 2 2
left_child=2 3 4 11 13 7 10 17 15 19 26 -2 29 -1 24 16 21 -6 -13 -9 -5 22 -7 -21 -8 -26 27 -4 -28 -3
right_child=1 12 6 20 5 8 14 9 -10 -11 -12 18 -14 -15 -16 -17 -18 -19 -20 23 -22 -23 -24 -25 25 -27 28 -29 -30 -31
leaf_value=-0.089466299322666601 0.4038459399183838 -0.1569758548618605 -0.17788045792840423 0.0051184106022959816 -0.0092278885259293019 -0.044259054648379488 -0.22544507846008816 0.046433302306880558 -0.08839902837915968 0.036304851398939117 -0.17565605561040382 0.47262371600690217 -0.13322276119688467 -0.047828791579231623 -0.24858541090351838 -0.043863871571042441 0.037732092879712582 0.024545281246925395 0.4277934175088321 0.10224753911412943 0.047091012226883326 -0.057804838540377448 0.031968712201341988 0.069135840473180193 -0.22074672474580656 -0.14823150266619289 -0.19858564489028033 -0.10824415016437083 -0.12571211619412198 -0.19351320465405783
leaf_weight=240 348 120 32 133 240 48 172 240 240 480 240 88 240 240 480 280 50 240 264 96 128 54 48 624 34 34 34 140 34 120
leaf_count=240 348 120 32 133 240 48 172 240 240 480 240 88 240 240 480 280 50 240 264 96 128 54 48 624 34 34 34 140 34 120
internal_value=0 0.158045 -0.0527183 0.314022 0.0054262 0.0188942 -0.203894 0.0443766 -0.0490589 0.0566159 -0.154229 0.421524 -0.154234 -0.0686475 -0.237004 -0.0293889 -0.00912397 0.0076587 0.439001 0.0667714 0.0257027 -0.0247427 -0.00614517 0.0735507 -0.213841 -0.184489 -0.132802 -0.1212 -0.162149 -0.175245
internal_weight=0 1441 4320 961 3120 2640 1200 1920 720 1440 480 700 480 480 720 480 200 480 352 960 261 150 96 720 240 68 240 172 68 240
internal_count=5761 1441 4320 961 3120 2640 1200 1920 720 1440 480 700 480 480 720 480 200 480 352 960 261 150 96 720 240 68 240 172 68 240
is_linear=0
shrinkage=0.05


Tree=36
num_leaves=31
num_cat=0
split_feature=0 0 0 2 0 0 0 0 0 0 0 0 0 0 0 1 0 0 0 1 1 1 2 2 1 1 2 1 2 2
split_gain=17328 25338.1 13708.2 10752.8 1123.64 1650.29 712.355 311.489 201.132 107.742 81.4917 79.5559 76.4957 75.1031 70.6756 53.2171 51.7737 41.482 33.4844 32.3828 32.069 32.3017 32.0271 31.8074 47.6048 38.1451 31.7187 31.6192 31.5096 40.8099
threshold=17.500000000000004 21.500000000000004 12.500000000000002 4.5000000000000009 1.5000000000000002 9.5000000000000018 14.500000000000002 3.5000000000000004 11.500000000000002 8.5000000000000018 20.500000000000004 13.500000000000002 22.500000000000004 1.0000000180025095e-35 16.500000000000004 37.500000000000007 10.500000000000002 19.500000000000004 2.5000000000000004 1.0000000180025095e-35 1.0000000180025095e-35 37.500000000000007 4.5000000000000009 4.5000000000000009 37.500000000000007 1.0000000180025095e-35 1.0000000180025095e-35 37.500000000000007 5.5000000000000009 1.0000000180025095e-35
decision_type=2 2 2 2 2 2 2 2 2 2 2 2 2 2 2 2 2 2 2 2 2 2 2 2 2 2 2 2 2 2
left_child=2 3 4 10 13 7 11 15 16 -9 -2 -4 22 23 19 18 20 -5 -6 -8 -7 -22 -3 24 25 -1 -13 -19 29 -10
right_child=1 12 6 17 5 8 14 9 28 -11 -12 26 -14 -15 -16 -17 -18 27 -20 -21 21 -23 -24 -25 -26 -27 -28 -29 -30 -31
leaf_value=-0.096812139676753867 0.39056062628977173 -0.17749660071832213 -0.12616189994538826 0.004862491184971611 0.0016388270256316496 0.020158561604718368 -0.19158262886805461 0.059901475495504203 -0.12881305981427432 0.023203071218352609 0.42988427261483264 -0.2132156876847148 -0.12656162857621286 -0.045437348835403103 -0.24730778252861155 -0.021560278087854386 -0.044340622329230736 0.030388848619380345 0.03213672148736401 -0.22157468585245726 -0.037027822369709612 0.0079038586219151823 -0.13619297633413227 -0.11394228583530469 -0.1191087543964386 -0.039135373764952949 -0.15974364579798511 0.087779296142980467 -0.13016846630489454 -0.067429370918861517
leaf_weight=43 524 176 240 133 180 60 120 1200 32 240 176 32 240 240 240 120 240 96 180 360 120 60 64 68 43 86 208 32 32 176
leaf_count=43 524 176 240 133 180 60 120 1200 32 240 176 32 240 240 240 120 240 96 180 360 120 60 64 68 43 86 208 32 32 176
internal_value=0 0.150143 -0.0500824 0.298321 0.00515489 0.0179495 -0.193699 0.0421577 -0.046606 0.0537851 0.400448 -0.146518 -0.146522 -0.0652152 -0.225154 0.00727576 -0.0279195 0.0244175 0.0168878 -0.214077 -0.0114983 -0.0220506 -0.166482 -0.084993 -0.0735479 -0.058361 -0.166873 0.0447365 -0.0839791 -0.076873
internal_weight=0 1441 4320 961 3120 2640 1200 1920 720 1440 700 480 480 480 720 480 480 261 360 480 240 180 240 240 172 129 240 128 240 208
internal_count=5761 1441 4320 961 3120 2640 1200 1920 720 1440 700 480 480 480 720 480 480 261 360 480 240 180 240 240 172 129 240 128 240 208
is_linear=0
shrinkage=0.05


Tree=37
num_leaves=31
num_cat=0
split_feature=0 0 0 2 0 0 0 0 0 0 0 0 0 0 0 2 1 1 2 2 2 0 0 0 1 1 2 2 2 2
split_gain=15638.5 22867.6 12371.7 9704.38 1014.09 1489.39 642.901 281.119 181.521 100.537 73.5462 71.7992 69.0374 67.7806 66.261 50.829 51.6929 49.1395 51.9337 63.7183 48.6791 48.4563 40.6834 39.0705 35.1212 66.1459 33.2954 50.3437 32.189 31.7088
threshold=17.500000000000004 21.500000000000004 12.500000000000002 4.5000000000000009 1.5000000000000002 9.5000000000000018 14.500000000000002 3.5000000000000004 11.500000000000002 7.5000000000000009 20.500000000000004 13.500000000000002 22.500000000000004 1.0000000180025095e-35 15.500000000000002 2.5000000000000004 37.500000000000007 1.0000000180025095e-35 4.5000000000000009 3.5000000000000004 1.5000000000000002 5.5000000000000009 2.5000000000000004 20.500000000000004 37.500000000000007 22.500000000000004 1.5000000000000002 1.0000000180025095e-35 5.5000000000000009 1.0000000180025095e-35
decision_type=2 2 2 2 2 2 2 2 2 2 2 2 2 2 2 2 2 2 2 2 2 2 2 2 2 2 2 2 2 2
left_child=2 3 4 10 13 7 11 17 15 21 -2 -4 -3 -1 -8 16 26 -6 19 20 22 -9 29 -5 25 -22 27 -7 -25 -19
right_child=1 12 6 23 5 8 14 9 -10 -11 -12 -13 -14 -15 -16 -17 -18 18 -20 -21 24 -23 -24 28 -26 -27 -28 -29 -30 -31
leaf_value=-0.080743335727371843 0.37103259556585538 -0.1581581862550229 -0.11985380638119143 0.012170334602351569 0.03462125730021702 -0.040488446348657212 -0.19244501451573648 0.049204380258743186 -0.079780124541527289 0.032411996092462994 0.40839004676619717 -0.1585295895879002 -0.1202335437158278 -0.043165479238765937 -0.22462152936010776 -0.040274703861879452 0.036756412036716944 -0.019297948914269607 0.027878758866412969 -0.062561178980050258 -0.0062158761313185103 0.071671085228833073 0.0051622301686923798 0.0216774697881192 -0.018776821138130298 0.089632575793398755 -0.05335693529082669 0.031927933186913532 0.092596710199723029 -0.10057522232333821
leaf_weight=240 524 240 240 197 120 48 240 480 240 480 176 240 240 240 480 280 50 24 102 54 36 480 48 32 36 36 54 48 32 24
leaf_count=240 524 240 240 197 120 48 240 480 240 480 176 240 240 240 480 280 50 24 102 54 36 480 48 32 36 36 54 48 32 24
internal_value=0 0.142636 -0.0475783 0.283405 0.00489715 0.017052 -0.184014 0.0400499 -0.0442757 0.0510958 0.380425 -0.139192 -0.139196 -0.0619544 -0.213896 -0.0265235 -0.00727179 0.00691197 -0.00232445 -0.0142653 -0.00148105 0.0604377 -0.0273872 0.0231967 0.0215466 0.0417083 -0.0219479 -0.00428026 0.0571371 -0.0599366
internal_weight=0 1441 4320 961 3120 2640 1200 1920 720 1440 700 480 480 480 720 480 200 480 360 258 204 960 96 261 108 72 150 96 64 48
internal_count=5761 1441 4320 961 3120 2640 1200 1920 720 1440 700 480 480 480 720 480 200 480 360 258 204 960 96 261 108 72 150 96 64 48
is_linear=0
shrinkage=0.05


Tree=38
num_leaves=31
num_cat=0
split_feature=0 0 0 2 0 0 0 0 0 0 0 0 0 0 0 1 0 1 0 1 2 2 1 2 2 2 1 1 2 1
split_gain=14113.7 20638 11165.4 8758.2 915.213 1344.17 580.218 253.71 163.823 91.0843 69.3683 64.7988 62.3062 61.172 60.5756 47.8845 46.7257 44.361 35.2611 31.4073 38.1669 65.5022 31.2298 32.0683 30.9347 30.3285 35.9799 31.9872 29.5443 34.1461
threshold=17.500000000000004 21.500000000000004 12.500000000000002 4.5000000000000009 1.5000000000000002 9.5000000000000018 14.500000000000002 3.5000000000000004 11.500000000000002 8.5000000000000018 19.500000000000004 13.500000000000002 22.500000000000004 1.0000000180025095e-35 16.500000000000004 1.0000000180025095e-35 10.500000000000002 37.500000000000007 20.500000000000004 1.0000000180025095e-35 4.5000000000000009 5.5000000000000009 37.500000000000007 2.5000000000000004 4.5000000000000009 2.5000000000000004 1.0000000180025095e-35 22.500000000000004 3.5000000000000004 22.500000000000004
decision_type=2 2 2 2 2 2 2 2 2 2 2 2 2 2 2 2 2 2 2 2 2 2 2 2 2 2 2 2 2 2
left_child=2 3 4 10 13 7 11 17 16 -9 22 -4 28 -1 -8 -12 -7 -6 -5 -13 -21 -22 -2 -24 -16 27 -27 -11 29 -3
right_child=1 12 6 18 5 8 14 9 -10 25 15 19 -14 -15 24 -17 -18 -19 -20 20 21 -23 23 -25 -26 26 -28 -29 -30 -31
leaf_value=-0.076706168523135915 0.33692620399468703 -0.14038356914051942 -0.11386111384102454 0.011561817087724731 0.015342229176183334 -0.0095972163385401182 -0.192946176166782 0.05416477140916201 -0.075791115702595557 0.069731637693941598 0.40899584179066806 -0.18193164600680273 -0.11422186688209574 -0.041007208699981375 -0.2349983015173483 0.36640705254324007 -0.040797414927122494 -0.01976118763598303 0.054280237529019365 -0.15463689712865292 -0.050118849674860633 -0.16364491864320979 0.39702165648341181 0.33538614614970158 -0.19516189452260735 0.049303613134792874 -0.0092340428027368731 0.013174442775547504 -0.12949325144663454 -0.18976987338159235
leaf_weight=240 261 70 240 197 360 240 480 1200 240 50 88 60 240 240 172 264 240 120 64 129 27 24 51 36 68 35 105 50 100 70
leaf_count=240 261 70 240 197 360 240 480 1200 240 50 88 60 240 240 172 264 240 120 64 129 27 24 51 36 68 35 105 50 100 70
internal_value=0 0.135504 -0.0451993 0.269235 0.00465229 0.0161994 -0.174814 0.0380474 -0.0420619 0.048541 0.361404 -0.132232 -0.132236 -0.0588567 -0.203201 0.377054 -0.0251973 0.00656637 0.0220368 -0.150603 -0.14016 -0.103543 0.345574 0.371517 -0.223711 0.0204223 0.00540037 0.041453 -0.15025 -0.165077
internal_weight=0 1441 4320 961 3120 2640 1200 1920 720 1440 700 480 480 480 720 352 480 480 261 240 180 51 348 87 240 240 140 100 240 140
internal_count=5761 1441 4320 961 3120 2640 1200 1920 720 1440 700 480 480 480 720 352 480 480 261 240 180 51 348 87 240 240 140 100 240 140
is_linear=0
shrinkage=0.05


Tree=39
num_leaves=31
num_cat=0
split_feature=0 0 0 2 0 0 0 0 0 0 0 0 0 0 0 2 1 0 0 1 0 2 2 2 1 1 2 2 2 2
split_gain=12737.6 18625.8 10076.8 7904.28 825.98 1213.12 523.647 228.973 147.85 85.0757 62.6049 58.4809 56.8291 56.2314 55.2077 45.8731 46.6528 45.0456 44.0388 43.2157 33.2299 32.9301 30.0491 45.4352 29.9443 88.9931 283.408 70.2887 51.5876 42.0374
threshold=17.500000000000004 21.500000000000004 12.500000000000002 4.5000000000000009 1.5000000000000002 9.5000000000000018 14.500000000000002 3.5000000000000004 11.500000000000002 7.5000000000000009 19.500000000000004 13.500000000000002 15.500000000000002 22.500000000000004 1.0000000180025095e-35 2.5000000000000004 37.500000000000007 4.5000000000000009 2.5000000000000004 1.0000000180025095e-35 19.500000000000004 1.0000000180025095e-35 1.5000000000000002 1.0000000180025095e-35 1.0000000180025095e-35 22.500000000000004 2.5000000000000004 4.5000000000000009 3.5000000000000004 4.5000000000000009
decision_type=2 2 2 2 2 2 2 2 2 2 2 2 2 2 2 2 2 2 2 2 2 2 2 2 2 2 2 2 2 2
left_child=2 3 4 10 14 7 11 18 15 17 -2 -4 -8 -3 -1 16 22 -9 -6 -12 -5 -19 23 -7 27 26 -26 -23 -28 -27
right_child=1 13 6 20 5 8 12 9 -10 -11 19 -13 -14 -15 -16 -17 -18 21 -20 -21 -22 24 -24 -25 25 29 28 -29 -30 -31
leaf_value=-0.072870858183596288 0.32829527792563645 -0.14273776353647313 -0.10816805811909339 0.0034327629379423937 -0.0089068682072684178 -0.037204157297189039 -0.17317545435779419 0.035948102485854179 -0.072001560232408043 0.028926719075874036 0.38854605595962233 -0.14307295429520309 -0.20297401582278934 -0.10851077092365208 -0.038956846868192473 -0.037001101426514131 0.036178452663123604 0.088222741118321818 0.021382981379671644 0.34808670833396416 0.039120901830028747 0.014404836102011837 -0.049429222679248569 0.031591405370272697 0.19062436065253091 0.060463892948547648 -0.012611155377493966 0.085952471371959244 0.067576595648932147 0.021338802853635715
leaf_weight=240 348 240 240 133 240 48 240 240 240 480 88 240 480 240 240 280 50 96 240 264 128 105 54 48 51 210 27 51 78 102
leaf_count=240 348 240 240 133 240 48 240 240 240 480 88 240 480 240 240 280 50 96 240 264 128 105 54 48 51 210 27 51 78 102
internal_value=0 0.128729 -0.0429394 0.255773 0.00441968 0.0153894 -0.166073 0.036145 -0.0399588 0.046114 0.343334 -0.125621 -0.193041 -0.125624 -0.0559139 -0.0239374 -0.00564834 0.0547076 0.00623806 0.358202 0.020935 0.0609608 -0.0195906 -0.00280638 0.0567666 0.0630904 0.0939251 0.0377954 0.0469569 0.047673
internal_weight=0 1441 4320 961 3120 2640 1200 1920 720 1440 700 480 720 480 480 480 200 960 480 352 261 720 150 96 624 468 156 156 105 312
internal_count=5761 1441 4320 961 3120 2640 1200 1920 720 1440 700 480 720 480 480 480 200 960 480 352 261 720 150 96 624 468 156 156 105 312
is_linear=0
shrinkage=0.05


Tree=40
num_leaves=31
num_cat=0
split_feature=0 0 0 2 0 0 0 0 0 0 0 2 2 1 2 0 0 0 1 2 0 2 1 1 2 2 2 0 0 2
split_gain=11495.7 16809.8 9094.32 7133.61 745.447 1094.84 472.591 206.648 133.435 76.9996 58.9697 55.0072 54.3145 60.4447 120.292 69.7548 51.9181 50.7488 49.3456 119.753 45.463 54.1623 45.2252 42.8822 46.8702 57.5058 43.9329 42.17 34.9405 33.8877
threshold=17.500000000000004 21.500000000000004 12.500000000000002 4.5000000000000009 1.5000000000000002 9.5000000000000018 14.500000000000002 3.5000000000000004 11.500000000000002 8.5000000000000018 20.500000000000004 1.0000000180025095e-35 5.5000000000000009 37.500000000000007 2.5000000000000004 1.0000000180025095e-35 16.500000000000004 22.500000000000004 1.0000000180025095e-35 3.5000000000000004 13.500000000000002 1.5000000000000002 22.500000000000004 1.0000000180025095e-35 4.5000000000000009 3.5000000000000004 1.5000000000000002 10.500000000000002 2.5000000000000004 1.5000000000000002
decision_type=2 2 2 2 2 2 2 2 2 2 2 2 2 2 2 2 2 2 2 2 2 2 2 2 2 2 2 2 2 2
left_child=2 3 4 10 12 7 11 23 27 -9 -2 -4 13 18 -15 -16 -8 -3 19 -1 21 -13 -14 -6 25 26 28 -7 -25 -20
right_child=1 17 6 -5 5 8 16 9 -10 -11 -12 20 22 14 15 -17 -18 -19 29 -21 -22 -23 -24 24 -26 -27 -28 -29 -30 -31
leaf_value=-0.02459990392192541 0.31775658508933341 -0.13560087491292508 -0.1624929666868411 0.019888238672352617 0.031811179394523305 -0.0079204833942155047 -0.17389512921872061 0.048978961956396234 -0.068401482502619432 0.017954865175919016 0.3512077575327236 -0.036334458737110255 -0.13803010900264781 -0.13541593550145625 -0.084616180840465766 0.02903924874133534 -0.20237704973357418 -0.10308523508176828 -0.051729447778780017 -0.1373777350436689 -0.12922969746583618 -0.10705068032455695 -0.053967999806627635 -0.056676467104504503 0.025990860960354994 -0.059927076873955903 0.019975337581019159 -0.037560672527858219 0.0036529154167510569 -0.0080022674293205569
leaf_weight=68 524 240 64 261 120 240 480 1200 240 240 176 32 32 50 27 27 240 240 64 36 208 176 32 48 102 54 108 240 48 144
leaf_count=68 524 240 64 261 120 240 480 1200 240 240 176 32 32 50 27 27 240 240 64 36 208 176 32 48 102 54 108 240 48 144
internal_value=0 0.122292 -0.0407924 0.242984 0.00419869 0.0146199 -0.157769 0.0343377 -0.0379609 0.0438083 0.326167 -0.119339 -0.0531182 -0.0465211 -0.0795324 -0.0277885 -0.183389 -0.119343 -0.0355173 -0.0636384 -0.1127 -0.0961713 -0.0959991 0.00592615 -0.00270219 -0.014046 -0.00190095 -0.0227406 -0.0265118 -0.0214568
internal_weight=0 1441 4320 961 3120 2640 1200 1920 720 1440 700 480 480 416 104 54 720 480 312 104 416 208 64 480 360 258 204 480 96 208
internal_count=5761 1441 4320 961 3120 2640 1200 1920 720 1440 700 480 480 416 104 54 720 480 312 104 416 208 64 480 360 258 204 480 96 208
is_linear=0
shrinkage=0.05


Tree=41
num_leaves=31
num_cat=0
split_feature=0 0 0 2 0 0 0 0 0 0 0 2 2 1 2 0 0 0 1 2 2 1 0 0 2 1 1 1 2 2
split_gain=10374.9 15170.9 8207.62 6438.08 672.766 988.091 426.514 186.5 120.425 71.9949 53.2236 49.644 49.0188 54.5514 108.564 62.9537 48.7406 45.8008 44.5344 108.077 41.4005 42.1042 41.2068 41.0303 48.8815 40.8158 39.0022 38.7012 42.3003 51.899
threshold=17.500000000000004 21.500000000000004 12.500000000000002 4.5000000000000009 1.5000000000000002 9.5000000000000018 14.500000000000002 3.5000000000000004 11.500000000000002 7.5000000000000009 19.500000000000004 1.0000000180025095e-35 5.5000000000000009 37.500000000000007 2.5000000000000004 1.0000000180025095e-35 15.500000000000002 22.500000000000004 1.0000000180025095e-35 3.5000000000000004 2.5000000000000004 37.500000000000007 5.5000000000000009 13.500000000000002 1.5000000000000002 22.500000000000004 1.0000000180025095e-35 1.0000000180025095e-35 4.5000000000000009 3.5000000000000004
decision_type=2 2 2 2 2 2 2 2 2 2 2 2 2 2 2 2 2 2 2 2 2 2 2 2 2 2 2 2 2 2
left_child=2 3 4 10 12 7 11 27 20 22 -2 -4 13 18 -15 -16 -8 -3 19 -1 21 -7 -9 24 -13 -14 -12 -6 29 -29
right_child=1 17 6 -5 5 8 16 9 -10 -11 26 23 25 14 15 -17 -18 -19 -20 -21 -22 -23 -24 -25 -26 -27 -28 28 -30 -31
leaf_value=-0.02336990985033267 0.29599269033334724 -0.12882083036354744 -0.1543683189956937 0.018893827826241424 0.0302206259376059 -0.01747404360026121 -0.15582192253942292 0.039164253873653555 -0.064981408237945293 0.025807036731033201 0.35239464461126113 -0.034517731505911801 -0.13112860537366941 -0.12864514133334159 -0.080385370754110799 0.027587284534065809 -0.1834185128399016 -0.097930973640953503 -0.020383944722393958 -0.13050884810379812 -0.034014018464284687 0.035506561033427718 0.059882307135412705 -0.1227682155601752 -0.1016981494570659 -0.051269599888473752 0.31395825652411025 -0.0018059035439007714 0.024691322606568242 -0.056930725331659673
leaf_weight=68 348 240 64 261 120 150 240 480 240 480 88 32 32 50 27 27 480 240 208 36 280 50 480 208 176 32 264 204 102 54
leaf_count=68 348 240 64 261 120 150 240 480 240 480 88 32 32 50 27 27 480 240 208 36 280 50 480 208 176 32 264 204 102 54
internal_value=0 0.116178 -0.0387528 0.230835 0.00398876 0.0138889 -0.149881 0.0326209 -0.0360628 0.0416179 0.309859 -0.113373 -0.0504623 -0.044195 -0.0755558 -0.026399 -0.17422 -0.113376 -0.0337415 -0.0604565 -0.0216035 -0.00422889 0.0495233 -0.107065 -0.0913627 -0.0911991 0.323567 0.00562985 -0.00256708 -0.0133437
internal_weight=0 1441 4320 961 3120 2640 1200 1920 720 1440 700 480 480 416 104 54 720 480 312 104 480 200 960 416 208 64 352 480 360 258
internal_count=5761 1441 4320 961 3120 2640 1200 1920 720 1440 700 480 480 416 104 54 720 480 312 104 480 200 960 416 208 64 352 480 360 258
is_linear=0
shrinkage=0.05


Tree=42
num_leaves=31
num_cat=0
split_feature=0 0 0 2 0 0 0 0 0 0 1 2 2 0 2 2 1 2 0 1 2 2 1 2 2 1 2 2 0 2
split_gain=9363.34 13691.7 7407.38 5810.37 612.541 916.494 384.929 181.343 117.399 69.7223 55.6317 53.4593 69.2742 50.1974 45.0926 45.2436 65.1944 44.8037 44.4971 44.1981 57.7975 43.7944 162.106 55.7934 42.9191 53.0238 64.0423 37.6854 37.0299 45.1008
threshold=17.500000000000004 21.500000000000004 12.500000000000002 4.5000000000000009 10.500000000000002 2.5000000000000004 14.500000000000002 8.5000000000000018 1.0000000180025095e-35 4.5000000000000009 1.0000000180025095e-35 2.5000000000000004 3.5000000000000004 20.500000000000004 4.5000000000000009 5.5000000000000009 22.500000000000004 1.0000000180025095e-35 16.500000000000004 37.500000000000007 2.5000000000000004 1.0000000180025095e-35 22.500000000000004 2.5000000000000004 2.5000000000000004 22.500000000000004 1.5000000000000002 1.0000000180025095e-35 13.500000000000002 4.5000000000000009
decision_type=2 2 2 2 2 2 2 2 2 2 2 2 2 2 2 2 2 2 2 2 2 2 2 2 2 2 2 2 2 2
left_child=2 3 4 13 5 8 17 9 -1 14 -9 -12 -13 -2 19 -16 -17 -4 -8 -7 -21 22 -6 -23 25 26 -3 -27 29 -19
right_child=1 24 6 -5 21 7 18 10 -10 -11 11 12 -14 -15 15 16 -18 28 -20 20 -22 23 -24 -25 -26 27 -28 -29 -30 -31
leaf_value=-0.063424967082682998 0.28660603239172572 -0.07101098338607699 -0.14664990262826905 0.01794913754124066 -0.16624780836282299 0.025300486182952803 -0.15671936374235279 0.034144218998650715 -0.020595495584808915 0.047927880661639694 0.017631463368733724 -0.070260917491934916 -0.0045547376028620282 0.31746900337854062 0.076151704094890096 0.068838235875591638 -0.032090603187680249 -0.070568217688040544 -0.18308727486990395 0.018691773325204851 -0.064396099208129776 -0.015969691224231877 -0.0070966768311336642 -0.05500517841628088 -0.094632709307103047 -0.19519654271425679 -0.15348448173867332 -0.12998385647984431 -0.11662980093566988 -0.12020174766572274
leaf_weight=240 524 68 64 261 32 258 480 120 480 960 150 54 156 176 72 32 32 140 240 50 36 136 32 280 272 32 36 72 208 68
leaf_count=240 524 68 64 261 32 258 480 120 480 960 150 54 156 176 72 32 32 140 240 50 36 136 32 280 272 32 36 72 208 68
internal_value=0 0.110369 -0.0368151 0.219293 0.00378932 0.013236 -0.142387 0.0312765 -0.034872 0.0401482 0.00466124 -0.00516641 -0.0214506 0.294366 0.024589 0.0489621 0.0183738 -0.107704 -0.165509 0.0149531 -0.0160892 -0.0481674 -0.0866722 -0.0422436 -0.107707 -0.124804 -0.0995595 -0.150049 -0.101712 -0.0867946
internal_weight=0 1441 4320 961 3120 2640 1200 1920 720 1440 480 360 210 700 480 136 64 480 720 344 86 480 64 416 480 208 104 104 416 208
internal_count=5761 1441 4320 961 3120 2640 1200 1920 720 1440 480 360 210 700 480 136 64 480 720 344 86 480 64 416 480 208 104 104 416 208
is_linear=0
shrinkage=0.05


Tree=43
num_leaves=31
num_cat=0
split_feature=0 0 0 2 0 0 0 0 0 0 2 1 2 0 0 0 0 0 2 2 1 0 1 2 1 2 1 2 1 1
split_gain=8450.41 12356.8 6685.16 5243.86 554.603 813.362 347.398 152.577 101.829 45.3032 44.2395 49.2326 97.9786 54.4682 42.0547 62.9243 41.8041 41.3352 40.696 40.8323 58.838 40.5725 40.1923 97.5394 39.8888 52.1623 36.8362 34.4062 36.9327 33.8554
threshold=17.500000000000004 21.500000000000004 12.500000000000002 4.5000000000000009 1.5000000000000002 9.5000000000000018 14.500000000000002 2.5000000000000004 11.500000000000002 20.500000000000004 5.5000000000000009 37.500000000000007 2.5000000000000004 1.0000000180025095e-35 8.5000000000000018 4.5000000000000009 15.500000000000002 22.500000000000004 4.5000000000000009 5.5000000000000009 22.500000000000004 13.500000000000002 1.0000000180025095e-35 3.5000000000000004 37.500000000000007 2.5000000000000004 22.500000000000004 2.5000000000000004 37.500000000000007 1.0000000180025095e-35
decision_type=2 2 2 2 2 2 2 2 2 2 2 2 2 2 2 2 2 2 2 2 2 2 2 2 2 2 2 2 2 2
left_child=2 3 4 9 10 7 21 -6 27 -2 11 22 -13 -14 15 18 -8 -3 24 -20 -21 -4 23 -1 -9 -26 -12 28 -7 -17
right_child=1 17 6 -5 5 8 16 14 -10 -11 26 12 13 -15 -16 29 -18 -19 19 20 -22 -23 -24 -25 25 -27 -28 -29 -30 -31
leaf_value=-0.020100903804140056 0.27227573394882032 -0.11699443253300464 -0.087782010212540632 0.017051681337371411 -0.0077079041119820129 -0.016001670469840367 -0.1401948583079502 0.024035463974515135 -0.059323967448241699 0.30159555776127411 -0.12247166542802007 -0.12011237017903478 -0.073194856086262958 0.027237692502913653 0.01553370682988316 0.029268184430353967 -0.16575241985468891 -0.087649070166711085 0.072344118822366008 0.065396323218010366 -0.03048607809469104 -0.11685536502084384 -0.01726423725306701 -0.12188289326926072 0.017757185105234385 -0.061176294936902 -0.046605612477287651 -0.030749390647480529 0.033618702795356517 0.050952586043276828
leaf_weight=68 524 240 240 261 240 150 240 258 240 176 32 50 27 27 240 240 480 240 72 32 32 240 208 36 50 36 32 280 50 720
leaf_count=68 524 240 240 261 240 150 240 258 240 176 32 50 27 27 240 240 480 240 72 32 32 240 208 36 50 36 32 280 50 720
internal_value=0 0.10485 -0.0349744 0.208329 0.00359985 0.0125887 -0.135267 0.0295838 -0.0327318 0.279648 -0.0458386 -0.0398848 -0.0696775 -0.0229786 0.0349112 0.0381408 -0.157233 -0.102322 0.0233595 0.046514 0.0174551 -0.102319 -0.0299539 -0.0553331 0.0142054 -0.0152847 -0.0845386 -0.0194357 -0.00359658 0.0455315
internal_weight=0 1441 4320 961 3120 2640 1200 1920 720 700 480 416 104 54 1680 1440 720 480 480 136 64 480 312 104 344 86 64 480 200 960
internal_count=5761 1441 4320 961 3120 2640 1200 1920 720 700 480 416 104 54 1680 1440 720 480 480 136 64 480 312 104 344 86 64 480 200 960
is_linear=0
shrinkage=0.05


Tree=44
num_leaves=31
num_cat=0
split_feature=0 0 0 2 0 0 0 0 0 0 1 2 2 0 2 2 1 2 2 1 2 0 2 2 1 1 2 1 2 1
split_gain=7626.5 11152 6033.36 4732.58 505.729 748.485 313.527 144.778 98.9029 56.7892 50.672 46.2355 62.52 42.675 40.4354 40.3848 145.103 48.527 38.7345 47.8539 57.7982 38.1361 36.7282 36.8512 53.1013 35.9997 47.0765 35.1995 34.0111 30.5545
threshold=17.500000000000004 21.500000000000004 12.500000000000002 4.5000000000000009 10.500000000000002 2.5000000000000004 14.500000000000002 8.5000000000000018 1.0000000180025095e-35 4.5000000000000009 1.0000000180025095e-35 2.5000000000000004 3.5000000000000004 19.500000000000004 1.0000000180025095e-35 1.0000000180025095e-35 22.500000000000004 2.5000000000000004 2.5000000000000004 22.500000000000004 1.5000000000000002 16.500000000000004 4.5000000000000009 5.5000000000000009 22.500000000000004 37.500000000000007 2.5000000000000004 1.0000000180025095e-35 1.0000000180025095e-35 1.0000000180025095e-35
decision_type=2 2 2 2 2 2 2 2 2 2 2 2 2 2 2 2 2 2 2 2 2 2 2 2 2 2 2 2 2 2
left_child=2 3 4 13 5 8 14 9 -1 22 -9 -12 -13 -2 -4 16 -6 -17 19 20 -3 -8 25 -24 -25 -7 -27 -15 -21 -11
right_child=1 18 6 -5 15 7 21 10 -10 29 11 12 -14 27 -16 17 -18 -19 -20 28 -22 -23 23 24 -26 26 -28 -29 -30 -31
leaf_value=-0.057679321672379352 0.25324896568614436 -0.06234434506143717 -0.13420147588185502 0.016199097270681258 -0.15605227880878375 0.022833691221253963 -0.14123471110103614 0.032663777563720943 -0.018368289914991086 0.027804775605909528 0.016348086638996999 -0.066367481138419226 -0.0039466086155302135 0.3053262462818318 -0.091510641320760797 -0.013598191857283169 -0.005478952848352492 -0.050003088485848696 -0.084784982385634283 -0.18032062434504043 -0.14069416986571417 -0.1656452898513332 0.068726911294894916 0.062126507749781013 -0.028961772937327625 0.016869327928870918 -0.05811747994480862 0.26881168780947162 -0.11836857341711747 0.04840495853026773
leaf_weight=240 348 68 64 261 32 258 480 120 480 240 150 54 156 88 416 136 32 280 272 32 36 240 72 32 32 50 36 264 72 720
leaf_count=240 348 68 64 261 32 258 480 120 480 240 150 54 156 88 416 136 32 280 272 32 36 240 72 32 32 50 36 264 72 720
internal_value=0 0.0996078 -0.0332257 0.197912 0.00341986 0.0120035 -0.128504 0.0283068 -0.031472 0.0362338 0.00452573 -0.00485362 -0.0199977 0.265665 -0.0972028 -0.04379 -0.0807656 -0.0381015 -0.0972057 -0.113448 -0.0894654 -0.149372 0.0221915 0.0441883 0.0165824 0.0134951 -0.0145205 0.27794 -0.137431 0.0432549
internal_weight=0 1441 4320 961 3120 2640 1200 1920 720 1440 480 360 210 700 480 480 64 416 480 208 104 720 480 136 64 344 86 352 104 960
internal_count=5761 1441 4320 961 3120 2640 1200 1920 720 1440 480 360 210 700 480 480 64 416 480 208 104 720 480 136 64 344 86 352 104 960
is_linear=0
shrinkage=0.05


Tree=45
num_leaves=31
num_cat=0
split_feature=0 0 0 2 0 0 0 0 0 0 2 1 2 0 0 0 0 1 2 0 1 1 2 2 2 0 2 1 0 1
split_gain=6882.91 10064.7 5445.11 4271.16 457.336 669.658 282.958 124.702 86.1349 54.1219 39.9261 44.4324 88.4257 47.153 38.5145 37.305 36.6167 36.2735 88.0293 35.8555 33.2447 31.9768 33.8542 44.277 41.4425 31.1655 31.2423 66.1172 72.6629 52.9787
threshold=17.500000000000004 21.500000000000004 12.500000000000002 4.5000000000000009 1.5000000000000002 9.5000000000000018 14.500000000000002 3.5000000000000004 11.500000000000002 7.5000000000000009 5.5000000000000009 37.500000000000007 2.5000000000000004 1.0000000180025095e-35 20.500000000000004 22.500000000000004 13.500000000000002 1.0000000180025095e-35 3.5000000000000004 15.500000000000002 22.500000000000004 1.0000000180025095e-35 4.5000000000000009 3.5000000000000004 1.5000000000000002 5.5000000000000009 3.5000000000000004 22.500000000000004 4.5000000000000009 1.0000000180025095e-35
decision_type=2 2 2 2 2 2 2 2 2 2 2 2 2 2 2 2 2 2 2 2 2 2 2 2 2 2 2 2 2 2
left_child=2 3 4 14 10 7 16 21 -7 25 11 17 -13 -14 -2 -3 -4 18 -1 -8 -12 -6 23 24 -23 26 29 28 -28 -9
right_child=1 15 6 -5 5 8 19 9 -10 -11 20 12 13 -15 -16 -17 -18 -19 -20 -21 -22 22 -24 -25 -26 -27 27 -29 -30 -31
leaf_value=-0.017194666329990418 0.24558483185272137 -0.10628442949925861 -0.078532771302464735 0.015389141873224599 0.027114222710564115 -0.017482325033197414 -0.12612337894179898 0.0049691026537295657 -0.054168267351839564 0.020480812214276133 -0.11444689608179033 -0.11220556515455248 -0.066651148900941579 0.026794226936720036 0.2726187631805343 -0.078406332256660494 -0.1061524579213195 -0.014499835804319725 -0.11388755995366309 -0.14979280083231669 -0.042374142445623875 -0.025576247454349263 0.021696444887521805 -0.052589473293887246 0.019574046597160676 0.050052476717416243 0.087431047505770743 -0.010742594588261385 0.0038438582792878154 0.055929821366718147
leaf_weight=68 524 240 240 261 120 480 240 68 240 480 32 50 27 27 176 240 240 208 36 480 32 96 102 54 108 480 52 104 52 204
leaf_count=68 524 240 240 261 120 480 240 68 240 480 32 50 27 27 176 240 240 208 36 480 32 96 102 54 108 480 52 104 52 204
internal_value=0 0.0946274 -0.0315644 0.188017 0.00324887 0.0114115 -0.122079 0.0268324 -0.029711 0.0341893 -0.0416455 -0.0359894 -0.0642925 -0.0199285 0.252382 -0.0923454 -0.0923426 -0.026555 -0.0506653 -0.141903 -0.0784105 0.00476165 -0.00268921 -0.0123301 -0.00167315 0.0410436 0.0320347 0.0174474 0.0456375 0.0431896
internal_weight=0 1441 4320 961 3120 2640 1200 1920 720 1440 480 416 104 54 700 480 480 312 104 720 64 480 360 258 204 960 480 208 104 272
internal_count=5761 1441 4320 961 3120 2640 1200 1920 720 1440 480 416 104 54 700 480 480 312 104 720 64 480 360 258 204 960 480 208 104 272
is_linear=0
shrinkage=0.05


Tree=46
num_leaves=31
num_cat=0
split_feature=0 0 0 2 0 0 0 0 0 0 1 2 2 2 2 1 2 0 2 1 2 0 2 2 1 1 2 1 2 1
split_gain=6211.83 9083.35 4914.21 3854.72 417.522 617.083 255.369 117.944 81.9841 47.9852 45.7315 41.7276 56.4243 36.4929 36.4473 130.955 43.7956 36.3268 34.9578 43.1882 52.1628 32.6838 31.9259 33.2582 45.1711 31.8785 41.2867 31.7675 30.695 30.1175
threshold=17.500000000000004 21.500000000000004 12.500000000000002 4.5000000000000009 10.500000000000002 2.5000000000000004 14.500000000000002 8.5000000000000018 1.0000000180025095e-35 4.5000000000000009 1.0000000180025095e-35 2.5000000000000004 3.5000000000000004 1.0000000180025095e-35 1.0000000180025095e-35 22.500000000000004 2.5000000000000004 19.500000000000004 2.5000000000000004 22.500000000000004 1.5000000000000002 16.500000000000004 4.5000000000000009 5.5000000000000009 22.500000000000004 37.500000000000007 2.5000000000000004 1.0000000180025095e-35 1.0000000180025095e-35 22.500000000000004
decision_type=2 2 2 2 2 2 2 2 2 2 2 2 2 2 2 2 2 2 2 2 2 2 2 2 2 2 2 2 2 2
left_child=2 3 4 17 5 8 13 9 -1 22 -9 -12 -13 -4 15 -6 -16 -2 19 20 -3 -8 25 -24 -25 -7 -27 -19 -21 -23
right_child=1 18 6 -5 14 7 21 10 -10 -11 11 12 -14 -15 16 -17 -18 27 -20 28 -22 29 23 24 -26 26 -28 -29 -30 -31
leaf_value=-0.052450264314344776 0.22830727685245567 -0.054609860479831698 -0.12287427285918967 0.014619682558512911 -0.14645839653676376 0.020615496842349455 -0.12727507104990463 0.030955625772476198 -0.016659188141347842 0.039297602099128803 0.015455720984687407 -0.063124067915810475 -0.0038242394686676564 -0.082317980218907072 -0.011127019259969102 -0.0034137393347918989 -0.045711669150207725 0.27710484310307287 -0.075928466019275442 -0.16668732464313507 -0.12904218774702814 -0.16758563671261073 0.06375568835582171 0.056224274053238335 -0.027787529304623606 0.014860668003559114 -0.055363754555583004 0.24241601277853164 -0.10783287548563547 -0.1321611376424941
leaf_weight=240 348 68 64 261 32 258 480 120 480 960 150 54 156 416 136 32 280 88 272 32 36 120 72 32 32 50 36 264 72 120
leaf_count=240 348 68 64 261 32 258 480 120 480 960 150 54 156 416 136 32 280 88 272 32 36 120 72 32 32 50 36 264 72 120
internal_value=0 0.0898961 -0.0299862 0.178616 0.00308643 0.0108856 -0.115975 0.0256888 -0.0285895 0.0328436 0.00422448 -0.0046859 -0.0190728 -0.0877255 -0.0398093 -0.0749361 -0.0344051 0.239763 -0.0877281 -0.103158 -0.0803749 -0.134808 0.0199357 0.040444 0.0142184 0.0118277 -0.0145356 0.251088 -0.125942 -0.149873
internal_weight=0 1441 4320 961 3120 2640 1200 1920 720 1440 480 360 210 480 480 64 416 700 480 208 104 720 480 136 64 344 86 352 104 240
internal_count=5761 1441 4320 961 3120 2640 1200 1920 720 1440 480 360 210 480 480 64 416 700 480 208 104 720 480 136 64 344 86 352 104 240
is_linear=0
shrinkage=0.05


Tree=47
num_leaves=31
num_cat=0
split_feature=0 0 0 2 0 0 0 0 0 0 2 1 2 0 0 0 0 1 2 0 2 1 0 2 1 1 1 1 1 2
split_gain=5606.18 8197.72 4435.07 3478.88 377.122 551.342 230.471 101.33 72.9035 45.722 36.0333 40.1003 79.8042 40.8571 33.6678 33.0465 32.785 32.7369 79.4464 30.7539 30.5837 30.0033 29.99 29.5099 32.9775 28.6702 28.544 28.5363 28.3451 32.134
threshold=17.500000000000004 21.500000000000004 12.500000000000002 4.5000000000000009 1.5000000000000002 9.5000000000000018 14.500000000000002 3.5000000000000004 11.500000000000002 7.5000000000000009 5.5000000000000009 37.500000000000007 2.5000000000000004 1.0000000180025095e-35 22.500000000000004 13.500000000000002 19.500000000000004 1.0000000180025095e-35 3.5000000000000004 15.500000000000002 1.5000000000000002 22.500000000000004 19.500000000000004 4.5000000000000009 22.500000000000004 1.0000000180025095e-35 37.500000000000007 37.500000000000007 1.0000000180025095e-35 4.5000000000000009
decision_type=2 2 2 2 2 2 2 2 2 2 2 2 2 2 2 2 2 2 2 2 2 2 2 2 2 2 2 2 2 2
left_child=2 3 4 16 10 7 15 26 -7 -9 11 17 -13 -14 -3 -4 -2 18 -1 23 -19 -12 -5 -8 -25 -18 -6 -24 -17 -30
right_child=1 14 6 22 5 8 19 9 -10 -11 21 12 13 -15 -16 28 25 20 -20 -21 -22 -23 27 24 -26 -27 -28 -29 29 -31
leaf_value=-0.014607196487486363 0.2168919096074613 -0.096583802606522426 -0.070219861090881755 -0.0027384159361761541 0.011481216657331162 -0.015718587705341635 -0.12447743970510919 0.037268544514469495 -0.049469392152192697 0.018368719509768806 -0.10699680922552944 -0.10486754933837801 -0.060696077798665676 0.026287474014140944 -0.070099610526813197 -0.1262206784853091 0.26324960739690473 -0.040806138236075644 -0.10646544752849474 -0.13537444771374188 0.00073468458010918572 -0.038527692237403245 0.017535086364174883 -0.12038890185272869 -0.050749644585063348 0.23029521546206633 -0.016677048040243485 0.072056007738501654 -0.099821169371175217 -0.052938884891131348
leaf_weight=68 348 240 240 133 360 480 172 960 240 480 32 50 27 27 240 60 88 64 36 480 144 32 96 34 34 264 120 32 129 51
leaf_count=68 348 240 240 133 360 480 172 960 240 480 32 50 27 27 240 60 88 64 36 480 144 32 96 34 34 264 120 32 129 51
internal_value=0 0.0854013 -0.0284869 0.169685 0.0029321 0.0103444 -0.110176 0.0243369 -0.0269689 0.0309686 -0.0378355 -0.0324621 -0.0593501 -0.0172043 -0.0833417 -0.0833392 0.227775 -0.0234995 -0.0464043 -0.128067 -0.0120471 -0.0727623 0.0138887 -0.113453 -0.0855693 0.238534 0.00444165 0.0311653 -0.0964586 -0.0865379
internal_weight=0 1441 4320 961 3120 2640 1200 1920 720 1440 480 416 104 54 480 480 700 312 104 720 208 64 261 240 68 352 480 128 240 180
internal_count=5761 1441 4320 961 3120 2640 1200 1920 720 1440 480 416 104 54 480 480 700 312 104 720 208 64 261 240 68 352 480 128 240 180
is_linear=0
shrinkage=0.05


Tree=48
num_leaves=31
num_cat=0
split_feature=0 0 0 2 0 0 0 0 0 1 0 2 2 2 1 2 2 2 1 2 0 2 2 1 2 0 2 0 1 2
split_gain=5059.57 7398.44 4002.65 3139.69 344.679 508.798 208 96.0162 67.9233 41.2726 40.5984 37.6591 50.9229 32.8937 118.187 39.5255 32.4454 31.5495 38.9773 47.077 30.8811 28.8131 30.0155 40.4081 28.7728 28.2455 29.0506 28.0104 29.904 27.9739
threshold=17.500000000000004 21.500000000000004 12.500000000000002 4.5000000000000009 10.500000000000002 2.5000000000000004 14.500000000000002 8.5000000000000018 1.0000000180025095e-35 1.0000000180025095e-35 4.5000000000000009 2.5000000000000004 3.5000000000000004 1.0000000180025095e-35 22.500000000000004 2.5000000000000004 1.0000000180025095e-35 2.5000000000000004 22.500000000000004 1.5000000000000002 20.500000000000004 4.5000000000000009 5.5000000000000009 22.500000000000004 2.5000000000000004 20.500000000000004 5.5000000000000009 16.500000000000004 1.0000000180025095e-35 2.5000000000000004
decision_type=2 2 2 2 2 2 2 2 2 2 2 2 2 2 2 2 2 2 2 2 2 2 2 2 2 2 2 2 2 2
left_child=2 3 4 20 5 8 16 10 -1 -9 21 -11 -13 14 -6 -15 -4 18 19 -3 24 -7 -23 -24 -2 -5 -27 28 -8 -22
right_child=1 17 6 25 13 7 27 9 -10 11 -12 12 -14 15 -16 -17 -18 -19 -20 -21 29 22 23 -25 -26 26 -28 -29 -30 -31
leaf_value=-0.04769133561834072 0.22011136644695248 -0.047712282321470623 -0.1123145342222415 0.0038190430141323561 -0.13750578095205129 0.010193581906212279 -0.093074639023592087 0.029341591987758875 -0.015113703895282622 0.014616681703366339 0.035705542580496206 -0.060034117423411873 -0.0036992812126976416 -0.0089409689795609346 -0.0016133542871102692 -0.04179638529196382 -0.074073437255104249 -0.067964955960633233 -0.11547775566936112 -0.11842299625277519 0.21792079595705638 0.05952515080829876 0.052194315948872833 -0.027264919225126506 0.19630875006249104 0.0083657336421310898 0.075739011948462581 -0.13561099362210371 -0.12189594898995387 0.2584641677637895
leaf_weight=240 308 68 64 197 32 344 120 120 480 150 960 54 156 136 32 280 416 272 104 36 104 72 32 32 216 32 32 240 360 72
leaf_count=240 308 68 64 197 32 344 120 120 480 150 960 54 156 136 32 280 416 272 104 36 104 72 32 32 216 32 32 240 360 72
internal_value=0 0.0811312 -0.0270625 0.161201 0.0027855 0.00987179 -0.104667 0.0233136 -0.0259729 0.00394701 0.0297691 -0.00451786 -0.0181854 -0.0361891 -0.0695596 -0.0310552 -0.0791723 -0.0791746 -0.0938334 -0.0721891 0.216386 0.0178961 0.0373791 0.0124647 0.2103 0.0131943 0.0420524 -0.121664 -0.114691 0.234507
internal_weight=0 1441 4320 961 3120 2640 1200 1920 720 480 1440 360 210 480 64 416 480 480 208 104 700 480 136 64 524 261 64 720 480 176
internal_count=5761 1441 4320 961 3120 2640 1200 1920 720 480 1440 360 210 480 64 416 480 480 208 104 700 480 136 64 524 261 64 720 480 176
is_linear=0
shrinkage=0.05


Tree=49
num_leaves=31
num_cat=0
split_feature=0 0 0 2 0 0 0 0 0 2 2 2 1 0 2 1 2 0 2 0 1 2 0 2 1 1 2 2 2 2
split_gain=4566.26 6677.1 3614.92 2833.57 387.413 382.1 201.284 82.2402 72.529 48.0886 47.9504 45.0436 44.3654 38.6798 32.5201 36.1905 72.0233 35.4342 30.9023 30.3852 29.545 71.7004 27.8702 27.6017 27.078 26.773 28.4222 39.2522 37.9139 27.5998
threshold=17.500000000000004 21.500000000000004 11.500000000000002 4.5000000000000009 1.5000000000000002 13.500000000000002 9.5000000000000018 3.5000000000000004 15.500000000000002 5.5000000000000009 4.5000000000000009 1.0000000180025095e-35 22.500000000000004 7.5000000000000009 5.5000000000000009 37.500000000000007 2.5000000000000004 1.0000000180025095e-35 5.5000000000000009 22.500000000000004 1.0000000180025095e-35 3.5000000000000004 20.500000000000004 1.5000000000000002 22.500000000000004 1.0000000180025095e-35 4.5000000000000009 3.5000000000000004 1.5000000000000002 1.0000000180025095e-35
decision_type=2 2 2 2 2 2 2 2 2 2 2 2 2 2 2 2 2 2 2 2 2 2 2 2 2 2 2 2 2 2
left_child=2 3 4 22 14 9 7 25 10 11 -7 -4 -12 -9 15 20 -17 -18 -14 -3 21 -1 -2 -22 -16 -6 27 28 29 -27
right_child=1 19 5 -5 6 8 -8 13 -10 -11 12 -13 18 -15 24 16 17 -19 -20 -21 23 -23 -24 -25 -26 26 -28 -29 -30 -31
leaf_value=-0.012306711455697523 0.1997846172451582 -0.087795880634027226 -0.0863461253931746 0.012534554295734258 0.02460307911038399 -0.10479819077462348 -0.014126606075903207 0.033842457917732348 -0.12234818556540027 -0.094316846178844574 -0.098285662771805254 -0.040745407662391459 -0.009391730154554051 0.016458968777576407 -0.10007684394367972 -0.09805404867231847 -0.055276705048702385 0.025728783866873495 -0.076921267760917553 -0.062635900720100224 -0.037195708750368796 -0.099572048460443818 0.2227813835562715 0.0022680754669838483 -0.03503118493536022 0.0024792805236453813 0.019676143420385383 -0.049407498924820513 0.018855242186260446 -0.051139555172994733
leaf_weight=68 524 240 64 261 120 344 480 960 480 64 68 352 36 480 32 50 27 27 32 240 64 36 176 144 32 48 102 54 108 48
leaf_count=68 524 240 64 261 120 344 480 960 480 64 68 352 36 480 32 50 27 27 32 240 64 36 176 144 32 48 102 54 108 48
internal_value=0 0.0770746 -0.0257094 0.153141 0.00663228 -0.0903927 0.0148335 0.0220735 -0.108605 -0.0539684 -0.0948616 -0.0477609 -0.069728 0.028048 -0.0343736 -0.0292689 -0.0548125 -0.014774 -0.0411703 -0.0752159 -0.0207544 -0.0425139 0.205567 -0.00987463 -0.067554 0.00415001 -0.00266768 -0.0115013 -0.00146729 -0.0243301
internal_weight=0 1441 4320 961 2880 1440 2400 1920 960 480 480 416 136 1440 480 416 104 54 68 480 312 104 700 208 64 480 360 258 204 96
internal_count=5761 1441 4320 961 2880 1440 2400 1920 960 480 480 416 136 1440 480 416 104 54 68 480 312 104 700 208 64 480 360 258 204 96
is_linear=0
shrinkage=0.05


Tree=50
num_leaves=31
num_cat=0
split_feature=0 0 0 2 0 0 0 0 0 1 2 0 0 2 1 2 2 1 2 2 1 2 2 1 2 1 2 2 1 2
split_gain=4121.05 6026.08 3268.37 2557.3 281.548 419.56 170.123 78.1054 56.2408 37.2486 34.7231 61.9833 34.4014 28.4734 35.177 42.487 28.1899 106.664 34.9755 27.7022 27.3618 86.8224 38.0746 31.3404 27.3473 26.7134 40.2525 35.4418 32.6765 39.1372
threshold=17.500000000000004 21.500000000000004 12.500000000000002 4.5000000000000009 10.500000000000002 2.5000000000000004 14.500000000000002 8.5000000000000018 1.0000000180025095e-35 1.0000000180025095e-35 1.0000000180025095e-35 9.5000000000000018 4.5000000000000009 2.5000000000000004 22.500000000000004 1.5000000000000002 1.0000000180025095e-35 22.500000000000004 2.5000000000000004 1.0000000180025095e-35 22.500000000000004 5.5000000000000009 5.5000000000000009 1.0000000180025095e-35 1.0000000180025095e-35 1.0000000180025095e-35 1.0000000180025095e-35 5.5000000000000009 37.500000000000007 1.5000000000000002
decision_type=2 2 2 2 2 2 2 2 2 2 2 2 2 2 2 2 2 2 2 2 2 2 2 2 2 2 2 2 2 2
left_child=2 3 4 -2 5 8 24 12 -1 -9 11 -11 -7 14 15 -3 17 -6 -18 -16 22 -22 23 -20 -4 26 -14 -28 29 -27
right_child=1 13 6 -5 16 7 -8 9 -10 10 -12 -13 25 -15 19 -17 18 -19 20 -21 21 -23 -24 -25 -26 28 27 -29 -30 -31
leaf_value=-0.043360260484041652 0.19528833249903152 -0.041565876042552519 -0.10192019630630966 0.011907825156532485 -0.12811867182608694 0.016051514307425047 -0.10992157590649894 0.027816203553229571 -0.01371634031936992 0.092057764891069385 -0.010441028559878947 -0.021578467947741351 0.070204696618020535 -0.060805916415376804 -0.14465118870139124 -0.10874105600847139 -0.0071221182739142994 0.00097913104109466072 -0.063526490120286203 -0.088739465037360798 -0.032225687777692517 -0.12599549324950204 0.025504276901483536 -0.0096573271064294714 -0.066811761114275642 0.068468961543112536 0.0011667317668484017 0.058371011959388854 0.022197040374546003 0.036183338434520089
leaf_weight=240 700 68 64 261 32 480 720 120 480 24 312 24 32 272 32 36 136 32 54 72 108 32 32 54 416 128 176 32 240 352
leaf_count=240 700 68 64 261 32 480 720 120 480 24 312 24 32 272 32 36 136 32 54 72 108 32 32 54 416 128 176 32 240 352
internal_value=0 0.0732209 -0.0244239 0.145484 0.00254769 0.00895223 -0.0945501 0.0211584 -0.0235976 0.00369135 -0.00435027 0.0352396 0.0269808 -0.0714551 -0.0853809 -0.0648188 -0.0326773 -0.0635698 -0.0279246 -0.105943 -0.0380286 -0.0536588 -0.0223985 -0.0365919 -0.0714929 0.0324454 0.017999 0.00996739 0.0372609 0.0447928
internal_weight=0 1441 4320 961 3120 2640 1200 1920 720 480 360 48 1440 480 208 104 480 64 416 104 280 140 140 108 480 960 240 208 720 480
internal_count=5761 1441 4320 961 3120 2640 1200 1920 720 480 360 48 1440 480 208 104 480 64 416 104 280 140 140 108 480 960 240 208 720 480
is_linear=0
shrinkage=0.05


Tree=51
num_leaves=31
num_cat=0
split_feature=0 0 0 2 0 0 0 0 0 2 1 1 2 2 1 0 1 2 1 2 0 2 0 1 2 0 1 2 1 0
split_gain=3719.25 5438.54 2952.63 2307.96 319.772 313.547 162.627 67.3833 60.7294 45.3383 50.8693 62.0087 47.5632 42.8521 40.0398 33.1864 31.6494 29.3494 32.6619 65.001 30.7594 27.8893 27.4226 26.6644 64.7096 26.2791 28.1849 27.7771 25.8748 25.4916
threshold=17.500000000000004 21.500000000000004 11.500000000000002 4.5000000000000009 1.5000000000000002 13.500000000000002 9.5000000000000018 2.5000000000000004 15.500000000000002 4.5000000000000009 37.500000000000007 22.500000000000004 1.0000000180025095e-35 4.5000000000000009 22.500000000000004 12.500000000000002 37.500000000000007 5.5000000000000009 37.500000000000007 2.5000000000000004 1.0000000180025095e-35 5.5000000000000009 22.500000000000004 1.0000000180025095e-35 3.5000000000000004 19.500000000000004 37.500000000000007 2.5000000000000004 1.0000000180025095e-35 20.500000000000004
decision_type=2 2 2 2 2 2 2 2 2 2 2 2 2 2 2 2 2 2 2 2 2 2 2 2 2 2 2 2 2 2
left_child=2 3 4 25 17 9 7 -6 13 12 11 15 -4 -7 -15 -11 -9 18 23 -20 -21 -16 -3 24 -1 26 -2 -28 -27 -5
right_child=1 22 5 29 6 8 -8 16 -10 10 -12 -13 -14 14 21 -17 -18 -19 19 20 -22 -23 -24 -25 -26 28 27 -29 -30 -31
leaf_value=-0.010264462188762778 0.16756518039909474 -0.079833332007983704 -0.077891569468192756 0.0024059686790868112 -0.0047972958965086347 -0.094976653096599098 -0.012553582202948142 0.027487727176686308 -0.11073469542354966 -0.048086869519423037 -0.1260701788151089 -0.00031718309311305781 -0.030114888477255592 -0.088953046500682836 -0.0045038093812763691 -0.11794639444526506 0.011638885505852245 -0.062749398185405883 -0.091724424116313458 -0.050344859725899173 0.025128160141132495 -0.068656870978884399 -0.055931350523605941 -0.0079539796480765715 -0.09316652845591307 0.21863654293119908 0.22416338628413632 0.16679978171984355 0.18732986936670248 0.038727634726092225
leaf_weight=68 261 240 64 197 240 344 480 1260 480 34 34 34 280 68 36 34 420 64 50 27 27 32 240 208 36 88 51 36 264 64
leaf_count=68 261 240 64 197 240 344 480 1260 480 34 34 34 280 68 36 34 420 64 50 27 27 32 240 208 36 88 51 36 264 64
internal_value=0 0.0695599 -0.0232027 0.138209 0.00602651 -0.0816612 0.0134774 0.0199852 -0.0981589 -0.0486657 -0.0731052 -0.0554501 -0.0390036 -0.0855832 -0.0618233 -0.0830166 0.0235255 -0.031228 -0.0263786 -0.0506449 -0.0126083 -0.0346935 -0.0678823 -0.0182898 -0.0389613 0.185524 0.175781 0.200427 0.195157 0.0113124
internal_weight=0 1441 4320 961 2880 1440 2400 1920 960 480 136 102 344 480 136 68 1680 480 416 104 54 68 480 312 104 700 348 87 352 261
internal_count=5761 1441 4320 961 2880 1440 2400 1920 960 480 136 102 344 480 136 68 1680 480 416 104 54 68 480 312 104 700 348 87 352 261
is_linear=0
shrinkage=0.05


Tree=52
num_leaves=31
num_cat=0
split_feature=0 0 0 2 0 0 0 0 0 2 1 1 2 2 1 0 0 2 1 2 0 2 1 2 2 2 2 2 1 1
split_gain=3356.62 4908.28 2664.75 2082.94 288.594 282.976 146.771 62.0606 54.8083 40.9178 45.9096 55.9629 42.9258 38.674 36.1359 33.354 29.9507 26.4878 29.4774 58.6634 27.7603 25.6972 31.7473 38.3445 25.1701 25.0013 24.5577 44.9706 24.4379 24.4179
threshold=17.500000000000004 21.500000000000004 11.500000000000002 4.5000000000000009 1.5000000000000002 13.500000000000002 9.5000000000000018 3.5000000000000004 15.500000000000002 4.5000000000000009 37.500000000000007 22.500000000000004 1.0000000180025095e-35 4.5000000000000009 22.500000000000004 7.5000000000000009 12.500000000000002 5.5000000000000009 37.500000000000007 2.5000000000000004 1.0000000180025095e-35 2.5000000000000004 22.500000000000004 1.5000000000000002 5.5000000000000009 1.0000000180025095e-35 1.5000000000000002 1.0000000180025095e-35 22.500000000000004 22.500000000000004
decision_type=2 2 2 2 2 2 2 2 2 2 2 2 2 2 2 2 2 2 2 2 2 2 2 2 2 2 2 2 2 2
left_child=2 3 4 -2 17 9 7 -6 13 12 11 16 -4 -7 -15 29 -11 18 -1 -20 -21 22 23 -3 -16 -24 27 -8 -19 -9
right_child=1 21 5 -5 6 8 26 15 -10 10 -12 -13 -14 14 24 -17 -18 28 19 20 -22 -23 25 -25 -26 -27 -28 -29 -30 -31
leaf_value=-0.017375273924941818 0.17624771769770553 -0.036093462062725692 -0.073996993682521869 0.010746809381677616 0.0034159225037001307 -0.090227820748073423 -0.022807877980085323 0.037530930177696674 -0.10519796305622398 -0.045682525371803957 -0.11976667271707864 -0.00030132369960055635 -0.028609145016193258 -0.08450539449558539 -0.0042786192045443589 0.013414279730544272 -0.11204906982534074 -0.090508618499734447 -0.087138203911483303 -0.047827616444340464 0.023871756634778446 -0.054371502972550362 -0.13402451437432319 -0.099909883696171986 -0.065224025968927887 -0.080908376294084719 -0.018745786844837395 0.03646543178474531 -0.028715239884331823 0.021582493233921318
leaf_weight=312 700 68 64 261 480 344 64 480 480 34 34 34 280 68 36 480 34 32 50 27 27 272 32 36 32 72 352 64 32 480
leaf_count=312 700 68 64 261 480 344 64 480 480 34 34 34 280 68 36 480 34 32 50 27 27 272 32 36 32 72 352 64 32 480
internal_value=0 0.0660819 -0.0220426 0.131299 0.00572519 -0.0775781 0.0128035 0.0189859 -0.093251 -0.0462324 -0.0694499 -0.0526776 -0.0370534 -0.081304 -0.0587321 0.0241759 -0.0788658 -0.0296666 -0.0250596 -0.0481127 -0.0119779 -0.0644882 -0.0777178 -0.0581838 -0.0329588 -0.0972518 -0.0119259 0.00682878 -0.0596119 0.0295567
internal_weight=0 1441 4320 961 2880 1440 2400 1920 960 480 136 102 344 480 136 1440 68 480 416 104 54 480 208 104 68 104 480 128 64 960
internal_count=5761 1441 4320 961 2880 1440 2400 1920 960 480 136 102 344 480 136 1440 68 480 416 104 54 480 208 104 68 104 480 128 64 960
is_linear=0
shrinkage=0.05


Tree=53
num_leaves=31
num_cat=0
split_feature=0 0 0 2 0 0 0 0 0 1 2 0 0 1 2 2 1 2 0 0 2 2 2 1 1 2 2 2 2 1
split_gain=3029.35 4429.72 2407.01 1879.85 211.165 313.07 127.851 58.3787 43.4406 33.3269 31.7926 52.3223 29.2723 25.8871 36.3279 31.9863 26.5678 35.3213 44.2368 42.5465 169.728 110.949 46.9112 78.2855 25.4327 49.6064 38.7283 24.84 27.089 35.6454
threshold=17.500000000000004 21.500000000000004 12.500000000000002 4.5000000000000009 10.500000000000002 2.5000000000000004 14.500000000000002 8.5000000000000018 1.0000000180025095e-35 1.0000000180025095e-35 1.0000000180025095e-35 9.5000000000000018 4.5000000000000009 1.0000000180025095e-35 1.0000000180025095e-35 5.5000000000000009 37.500000000000007 1.5000000000000002 7.5000000000000009 6.5000000000000009 3.5000000000000004 4.5000000000000009 2.5000000000000004 22.500000000000004 1.0000000180025095e-35 5.5000000000000009 1.5000000000000002 4.5000000000000009 5.5000000000000009 22.500000000000004
decision_type=2 2 2 2 2 2 2 2 2 2 2 2 2 2 2 2 2 2 2 2 2 2 2 2 2 2 2 2 2 2
left_child=2 3 4 -2 5 8 -4 12 -1 -9 11 -11 27 14 -14 -16 17 18 -15 21 -21 22 -19 -24 26 -26 -6 -7 -29 -30
right_child=1 -3 6 -5 24 7 -8 9 -10 10 -12 -13 13 16 15 -17 -18 19 -20 20 -22 -23 23 -25 25 -27 -28 28 29 -31
leaf_value=-0.037733596120961013 0.16743533059999549 -0.061263811697766263 -0.061132377124698302 0.010209472226942408 -0.095338996674399823 0.0060965524639170834 -0.0944462862972998 0.026014828806122145 -0.011680585414796952 0.085673922408993047 -0.010239320370825367 -0.018731470902760824 0.063744988292455673 0.079365640237180443 -0.0018410793241028759 0.052502989023923877 0.019528221307215668 0.12721018351795566 0.011483370512723924 -0.044671645988192822 0.055195057191975566 -0.00092321426388533687 0.0051692683146231707 0.10944288148441249 -0.014375371324459617 -0.068975298327859494 -0.031105934214693584 0.052376968830099541 0.044984413858037448 -0.029645340424031021
leaf_weight=240 700 480 480 261 32 344 720 120 480 24 312 24 32 96 176 32 240 36 32 72 104 68 36 36 312 48 88 72 32 32
leaf_count=240 700 480 480 261 32 344 720 120 480 24 312 24 32 96 176 32 240 36 32 72 104 68 36 36 312 48 88 72 32 32
internal_value=0 0.0627778 -0.0209405 0.124734 0.0022058 0.00775235 -0.0811207 0.0182963 -0.0203649 0.00319527 -0.00441125 0.0334712 0.02333 0.0283708 0.0141496 0.00651955 0.0331112 0.0399028 0.0623951 0.0317237 0.0143405 0.049107 0.0806074 0.0573061 -0.0283002 -0.0216554 -0.0482348 0.0132483 0.0313382 0.00766954
internal_weight=0 1441 4320 961 3120 2640 1200 1920 720 480 360 48 1440 960 240 208 720 480 128 352 176 176 108 72 480 360 120 480 136 64
internal_count=5761 1441 4320 961 3120 2640 1200 1920 720 480 360 48 1440 960 240 208 720 480 128 352 176 176 108 72 480 360 120 480 136 64
is_linear=0
shrinkage=0.05


Tree=54
num_leaves=31
num_cat=0
split_feature=0 0 0 2 0 0 0 0 0 2 1 1 2 2 1 2 0 2 0 2 0 1 2 1 2 0 0 1 2 1
split_gain=2733.99 3997.82 2176.44 1696.56 238.138 232.263 118.312 50.0056 45.9013 36.135 41.3363 50.6582 38.1861 34.9033 32.6126 29.1266 37.1154 124.077 49.6914 64.2989 38.247 27.8426 62.9063 73.6021 44.1938 25.9465 24.7489 24.3728 24.156 41.6619
threshold=17.500000000000004 21.500000000000004 11.500000000000002 4.5000000000000009 1.5000000000000002 13.500000000000002 9.5000000000000018 3.5000000000000004 15.500000000000002 4.5000000000000009 37.500000000000007 22.500000000000004 1.0000000180025095e-35 4.5000000000000009 22.500000000000004 1.5000000000000002 6.5000000000000009 3.5000000000000004 5.5000000000000009 4.5000000000000009 8.5000000000000018 1.0000000180025095e-35 3.5000000000000004 22.500000000000004 4.5000000000000009 12.500000000000002 22.500000000000004 37.500000000000007 3.5000000000000004 1.0000000180025095e-35
decision_type=2 2 2 2 2 2 2 2 2 2 2 2 2 2 2 2 2 2 2 2 2 2 2 2 2 2 2 2 2 2
left_child=2 3 4 28 -1 9 7 -6 13 12 11 25 -4 -7 -15 -9 18 -18 21 -20 -19 -17 -23 -24 -25 -11 -3 -26 29 -2
right_child=1 26 5 -5 6 8 -8 15 -10 10 -12 -13 -14 14 -16 16 17 20 19 -21 -22 22 23 24 27 -27 -28 -29 -30 -31
leaf_value=-0.026947914795503798 0.18749671639579771 -0.069554062581737533 -0.067903426298289563 0.0096989967792484033 0.0032059325698840743 -0.081826962682291282 -0.010571478015044704 0.03363322581923664 -0.095215749209746722 -0.041619010795565216 -0.11124829324510169 0.0022437854724771836 -0.025094666442434705 -0.076390656103681343 -0.027421402523074956 -0.0082761605354872616 -0.020951566452169102 0.040725002093957019 0.072599489273744877 0.010532320937251344 0.0035887737615177269 0.053532758357080948 0.052461223420687021 -0.065189518531163546 -0.026612560286679687 -0.10339000027845889 -0.046847180494417745 0.033255881597014036 0.14081243653134962 0.15588839875039484
leaf_weight=480 139 240 64 261 480 344 480 384 480 34 34 34 280 68 68 88 216 208 108 68 104 108 52 36 34 34 240 34 144 417
leaf_count=480 139 240 64 261 480 344 480 384 480 34 34 34 280 68 68 88 216 208 108 68 104 108 52 36 34 34 240 34 144 417
internal_value=0 0.0596389 -0.0198934 0.118497 0.00520153 -0.0700834 0.0116314 0.0171821 -0.0842826 -0.041685 -0.0635034 -0.0475884 -0.0330591 -0.0733494 -0.051906 0.0218409 0.0175528 0.00817897 0.0269265 0.048619 0.0283463 0.0160803 0.0241991 0.00389124 -0.0203937 -0.0725045 -0.0582006 0.00332166 0.159064 0.16379
internal_weight=0 1441 4320 961 2880 1440 2400 1920 960 480 136 102 344 480 136 1440 1056 528 528 176 312 352 264 156 104 68 480 68 700 556
internal_count=5761 1441 4320 961 2880 1440 2400 1920 960 480 136 102 344 480 136 1440 1056 528 528 176 312 352 264 156 104 68 480 68 700 556
is_linear=0
shrinkage=0.05


Tree=55
num_leaves=31
num_cat=0
split_feature=0 0 0 2 0 0 0 0 0 2 2 1 2 1 0 1 2 1 2 0 1 2 2 0 1 2 2 1 2 2
split_gain=2467.43 3608.04 1964.24 1531.15 214.92 209.617 106.777 46.6829 41.4259 33.656 31.5002 29.4329 27.412 25.9087 24.024 25.754 23.9053 26.6033 52.9437 24.1046 24.0646 58.4004 24.9106 23.71 26.1223 24.7232 23.1918 28.6519 34.6059 22.716
threshold=17.500000000000004 21.500000000000004 11.500000000000002 4.5000000000000009 1.5000000000000002 13.500000000000002 9.5000000000000018 2.5000000000000004 15.500000000000002 5.5000000000000009 4.5000000000000009 22.500000000000004 1.0000000180025095e-35 37.500000000000007 19.500000000000004 37.500000000000007 5.5000000000000009 37.500000000000007 2.5000000000000004 1.0000000180025095e-35 1.0000000180025095e-35 3.5000000000000004 1.5000000000000002 19.500000000000004 37.500000000000007 2.5000000000000004 2.5000000000000004 22.500000000000004 1.5000000000000002 5.5000000000000009
decision_type=2 2 2 2 2 2 2 2 2 2 2 2 2 2 2 2 2 2 2 2 2 2 2 2 2 2 2 2 2 2
left_child=2 3 4 23 16 9 7 -6 10 12 -7 -12 -4 -9 -5 -16 17 20 -19 -20 21 -1 -22 24 -2 -26 27 28 -3 -13
right_child=1 26 5 14 6 8 -8 13 -10 -11 11 29 -14 -15 15 -17 -18 18 19 -21 22 -23 -24 -25 25 -27 -28 -29 -30 -31
leaf_value=-0.006299723948434215 0.13394649874176331 -0.028315566447289553 -0.064508254278916863 -0.0056676308351351805 -0.0043044971453491598 -0.077735614722193938 -0.010042904108025445 0.022854732413839049 -0.090454962696336835 -0.073355637182248759 -0.072571124284363839 0.0011958460530473126 -0.028934819187270477 0.0085151038261219152 0.011728323712789764 0.063523200270719823 -0.05404858456458897 -0.080198546320199973 -0.042202158217076902 0.024609595592375157 -0.030059789010556417 -0.085056689415230535 0.0074308005562569533 0.1602600402446776 0.18797664452417226 0.13385811779234144 -0.045679705505094988 -0.086415990857550737 -0.088941170606348263 -0.056702289357781412
leaf_weight=68 261 68 64 133 240 344 480 1260 480 64 68 36 352 420 96 32 64 50 27 27 64 36 144 352 51 36 272 104 36 32
leaf_count=68 261 68 64 133 240 344 480 1260 480 64 68 36 352 420 96 32 64 50 27 27 64 36 144 352 51 36 272 104 36 32
internal_value=0 0.0566569 -0.0188988 0.112572 0.00494145 -0.0665792 0.0110498 0.016323 -0.0800684 -0.0396007 -0.0696819 -0.0493107 -0.0344077 0.0192698 0.00921405 0.024677 -0.0256005 -0.0212239 -0.0431243 -0.00879628 -0.0139238 -0.0335618 -0.00410477 0.15111 0.141856 0.165583 -0.0552906 -0.0678587 -0.0493014 -0.0260503
internal_weight=0 1441 4320 961 2880 1440 2400 1920 960 480 480 136 416 1680 261 128 480 416 104 54 312 104 208 700 348 87 480 208 104 68
internal_count=5761 1441 4320 961 2880 1440 2400 1920 960 480 480 136 416 1680 261 128 480 416 104 54 312 104 208 700 348 87 480 208 104 68
is_linear=0
shrinkage=0.05


Tree=56
num_leaves=31
num_cat=0
split_feature=0 0 0 2 0 0 0 0 0 1 2 2 1 0 1 2 2 1 2 2 2 2 1 1 1 2 0 2 1 2
split_gain=2226.85 3256.25 1775.08 1381.86 157.79 233.729 95.5027 42.3705 34.3947 29.8293 29.2423 44.9103 27.0847 23.8142 23.2111 31.9846 28.8238 23.0638 42.5063 34.2476 23.7001 22.9464 25.2693 26.048 24.0392 35.7926 22.3431 26.0051 39.6968 34.531
threshold=17.500000000000004 21.500000000000004 12.500000000000002 4.5000000000000009 10.500000000000002 2.5000000000000004 14.500000000000002 8.5000000000000018 1.0000000180025095e-35 1.0000000180025095e-35 2.5000000000000004 3.5000000000000004 22.500000000000004 4.5000000000000009 1.0000000180025095e-35 1.0000000180025095e-35 5.5000000000000009 1.0000000180025095e-35 5.5000000000000009 1.5000000000000002 3.5000000000000004 4.5000000000000009 1.0000000180025095e-35 37.500000000000007 37.500000000000007 2.5000000000000004 20.500000000000004 2.5000000000000004 37.500000000000007 3.5000000000000004
decision_type=2 2 2 2 2 2 2 2 2 2 2 2 2 2 2 2 2 2 2 2 2 2 2 2 2 2 2 2 2 2
left_child=2 3 4 26 5 8 -4 13 -1 -9 12 -12 -11 21 15 -15 -17 19 -19 -6 -21 24 -23 -24 -7 -26 -2 28 -28 -29
right_child=1 -3 6 -5 17 7 -8 9 -10 10 11 -13 -14 14 -16 16 -18 18 -20 20 -22 22 23 -25 25 -27 27 29 -30 -31
leaf_value=-0.033031586489329738 0.13837780542778319 -0.052526060411328214 -0.052358448849990968 0.0087533468773081848 -0.08772617119830102 0.011780612492688405 -0.081151094122518169 0.024552116847286625 -0.0098493352686637101 0.042675064299255612 -0.055577418572027928 -0.0026728336770947166 -0.0023954836186021568 0.057733339164406067 0.029151944597769115 -0.0038989052469498181 0.047688772762194277 -0.011380371790773308 -0.061922086294119563 0.003862599159280459 -0.048913060945387075 0.065739920198479115 -0.0018999945947571714 0.051699876807191791 0.0086265538185834878 -0.056758691536055672 0.1608116455686589 0.21669392113884292 0.089472121516099345 0.14744091461309128
leaf_weight=240 524 480 480 261 32 258 720 120 480 50 54 156 100 32 720 176 32 312 48 36 52 34 68 34 50 36 78 36 26 36
leaf_count=240 524 480 480 261 32 258 720 120 480 50 54 156 100 32 720 176 32 312 48 36 52 34 68 34 50 36 78 36 26 36
internal_value=0 0.0538241 -0.0179538 0.106944 0.00192318 0.00671777 -0.069634 0.0158282 -0.0175768 0.00296316 -0.00423316 -0.0162769 0.012628 0.0201166 0.0246632 0.0111971 0.00403766 -0.0244471 -0.0181193 -0.0434305 -0.027323 0.0110233 0.02841 0.0159666 0.00414946 -0.018744 0.143555 0.158968 0.142977 0.182067
internal_weight=0 1441 4320 961 3120 2640 1200 1920 720 480 360 210 150 1440 960 240 208 480 360 120 88 480 136 102 344 86 700 176 104 72
internal_count=5761 1441 4320 961 3120 2640 1200 1920 720 480 360 210 150 1440 960 240 208 480 360 120 88 480 136 102 344 86 700 176 104 72
is_linear=0
shrinkage=0.05


Tree=57
num_leaves=31
num_cat=0
split_feature=0 0 0 2 0 0 0 0 0 2 1 1 2 2 1 2 0 2 0 2 0 1 2 1 2 1 1 2 2 2
split_gain=2009.73 2938.77 1604.15 1247.13 177.254 172.09 86.9994 37.8125 34.7093 29.9444 37.4475 45.4981 30.9387 28.4289 26.5632 25.1904 32.707 110.23 43.9659 58.6286 32.52 25.7294 57.1817 66.0101 38.4461 23.5959 35.636 24.1348 66.5634 23.0442
threshold=17.500000000000004 21.500000000000004 11.500000000000002 4.5000000000000009 1.5000000000000002 13.500000000000002 9.5000000000000018 3.5000000000000004 15.500000000000002 4.5000000000000009 37.500000000000007 22.500000000000004 1.0000000180025095e-35 4.5000000000000009 22.500000000000004 1.5000000000000002 6.5000000000000009 3.5000000000000004 5.5000000000000009 4.5000000000000009 8.5000000000000018 1.0000000180025095e-35 3.5000000000000004 22.500000000000004 4.5000000000000009 22.500000000000004 37.500000000000007 1.5000000000000002 2.5000000000000004 5.5000000000000009
decision_type=2 2 2 2 2 2 2 2 2 2 2 2 2 2 2 2 2 2 2 2 2 2 2 2 2 2 2 2 2 2
left_child=2 3 4 -2 -1 9 7 -6 13 12 11 -11 -4 -7 -15 -9 18 -18 21 -20 -19 -17 -23 -24 -25 27 -27 -14 -29 -26
right_child=1 -3 5 -5 6 8 -8 15 -10 10 -12 -13 25 14 -16 16 17 20 19 -21 -22 22 23 24 29 26 -28 28 -30 -31
leaf_value=-0.023248470714024735 0.13637712494683052 -0.049899758530276207 -0.059212210879195482 0.0083156755857769112 0.0026421544311839781 -0.070511095224321974 -0.0090036602170827495 0.029813288491777713 -0.081874659760408877 -0.064027412405566253 -0.10100586427485242 0.0068116159123532919 0.031974028213880956 -0.065604829086976887 -0.021410079577061186 -0.0099578199632973843 -0.021397654406933322 0.036482385322988892 0.066961559729167716 0.007694298434345161 0.002239176745598133 0.049227786474619756 0.04789573716429564 -0.062880861986842423 0.028462325973022319 -0.060420193571065151 -0.0099679677057533164 -0.072977416714032503 0.010291354120191602 -0.029852535668760539
leaf_weight=480 700 480 64 261 480 344 480 384 480 68 34 34 32 68 68 88 216 208 108 68 104 108 52 36 36 70 70 36 72 32
leaf_count=480 700 480 64 261 480 344 480 384 480 68 34 34 32 68 68 88 216 208 108 68 104 108 52 36 36 70 70 36 72 32
internal_value=0 0.0511329 -0.0170561 0.101597 0.00448835 -0.0601451 0.0100357 0.0147956 -0.0723674 -0.0357005 -0.0555623 -0.0404144 -0.0278482 -0.0628601 -0.0435075 0.0188467 0.0148588 0.00605931 0.0236583 0.0440628 0.025068 0.0134561 0.0212607 0.00189891 -0.0210995 -0.0206793 -0.0351941 -0.00616458 -0.0174649 0.00102004
internal_weight=0 1441 4320 961 2880 1440 2400 1920 960 480 136 102 344 480 136 1440 1056 528 528 176 312 352 264 156 104 280 140 140 108 68
internal_count=5761 1441 4320 961 2880 1440 2400 1920 960 480 136 102 344 480 136 1440 1056 528 528 176 312 352 264 156 104 280 140 140 108 68
is_linear=0
shrinkage=0.05


Tree=58
num_leaves=31
num_cat=0
split_feature=0 0 0 2 0 0 0 0 0 0 1 2 2 2 0 0 2 0 2 1 0 0 0 1 1 2 2 2 2 1
split_gain=1813.79 2652.24 1449.29 1125.54 129.226 192.766 78.1162 33.4207 30.0834 29.2434 29.0444 35.8995 85.1239 83.9935 77.0319 34.1052 25.0617 81.6636 73.2145 70.3115 32.7772 22.3359 21.6817 23.243 21.1667 37.6728 31.4994 21.2412 20.9382 37.8703
threshold=17.500000000000004 21.500000000000004 12.500000000000002 4.5000000000000009 10.500000000000002 2.5000000000000004 14.500000000000002 7.5000000000000009 5.5000000000000009 1.0000000180025095e-35 22.500000000000004 4.5000000000000009 2.5000000000000004 1.5000000000000002 6.5000000000000009 6.5000000000000009 4.5000000000000009 6.5000000000000009 2.5000000000000004 1.0000000180025095e-35 6.5000000000000009 22.500000000000004 19.500000000000004 37.500000000000007 1.0000000180025095e-35 5.5000000000000009 1.5000000000000002 3.5000000000000004 3.5000000000000004 1.0000000180025095e-35
decision_type=2 2 2 2 2 2 2 2 2 2 2 2 2 2 2 2 2 2 2 2 2 2 2 2 2 2 2 2 2 2
left_child=2 3 4 28 5 9 -4 8 -7 -1 16 12 13 14 -12 -14 18 -18 19 -10 -20 -3 -5 -24 26 -26 -6 -28 29 -2
right_child=1 21 6 22 24 7 -8 -9 10 -11 11 -13 15 -15 -16 -17 17 -19 20 -21 -22 -23 23 -25 25 -27 27 -29 -30 -31
leaf_value=-0.030217583683940272 0.1565608814546316 -0.058190540163001674 -0.047276510163646895 -0.0062377039427147776 -0.082774296659044927 0.013015658464088725 -0.073316718113686272 0.0058535118219555857 0.01706993831321597 -0.0088417108517993871 -0.021298471954651177 -0.013878958036794382 0.10490145128634241 -0.061910226620319822 0.08841129092033953 0.03607679448193974 0.012378051329184981 0.12196521225440152 0.026606452423665262 0.10092189621925354 -0.040864918867333067 -0.036618998337556455 0.010288454177013288 0.059493589936755603 -0.0097009366467924948 -0.05728237225363652 0.00467813348190652 -0.045284773208774054 0.11256616802161767 0.12642517298939068
leaf_weight=240 139 240 480 133 32 720 720 720 50 480 32 68 36 36 32 36 34 34 36 50 36 240 96 32 312 48 36 52 144 417
leaf_count=240 139 240 480 133 32 720 720 720 50 480 32 68 36 36 32 36 34 34 36 50 36 240 96 32 312 48 36 52 144 417
internal_value=0 0.0485762 -0.0162033 0.0965168 0.00175718 0.00609614 -0.0629006 0.0143698 0.0194796 -0.015967 0.0291755 0.0168762 0.0290352 -0.00081158 0.0335564 0.0704891 0.0414748 0.0671716 0.0313156 0.0589959 -0.00712923 -0.0474048 0.00789989 0.0225897 -0.0221071 -0.0160451 -0.0402931 -0.0248454 0.129558 0.133959
internal_weight=0 1441 4320 961 3120 2640 1200 1920 1200 720 480 240 172 100 64 72 240 68 172 100 72 480 261 128 480 360 120 88 700 556
internal_count=5761 1441 4320 961 3120 2640 1200 1920 1200 720 480 240 172 100 64 72 240 68 172 100 72 480 261 128 480 360 120 88 700 556
is_linear=0
shrinkage=0.05


Tree=59
num_leaves=31
num_cat=0
split_feature=0 0 0 2 0 0 0 1 0 2 2 1 2 1 1 2 0 1 0 2 2 1 2 1 1 2 2 2 1 2
split_gain=1636.94 2393.65 1310.08 1015.8 146.153 141.323 71.5062 35.5338 29.5291 27.9186 28.9219 26.907 26.0819 33.9256 40.861 27.4039 24.8138 24.5059 22.6683 22.6566 40.3567 22.0592 64.8461 21.6531 32.1615 22.6102 60.5487 21.5745 24.0095 47.7817
threshold=17.500000000000004 21.500000000000004 11.500000000000002 4.5000000000000009 1.5000000000000002 13.500000000000002 9.5000000000000018 37.500000000000007 16.500000000000004 4.5000000000000009 3.5000000000000004 37.500000000000007 4.5000000000000009 37.500000000000007 22.500000000000004 1.0000000180025095e-35 2.5000000000000004 22.500000000000004 12.500000000000002 1.5000000000000002 1.0000000180025095e-35 37.500000000000007 5.5000000000000009 22.500000000000004 37.500000000000007 1.5000000000000002 2.5000000000000004 5.5000000000000009 37.500000000000007 2.5000000000000004
decision_type=2 2 2 2 2 2 2 2 2 2 2 2 2 2 2 2 2 2 2 2 2 2 2 2 2 2 2 2 2 2
left_child=2 3 4 -2 27 12 7 -6 -7 10 11 -10 15 14 18 -4 -9 -11 -14 20 -8 22 -21 25 -25 -17 -27 28 -1 -30
right_child=1 -3 5 -5 6 8 19 16 9 17 -12 -13 13 -15 -16 23 -18 -19 -20 21 -22 -23 -24 24 -26 26 -28 -29 29 -31
leaf_value=-0.010016646042752726 0.12308035573070604 -0.045034531610193274 -0.054370455846583357 0.0075048993116822744 0.017356298116056778 -0.060345763649157662 -0.018208212626632303 -0.028430102361987036 -0.093611451447484839 -0.083491288677802977 -0.13117079745150276 -0.042250585336895553 -0.02980838610845454 -0.093971351660130653 0.0084552506313604458 0.032713180757127702 0.0059444305904963546 -0.023459506253985799 -0.087545446448904635 -0.03360595277044922 0.037942201082478283 0.006982023304920983 0.030643051040048403 -0.05597474772483111 -0.0080451321522040029 -0.068083849218156606 0.011333749275137153 -0.048135223239660269 -0.072977690175175677 -0.0051455405368297192
leaf_weight=312 700 480 64 261 1440 720 64 60 102 34 36 34 34 34 34 32 420 34 34 216 64 88 48 70 70 36 72 64 50 54
leaf_count=312 700 480 64 261 1440 720 64 60 102 34 36 34 34 34 34 32 420 34 34 216 64 88 48 70 70 36 72 64 50 54
internal_value=0 0.0461474 -0.0153932 0.091691 0.00407663 -0.0543327 0.00911387 0.0134291 -0.0654087 -0.0805973 -0.09132 -0.0807712 -0.0321809 -0.0507175 -0.0362995 -0.0248525 0.00164761 -0.0534754 -0.0586769 -0.00814714 0.00986699 -0.0146977 -0.0219243 -0.0181056 -0.0320099 -0.00420119 -0.0151388 -0.0211096 -0.0169518 -0.0377572
internal_weight=0 1441 4320 961 2880 1440 2400 1920 960 240 172 136 480 136 102 344 480 68 68 480 128 352 264 280 140 140 108 480 416 104
internal_count=5761 1441 4320 961 2880 1440 2400 1920 960 240 172 136 480 136 102 344 480 68 68 480 128 352 264 280 140 140 108 480 416 104
is_linear=0
shrinkage=0.05


Tree=60
num_leaves=31
num_cat=0
split_feature=0 0 0 2 0 0 0 1 0 2 1 2 0 2 1 2 2 2 2 2 0 2 0 2 1 2 2 2 1 2
split_gain=1477.34 2160.26 1182.34 916.756 131.903 127.544 64.5344 32.0693 27.4399 25.6571 23.9733 23.9712 22.3944 20.9306 25.8584 31.2318 22.5637 20.5012 20.4476 36.4219 20.4197 26.2182 20.1612 24.1505 35.2973 30.1591 25.8159 21.4852 19.9084 58.5236
threshold=17.500000000000004 21.500000000000004 11.500000000000002 4.5000000000000009 1.5000000000000002 13.500000000000002 9.5000000000000018 37.500000000000007 15.500000000000002 4.5000000000000009 22.500000000000004 5.5000000000000009 2.5000000000000004 2.5000000000000004 22.500000000000004 1.5000000000000002 1.0000000180025095e-35 5.5000000000000009 1.5000000000000002 1.0000000180025095e-35 20.500000000000004 5.5000000000000009 20.500000000000004 2.5000000000000004 37.500000000000007 3.5000000000000004 1.0000000180025095e-35 2.5000000000000004 37.500000000000007 5.5000000000000009
decision_type=2 2 2 2 2 2 2 2 2 2 2 2 2 2 2 2 2 2 2 2 2 2 2 2 2 2 2 2 2 2
left_child=2 3 4 22 -1 11 7 -6 9 -7 -11 -4 -9 14 15 -3 -16 -12 19 -8 -5 -22 27 24 26 -25 -24 -2 29 -20
right_child=1 13 5 20 6 8 18 12 -10 10 17 -13 -14 -15 16 -17 -18 -19 28 -21 21 -23 23 25 -26 -27 -28 -29 -30 -31
leaf_value=-0.020054087923684471 0.12048716935383569 -0.0171565350583371 -0.026189220778514238 -0.00084169222618722672 0.016488483102778749 -0.06095342099731571 -0.017297803069232034 -0.027008593473583462 -0.070591513169298806 -0.056292469243464233 0.011576415122383173 -0.059059176529990515 0.0056472101496044726 -0.033652464392499123 -0.10728601200971753 -0.074750855109757861 -0.056825676824276652 -0.043426811136305338 -0.031925655119724713 0.036045089986873793 -0.00033585261553525925 0.063668762985616925 0.1761223294461767 0.1861884001260882 0.065704381981721294 0.12146768709644676 0.11379792996578747 0.099918656204654677 0.006632924577305941 0.029110893622661633
leaf_weight=480 308 68 416 197 1440 344 64 60 480 68 36 64 420 272 32 36 72 32 216 64 32 32 24 36 26 36 54 216 88 48
leaf_count=480 308 68 416 197 1440 344 64 60 480 68 36 64 420 272 32 36 72 32 216 64 32 32 24 36 26 36 54 216 88 48
internal_value=0 0.0438401 -0.0146235 0.0871064 0.0038728 -0.0516161 0.00865818 0.0127577 -0.0621382 -0.0536849 -0.0353 -0.0305719 0.00156523 -0.0427828 -0.0547225 -0.037093 -0.0723519 -0.0143075 -0.00773978 0.00937364 0.00712965 0.0316665 0.116926 0.131568 0.116157 0.153828 0.132975 0.112009 -0.0139628 -0.0208281
internal_weight=0 1441 4320 961 2880 1440 2400 1920 960 480 136 480 480 480 208 104 104 68 480 128 261 64 700 176 104 72 78 524 352 264
internal_count=5761 1441 4320 961 2880 1440 2400 1920 960 480 136 480 480 480 208 104 104 68 480 128 261 64 700 176 104 72 78 524 352 264
is_linear=0
shrinkage=0.05


Tree=61
num_leaves=31
num_cat=0
split_feature=0 0 0 2 0 0 0 0 0 1 2 2 0 2 2 0 2 0 2 1 0 0 2 1 1 2 2 1 2 2
split_gain=1333.3 1949.64 1068.33 827.372 96.9097 147.111 59.1389 26.8292 27.1503 24.9794 32.3993 79.1763 23.0794 22.8725 70.888 69.5213 22.6182 73.7014 66.0761 63.4561 29.5814 20.1582 20.358 46.3641 19.1844 42.5224 23.3736 19.0815 34.9301 30.4771
threshold=17.500000000000004 21.500000000000004 12.500000000000002 4.5000000000000009 10.500000000000002 2.5000000000000004 14.500000000000002 7.5000000000000009 5.5000000000000009 22.500000000000004 4.5000000000000009 3.5000000000000004 1.0000000180025095e-35 1.5000000000000002 2.5000000000000004 6.5000000000000009 4.5000000000000009 6.5000000000000009 2.5000000000000004 1.0000000180025095e-35 6.5000000000000009 22.500000000000004 1.5000000000000002 22.500000000000004 1.0000000180025095e-35 3.5000000000000004 5.5000000000000009 1.0000000180025095e-35 5.5000000000000009 1.5000000000000002
decision_type=2 2 2 2 2 2 2 2 2 2 2 2 2 2 2 2 2 2 2 2 2 2 2 2 2 2 2 2 2 2
left_child=2 3 4 -2 5 12 -4 8 -7 16 11 13 24 15 -15 -11 18 -18 19 -10 -20 -3 23 -23 25 -1 -26 29 -29 -6
right_child=1 21 6 -5 27 7 -8 -9 9 10 -12 -13 -14 14 -16 -17 17 -19 20 -21 -22 22 -24 -25 26 -27 -28 28 -30 -31
leaf_value=-0.014324744396349965 0.11108001922416899 -0.050890146040668098 -0.040390854263678194 0.006773171648811336 -0.078191148850601175 0.010950801557947773 -0.063048265901032005 0.0048829011564763894 0.014524200066924096 -0.0213694563950412 -0.014320918325992192 0.092383385201295229 -0.0076586324719998327 -0.059950622440212299 0.039274131051368184 0.082854817196493971 0.010066901651375436 0.11417471670052584 0.023583885447846523 0.094183561295270932 -0.040513911946780154 -0.012271004915237428 -0.021240841545337855 -0.094843678636585965 -0.011419792368243902 -0.099267913544407269 -0.064422923574844998 -0.0072734777726835981 -0.05309009573732814 -0.021210018930618059
leaf_weight=34 700 240 480 261 32 720 720 720 50 32 68 36 480 36 36 32 34 34 36 50 36 34 172 34 156 26 24 312 48 88
leaf_count=34 700 240 480 261 32 720 720 720 50 32 68 36 480 36 36 32 34 34 36 50 36 34 172 34 156 26 24 312 48 88
internal_value=0 0.0416481 -0.0138923 0.0827511 0.00152805 0.00528551 -0.0539853 0.0125133 0.0170915 0.0263027 0.0148965 0.0264476 -0.0139886 0.00899395 -0.0103382 0.0307427 0.0377088 0.0621208 0.0280576 0.0543539 -0.00846501 -0.0406437 -0.0303972 -0.0535573 -0.0266485 -0.0511335 -0.0184869 -0.019138 -0.0133824 -0.036405
internal_weight=0 1441 4320 961 3120 2640 1200 1920 1200 480 240 172 720 136 72 64 240 68 172 100 72 480 240 68 240 60 180 480 360 120
internal_count=5761 1441 4320 961 3120 2640 1200 1920 1200 480 240 172 720 136 72 64 240 68 172 100 72 480 240 68 240 60 180 480 360 120
is_linear=0
shrinkage=0.05


Tree=62
num_leaves=31
num_cat=0
split_feature=0 0 0 2 0 0 0 0 2 2 1 0 0 2 2 1 1 1 2 1 2 1 1 0 2 2 1 2 1 1
split_gain=1203.3 1759.55 965.502 746.703 108.597 104.751 52.962 28.2781 25.5205 26.5342 87.335 24.9789 24.1064 25.1965 26.102 24.2835 24.0142 55.7822 84.7276 22.1166 21.5791 30.5469 38.838 43.7971 24.3391 20.6899 71.4718 31.8506 20.0437 29.0257
threshold=17.500000000000004 21.500000000000004 11.500000000000002 4.5000000000000009 1.5000000000000002 13.500000000000002 9.5000000000000018 4.5000000000000009 4.5000000000000009 3.5000000000000004 22.500000000000004 7.5000000000000009 16.500000000000004 4.5000000000000009 3.5000000000000004 37.500000000000007 22.500000000000004 37.500000000000007 1.5000000000000002 22.500000000000004 4.5000000000000009 37.500000000000007 1.0000000180025095e-35 12.500000000000002 1.0000000180025095e-35 1.5000000000000002 1.0000000180025095e-35 2.5000000000000004 22.500000000000004 37.500000000000007
decision_type=2 2 2 2 2 2 2 2 2 2 2 2 2 2 2 2 2 2 2 2 2 2 2 2 2 2 2 2 2 2
left_child=2 3 4 -2 -1 20 7 8 9 16 -11 -9 -7 14 15 -14 25 18 -18 -15 24 22 -22 -24 -4 26 -6 -27 -26 -30
right_child=1 -3 5 -5 6 12 -8 11 -10 10 -12 -13 13 19 -16 -17 17 -19 -20 -21 21 -23 23 -25 28 27 -28 -29 29 -31
leaf_value=-0.018193703468035286 0.10552602002021326 -0.038611481623447623 -0.048707624795497395 0.006434513566751475 0.051554464114209025 -0.051587661771692286 -0.0069964139741690206 0.022162817386989549 0.018710005572339632 0.020744876618738528 -0.069180480970276723 0.0074376477809467677 -0.082248890784331688 -0.072634740195730157 -0.11793026927496411 -0.033456062428269755 -0.0064050354800807945 -0.010362060397279028 0.084893772675207368 -0.01560454370234819 -0.074367422029814306 -0.085459283969419847 0.031208951815086251 -0.049045290797948837 -0.0011530531004869512 -0.050642574164602494 -0.03472985624490927 0.0036633365541800032 -0.050674944477421907 -0.0051418045615511283
leaf_weight=480 700 480 64 261 48 720 480 720 204 54 54 480 102 34 36 34 48 102 54 34 34 34 34 34 140 54 48 54 70 70
leaf_count=480 700 480 64 261 48 720 480 720 204 54 54 480 102 34 36 34 48 102 54 34 34 34 34 34 140 54 48 54 70 70
internal_value=0 0.0395657 -0.0131977 0.0786136 0.00351665 -0.0466264 0.00785872 0.0115725 0.00373877 -0.00218009 -0.0242178 0.0162727 -0.0561621 -0.0698855 -0.080072 -0.0700507 0.00365342 0.0157838 0.0419296 -0.0441196 -0.0275551 -0.0444158 -0.0307346 -0.00891817 -0.0208892 -0.00847695 0.0084123 -0.0234896 -0.0145307 -0.0279084
internal_weight=0 1441 4320 961 2880 1440 2400 1920 720 516 108 1200 960 240 172 136 408 204 102 68 480 136 102 68 344 204 96 108 280 140
internal_count=5761 1441 4320 961 2880 1440 2400 1920 720 516 108 1200 960 240 172 136 408 204 102 68 480 136 102 68 344 204 96 108 280 140
is_linear=0
shrinkage=0.05


Tree=63
num_leaves=31
num_cat=0
split_feature=0 0 0 2 0 0 0 0 2 2 1 1 0 2 1 1 2 1 2 2 0 1 2 2 1 2 2 1 2 1
split_gain=1085.98 1587.99 871.366 673.9 99.3616 94.5374 58.1602 21.756 22.7399 23.557 21.9159 19.9602 19.5823 19.4751 27.5686 35.1166 21.9661 19.0195 28.8959 23.0036 18.9986 24.2044 21.1353 18.8382 27.4605 30.433 22.1097 122.283 19.989 18.6839
threshold=17.500000000000004 21.500000000000004 11.500000000000002 4.5000000000000009 2.5000000000000004 13.500000000000002 9.5000000000000018 16.500000000000004 4.5000000000000009 3.5000000000000004 37.500000000000007 22.500000000000004 1.0000000180025095e-35 4.5000000000000009 37.500000000000007 22.500000000000004 1.0000000180025095e-35 1.0000000180025095e-35 4.5000000000000009 2.5000000000000004 19.500000000000004 37.500000000000007 2.5000000000000004 2.5000000000000004 37.500000000000007 1.5000000000000002 5.5000000000000009 22.500000000000004 1.0000000180025095e-35 1.0000000180025095e-35
decision_type=2 2 2 2 2 2 2 2 2 2 2 2 2 2 2 2 2 2 2 2 2 2 2 2 2 2 2 2 2 2
left_child=2 3 4 20 12 13 -6 -7 9 10 -9 -10 -1 16 15 -15 -4 18 -3 -19 21 -2 -23 24 25 28 -25 -28 -8 -22
right_child=1 17 5 -5 6 7 23 8 11 -11 -12 -13 -14 14 -16 -17 -18 19 -20 -21 29 22 -24 26 -26 -27 27 -29 -30 -31
leaf_value=-0.024406409803389883 0.084352071015199939 -0.034237554038620811 -0.046272248640707406 0.0061127854054401206 0.013088297489254426 -0.049008278894018278 -0.011547502301012477 -0.078136448281378876 -0.069002999628291414 -0.11203375555988815 -0.031783263829043687 -0.014824306252686418 -0.0069143277410087956 -0.049942730809561908 -0.081186322298120062 0.012291900550617893 -0.013804177882349387 -0.056880579292602568 0.021245755018026103 -0.031374631066094429 0.12839232040344292 0.13551013340041335 0.085472427598304229 -0.022666099091940044 0.037163558980450033 -0.035651725344359876 0.079907161166192966 -0.058319648960605264 0.034083493250849035 0.10178925854199793
leaf_weight=240 261 88 64 261 1680 720 48 102 34 36 34 34 480 68 34 34 280 156 32 204 88 51 36 216 50 54 32 32 48 264
leaf_count=240 261 88 64 261 1680 720 48 102 34 36 34 34 480 68 34 34 280 156 32 204 88 51 36 216 50 54 32 32 48 264
internal_value=0 0.0375874 -0.0125378 0.0746829 0.00334082 -0.0442951 0.00870277 -0.053354 -0.0663912 -0.0760684 -0.0665482 -0.0419137 -0.012745 -0.0261773 -0.042195 -0.0291979 -0.0198447 -0.0366809 -0.019442 -0.0424272 0.10025 0.0919653 0.114805 -0.00664659 0.00507356 -0.0056231 -0.0150181 0.0107938 0.011268 0.10844
internal_weight=0 1441 4320 961 2880 1440 2160 960 240 172 136 68 720 480 136 102 344 480 120 360 700 348 87 480 200 150 280 64 96 352
internal_count=5761 1441 4320 961 2880 1440 2160 960 240 172 136 68 720 480 136 102 344 480 120 360 700 348 87 480 200 150 280 64 96 352
is_linear=0
shrinkage=0.05


Tree=64
num_leaves=31
num_cat=0
split_feature=0 0 0 2 0 0 0 2 1 2 0 0 2 0 2 0 1 0 0 2 1 0 0 0 2 0 0 2 2 2
split_gain=980.097 1433.16 786.492 608.194 73.1823 110.347 45.6221 24.91 35.9158 30.0687 52.4621 29.9637 86.7443 44.683 46.0901 37.2308 26.7367 24.7984 22.6063 22.1281 22.006 20.8325 23.697 18.4288 23.6619 18.1927 17.673 17.5369 18.6461 40.8439
threshold=17.500000000000004 21.500000000000004 12.500000000000002 4.5000000000000009 10.500000000000002 2.5000000000000004 14.500000000000002 1.5000000000000002 22.500000000000004 1.0000000180025095e-35 6.5000000000000009 6.5000000000000009 3.5000000000000004 5.5000000000000009 4.5000000000000009 8.5000000000000018 1.0000000180025095e-35 4.5000000000000009 7.5000000000000009 1.0000000180025095e-35 37.500000000000007 8.5000000000000018 6.5000000000000009 20.500000000000004 5.5000000000000009 22.500000000000004 1.0000000180025095e-35 4.5000000000000009 1.5000000000000002 1.0000000180025095e-35
decision_type=2 2 2 2 2 2 2 2 2 2 2 2 2 2 2 2 2 2 2 2 2 2 2 2 2 2 2 2 2 2
left_child=2 3 4 -2 5 26 -4 8 9 -7 17 13 18 -9 20 -14 -12 -11 -13 -10 -15 22 -21 -5 -25 27 -1 28 29 -3
right_child=1 25 6 23 -6 7 -8 11 19 10 16 12 15 14 -16 -17 -18 -19 -20 21 -22 -23 -24 24 -26 -27 -28 -29 -30 -31
leaf_value=-0.023186089661127576 0.095237233059181442 -0.073322636319790038 -0.034370986486707507 -0.0017656324478575421 -0.016638848542255193 0.01639623607043177 -0.054271377823477254 0.0074320647354011969 0.021746818633982912 0.049781639162392824 0.050360983703285456 -0.045240351037743196 0.029678126446602761 0.069856482100339581 0.0042768239783232704 -0.00023793449956708803 0.11499542604433373 -0.012465872615575791 -0.012889316396278987 -0.013573280686978252 0.017733620383121349 -0.042591370900481706 0.039123926920001398 -0.0012850821949541569 0.059519303460547235 -0.025112704573354374 -0.006568610820104368 -0.022167653511132812 -0.065645016295214506 0.0043130921717319222
leaf_weight=240 700 32 480 197 480 128 720 528 128 32 32 72 208 81 68 208 32 32 216 64 27 32 32 32 32 240 480 64 108 36
leaf_count=240 700 32 480 197 480 128 720 528 128 32 32 72 208 81 68 208 32 32 216 64 27 32 32 32 32 240 480 64 108 36
internal_value=0 0.035708 -0.0119109 0.0709487 0.00131995 0.00458518 -0.0463112 0.010845 0.0202894 0.0335321 0.050668 0.00741072 0.000116708 0.0147047 0.0365228 0.0147201 0.0826782 0.0186579 -0.0209771 0.00704666 0.0568258 -0.0076535 0.00399246 0.00580715 0.0291171 -0.0348469 -0.0121078 -0.044581 -0.0527313 -0.0322214
internal_weight=0 1441 4320 961 3120 2640 1200 1920 512 256 128 1408 704 704 176 416 64 64 288 256 108 128 96 261 64 480 720 240 176 68
internal_count=5761 1441 4320 961 3120 2640 1200 1920 512 256 128 1408 704 704 176 416 64 64 288 256 108 128 96 261 64 480 720 240 176 68
is_linear=0
shrinkage=0.05


Tree=65
num_leaves=31
num_cat=0
split_feature=0 0 0 2 0 0 0 1 2 1 2 2 2 1 2 1 0 1 2 2 0 0 1 2 0 1 2 1 2 2
split_gain=884.538 1293.43 711.503 548.895 81.3467 77.6388 38.834 25.4891 19.2849 57.3321 54.4559 18.1226 17.7482 22.1136 43.123 21.7291 21.0543 20.4827 49.7569 22.4818 19.0209 17.3686 20.9768 18.2501 25.9132 18.0103 18.2114 17.1651 25.3279 20.8205
threshold=17.500000000000004 21.500000000000004 11.500000000000002 4.5000000000000009 1.5000000000000002 13.500000000000002 9.5000000000000018 37.500000000000007 4.5000000000000009 22.500000000000004 3.5000000000000004 5.5000000000000009 5.5000000000000009 37.500000000000007 2.5000000000000004 22.500000000000004 1.0000000180025095e-35 1.0000000180025095e-35 3.5000000000000004 1.5000000000000002 1.0000000180025095e-35 19.500000000000004 37.500000000000007 5.5000000000000009 18.500000000000004 22.500000000000004 5.5000000000000009 1.0000000180025095e-35 4.5000000000000009 2.5000000000000004
decision_type=2 2 2 2 2 2 2 2 2 2 2 2 2 2 2 2 2 2 2 2 2 2 2 2 2 2 2 2 2 2
left_child=2 3 4 -2 12 11 7 -6 10 -10 -7 -4 13 17 16 -14 -15 18 -1 -19 -16 23 25 -5 -25 26 -23 28 -3 -29
right_child=1 27 5 21 6 8 -8 -9 9 -11 -12 -13 15 14 20 -17 -18 19 -20 -21 -22 22 -24 24 -26 -27 -28 29 -30 -31
leaf_value=0.0017158817061606576 0.09047537103887382 -0.030579575087441219 -0.019782515246725571 -0.024974534161172915 0.013297173794441432 -0.045440016097649388 -0.0059294280417573949 -7.2462920797988776e-06 -0.059906127229880757 -0.013995387507876492 -0.080018498696800736 -0.048362658072437628 -0.069403437880100685 -0.03296699756383896 -0.030646888746155634 -0.01113529391004704 -0.097858137957751765 -0.020928802888374776 -0.070979655743576592 0.014687254943742623 0.028702836207769533 0.048963866103440529 0.053723233088385315 0.043910320056602364 -0.019720964715816081 -0.023649062635377052 -0.0043797266669571401 -0.052313954241645456 0.021365473649348134 -0.028048453496040904
leaf_weight=68 700 88 416 69 1440 544 480 480 136 136 144 64 32 25 27 32 25 64 36 144 27 32 32 32 32 32 32 156 32 204
leaf_count=68 700 88 416 69 1440 544 480 480 136 136 144 64 32 25 27 32 25 64 36 144 27 32 32 32 32 32 32 156 32 204
internal_value=0 0.0339226 -0.0113154 0.0674013 0.00303295 -0.0400121 0.00679097 0.00997107 -0.0482215 -0.0369508 -0.0526774 -0.0235932 -0.0157571 -0.011986 -0.0319531 -0.0402694 -0.0654126 -0.00533034 -0.023448 0.00372847 -0.000972026 0.00551679 0.0186646 -0.00713672 0.0120947 0.00697836 0.0222921 -0.0331045 -0.0167276 -0.0385635
internal_weight=0 1441 4320 961 2880 1440 2400 1920 960 272 688 480 480 416 104 64 50 312 104 208 54 261 128 133 64 96 64 480 120 360
internal_count=5761 1441 4320 961 2880 1440 2400 1920 960 272 688 480 480 416 104 64 50 312 104 208 54 261 128 133 64 96 64 480 120 360
is_linear=0
shrinkage=0.05


Tree=66
num_leaves=31
num_cat=0
split_feature=0 0 0 2 0 0 0 2 2 1 2 0 0 2 0 1 1 2 0 2 1 0 1 2 0 1 2 1 1 2
split_gain=798.295 1167.32 642.132 495.378 75.5291 71.4207 44.0707 28.8209 25.0006 44.7755 22.632 17.8668 17.1462 22.4318 30.9654 16.8622 16.514 38.6672 16.4189 16.0847 40.6684 15.6751 18.9316 16.4707 23.3867 16.2543 16.4358 14.7437 51.454 14.926
threshold=17.500000000000004 21.500000000000004 11.500000000000002 4.5000000000000009 2.5000000000000004 14.500000000000002 8.5000000000000018 2.5000000000000004 4.5000000000000009 1.0000000180025095e-35 1.0000000180025095e-35 10.500000000000002 19.500000000000004 1.0000000180025095e-35 18.500000000000004 1.0000000180025095e-35 22.500000000000004 2.5000000000000004 22.500000000000004 1.5000000000000002 22.500000000000004 19.500000000000004 37.500000000000007 5.5000000000000009 18.500000000000004 22.500000000000004 5.5000000000000009 22.500000000000004 37.500000000000007 2.5000000000000004
decision_type=2 2 2 2 2 2 2 2 2 2 2 2 2 2 2 2 2 2 2 2 2 2 2 2 2 2 2 2 2 2
left_child=2 3 4 12 -1 10 -6 -8 -9 -10 -4 -11 13 14 -2 -14 -15 -18 27 20 -20 23 25 -5 -25 26 -23 29 -29 -3
right_child=1 18 5 21 6 -7 7 8 9 11 -12 -13 15 16 -16 -17 17 -19 19 -21 -22 22 -24 24 -26 -27 -28 28 -30 -31
leaf_value=-0.011143328641450758 0.070043495483696469 -0.048469256658035406 -0.049476905020613533 -0.023725808401038682 0.012606316669650067 -0.04914673358344266 0.0092923576002164436 -0.02285389249025482 0.042126755650136988 0.0001114182977699766 -0.023399161913384422 -0.036134057229056077 0.11268707244995645 0.059998237743029294 0.13960173459490763 0.087414165187466572 0.11057362533041409 0.058385669155460264 -0.0041209567776497678 -0.01406302806423154 -0.081455557486590224 0.046515667345374823 0.051037072588223965 0.041714801790658389 -0.01873491401784122 -0.0224666106980294 -0.0041607426945120098 -0.085830295423705447 -0.020348716750741007 -0.01288347554680727
leaf_weight=720 32 52 96 69 1440 720 300 216 51 102 624 51 88 142 32 264 70 72 34 172 34 32 32 32 32 32 32 60 60 68
leaf_count=720 32 52 96 69 1440 720 300 216 51 102 624 51 88 142 32 264 70 72 34 172 34 32 32 32 32 32 32 60 60 68
internal_value=0 0.0322265 -0.0107496 0.0640312 0.0028813 -0.0380115 0.00755618 -0.00254409 -0.0109987 0.00155388 -0.0268762 -0.0119704 0.0859516 0.0780814 0.104823 0.0937324 0.0720552 0.0841121 -0.0314493 -0.0222018 -0.0427883 0.00524095 0.0177313 -0.00677988 0.0114899 0.00662944 0.0211775 -0.0406967 -0.0530895 -0.028304
internal_weight=0 1441 4320 961 2880 1440 2160 720 420 204 720 153 700 348 64 352 284 142 480 240 68 261 128 133 64 96 64 240 120 120
internal_count=5761 1441 4320 961 2880 1440 2160 720 420 204 720 153 700 348 64 352 284 142 480 240 68 261 128 133 64 96 64 240 120 120
is_linear=0
shrinkage=0.05


Tree=67
num_leaves=31
num_cat=0
split_feature=0 0 0 2 0 0 0 2 1 1 2 0 1 2 2 2 0 2 1 2 2 2 2 1 2 1 0 1 2 2
split_gain=720.462 1053.51 582.577 447.079 55.13 77.8514 35.8656 23.8721 20.6414 34.3173 19.0184 23.547 17.9009 29.457 27.8318 19.6869 16.1662 21.7958 30.9997 27.2186 23.2988 16.5386 16.0177 19.9575 38.9185 19.6105 19.0015 18.4856 44.9056 20.2898
threshold=17.500000000000004 21.500000000000004 12.500000000000002 4.5000000000000009 1.5000000000000002 10.500000000000002 15.500000000000002 1.0000000180025095e-35 37.500000000000007 22.500000000000004 1.0000000180025095e-35 16.500000000000004 1.0000000180025095e-35 5.5000000000000009 1.5000000000000002 3.5000000000000004 20.500000000000004 2.5000000000000004 37.500000000000007 3.5000000000000004 1.0000000180025095e-35 2.5000000000000004 5.5000000000000009 37.500000000000007 2.5000000000000004 22.500000000000004 1.0000000180025095e-35 1.0000000180025095e-35 3.5000000000000004 1.5000000000000002
decision_type=2 2 2 2 2 2 2 2 2 2 2 2 2 2 2 2 2 2 2 2 2 2 2 2 2 2 2 2 2 2
left_child=2 3 4 16 22 -6 7 8 9 -4 11 -8 14 -14 -7 -16 21 18 20 -19 -18 -2 23 27 26 -24 -25 28 -1 -29
right_child=1 -3 6 -5 5 12 10 -9 -10 -11 -12 -13 13 -15 15 -17 17 19 -20 -21 -22 -23 25 24 -26 -27 -28 29 -30 -31
leaf_value=0.0021872557507937448 0.084689169087108565 -0.029876828088551216 -0.066995703506593909 0.0049789037741007026 0.0080567099882830878 -0.070860787239507769 0.005296758381882683 -0.029190065255031584 -0.096129996608942753 0.0062305223817626636 -0.054309456412626723 -0.055359741672873497 -0.0030202863475260063 -0.045094683355030918 0.01201418229740941 -0.036086031601119499 0.13687551263719797 0.14665442802425888 0.032843063682174455 0.085169749885406223 0.077667333047699058 0.066643116350665138 -0.065376100669391243 -0.030761481761932375 -0.00036625659300221339 -0.010021360073005782 -0.092408065766096115 -0.019325198436854409 -0.066873502193225756 0.014510058935007286
leaf_weight=68 308 480 48 261 2160 32 32 624 24 24 416 32 312 48 36 52 24 36 26 36 54 216 32 25 54 32 25 64 36 144
leaf_count=68 308 480 48 261 2160 32 32 624 24 24 416 32 312 48 36 52 24 36 26 36 54 216 32 25 54 32 25 64 36 144
internal_value=0 0.0306152 -0.0102121 0.0608297 0.0011751 0.00400913 -0.0398189 -0.0327611 -0.0559727 -0.042587 -0.0504057 -0.0250315 -0.014205 -0.00863021 -0.0309292 -0.0164087 0.081654 0.094765 0.0801247 0.115912 0.0958852 0.0772503 -0.0144121 -0.0108296 -0.0297982 -0.0376987 -0.0615848 -0.00450666 -0.0217184 0.00409921
internal_weight=0 1441 4320 961 3120 2640 1200 720 96 72 480 64 480 360 120 88 700 176 104 72 78 524 480 416 104 64 50 312 104 208
internal_count=5761 1441 4320 961 3120 2640 1200 720 96 72 480 64 480 360 120 88 700 176 104 72 78 524 480 416 104 64 50 312 104 208
is_linear=0
shrinkage=0.05


Tree=68
num_leaves=31
num_cat=0
split_feature=0 0 0 2 0 0 0 2 1 1 2 2 1 1 0 1 2 1 2 2 2 2 1 2 0 1 1 2 0 0
split_gain=650.217 950.79 525.776 403.489 49.7549 70.2609 32.3687 21.5446 18.6288 30.9714 17.2059 37.9162 33.5124 22.9254 19.661 19.7791 16.2901 16.1555 26.585 25.1182 17.7674 15.0005 31.8788 39.7187 25.8218 31.9278 24.0853 22.6272 19.8941 14.8181
threshold=17.500000000000004 21.500000000000004 12.500000000000002 4.5000000000000009 1.5000000000000002 10.500000000000002 15.500000000000002 1.0000000180025095e-35 37.500000000000007 22.500000000000004 3.5000000000000004 4.5000000000000009 22.500000000000004 1.0000000180025095e-35 16.500000000000004 37.500000000000007 1.0000000180025095e-35 1.0000000180025095e-35 5.5000000000000009 1.5000000000000002 3.5000000000000004 3.5000000000000004 1.0000000180025095e-35 2.5000000000000004 18.500000000000004 22.500000000000004 1.0000000180025095e-35 1.0000000180025095e-35 18.500000000000004 22.500000000000004
decision_type=2 2 2 2 2 2 2 2 2 2 2 2 2 2 2 2 2 2 2 2 2 2 2 2 2 2 2 2 2 2
left_child=2 3 4 21 -1 -6 7 8 9 -4 14 -12 13 -13 16 -16 -8 19 -19 -7 -21 22 23 27 25 -24 -23 -2 -28 -3
right_child=1 29 6 -5 5 17 10 -9 -10 -11 11 12 -14 -15 15 -17 -18 18 -20 20 -22 26 24 -25 -26 -27 28 -29 -30 -31
leaf_value=-0.013691503139513467 0.12113958711270244 -0.037168063735058848 -0.063645919070889553 0.0047299564204096685 0.0076538749101422989 -0.067317748651839801 0.0050319207308348272 -0.027730562021614065 -0.09132349479720385 0.0059189964085817337 -0.088050368897772083 -0.038966347496299181 -0.018357954152366695 -0.097029903268112866 -0.064058890317877135 -0.020023363823180693 -0.035763382182743116 -0.0028692720195230767 -0.04283994796763485 0.011413472608870103 -0.034281730852448025 0.027770866453647614 0.012957665148903341 0.14724242660061768 0.081464056582264022 0.072299473828581332 0.11216396048527073 0.070498833455748755 0.062605336276285437 -0.01959791128213207
leaf_weight=480 32 240 48 261 2160 32 32 624 24 24 72 34 68 34 102 34 104 312 48 36 52 36 34 36 315 68 27 71 81 240
leaf_count=480 32 240 48 261 2160 32 32 624 24 24 72 34 68 34 102 34 104 312 48 36 52 36 34 36 315 68 27 71 81 240
internal_value=0 0.0290844 -0.00970153 0.0577882 0.00111634 0.00380868 -0.037828 -0.031123 -0.0531741 -0.0404576 -0.0478854 -0.0587108 -0.043178 -0.0679981 -0.0396072 -0.05305 -0.0261645 -0.0134947 -0.0081987 -0.0293828 -0.0155882 0.0775713 0.0812962 0.102033 0.0743839 0.0525189 0.063189 0.0862319 0.074995 -0.028383
internal_weight=0 1441 4320 961 3120 2640 1200 720 96 72 480 208 136 68 272 136 136 480 360 120 88 700 556 139 417 102 144 103 108 480
internal_count=5761 1441 4320 961 3120 2640 1200 720 96 72 480 208 136 68 272 136 136 480 360 120 88 700 556 139 417 102 144 103 108 480
is_linear=0
shrinkage=0.05


Tree=69
num_leaves=31
num_cat=0
split_feature=0 0 0 2 0 0 0 2 0 0 2 1 2 0 0 1 1 0 0 0 1 0 1 2 2 2 2 1 2 2
split_gain=586.821 858.088 474.513 364.148 45.0699 71.4177 29.5991 16.7046 24.0182 51.8101 44.069 25.4553 19.9276 53.4645 90.3505 66.5094 46.8523 34.8773 18.2936 16.6917 14.9144 26.1671 23.7224 125.925 49.0291 36.5444 26.2346 22.0189 119.973 47.3179
threshold=17.500000000000004 21.500000000000004 12.500000000000002 4.5000000000000009 2.5000000000000004 9.5000000000000018 14.500000000000002 1.5000000000000002 6.5000000000000009 7.5000000000000009 1.0000000180025095e-35 37.500000000000007 2.5000000000000004 6.5000000000000009 4.5000000000000009 22.500000000000004 22.500000000000004 8.5000000000000018 8.5000000000000018 5.5000000000000009 1.0000000180025095e-35 16.500000000000004 22.500000000000004 5.5000000000000009 4.5000000000000009 3.5000000000000004 4.5000000000000009 37.500000000000007 1.0000000180025095e-35 1.5000000000000002
decision_type=2 2 2 2 2 2 2 2 2 2 2 2 2 2 2 2 2 2 2 2 2 2 2 2 2 2 2 2 2 2
left_child=2 3 4 -2 -1 7 -4 8 11 10 -10 -6 13 14 16 -16 -9 -15 19 -14 21 -8 23 26 25 27 -22 28 -24 -30
right_child=1 -3 6 -5 5 -7 20 12 9 -11 -12 -13 18 17 15 -17 -18 -19 -20 -21 22 -23 24 -25 -26 -27 -28 -29 29 -31
leaf_value=-0.009911218744414833 0.073692754327319573 -0.026963837882146131 -0.026319053384358995 0.0044934610993212437 0.017343327883281745 -0.008823109751877686 -0.016403778698295356 -0.065542393126007584 0.026876100990921262 0.01326879074695171 0.10985668166540563 -0.019068201127811338 0.0059572783867008101 -0.052233101640983173 0.10205784684254066 0.0059463865641090604 0.01512518022209406 0.0080417187056607674 -0.0065167087971765014 0.020053745919805285 -0.054300982278389066 -0.056844414869944265 0.040318354529639083 -0.16794549386637908 -0.0097462949470854283 -0.087270176700419866 -0.00010174783291640107 -0.024586303338554563 -0.14593465339081985 -0.061556997597303799
leaf_weight=720 700 480 480 261 192 720 120 36 32 128 32 64 420 72 36 36 36 36 140 420 129 60 24 24 102 54 27 102 24 54
leaf_count=720 700 480 480 261 192 720 120 36 32 128 32 64 420 72 36 36 36 36 140 420 129 60 24 24 102 54 27 102 24 54
internal_value=0 0.0276302 -0.00921645 0.0548988 0.00106052 0.00435205 -0.0359366 0.00999854 0.0182665 0.0316347 0.0683664 0.00824045 0.006992 -0.00554821 0.0143968 0.0540021 -0.0252086 -0.0321415 0.0102166 0.0130055 -0.0423483 -0.029884 -0.0465031 -0.0613237 -0.0390927 -0.0506948 -0.0449203 -0.0410131 -0.0574399 -0.0875194
internal_weight=0 1441 4320 961 3120 2400 1200 1680 448 192 64 256 1232 252 144 72 72 108 980 840 720 180 540 180 360 258 156 204 102 78
internal_count=5761 1441 4320 961 3120 2400 1200 1680 448 192 64 256 1232 252 144 72 72 108 980 840 720 180 540 180 360 258 156 204 102 78
is_linear=0
shrinkage=0.05


Tree=70
num_leaves=31
num_cat=0
split_feature=0 0 0 2 0 0 0 2 2 1 2 1 1 0 2 1 1 2 2 2 1 2 2 1 0 2 1 2 2 0
split_gain=529.606 774.424 430.362 328.644 53.6419 49.9708 31.534 24.9632 23.9019 41.0908 15.9619 25.0983 32.6119 37.0951 15.8807 18.6586 26.1957 22.562 55.4977 15.4432 45.0487 43.7195 14.8815 20.2704 14.7621 23.3209 14.3509 22.4621 17.2318 15.7961
threshold=17.500000000000004 21.500000000000004 11.500000000000002 4.5000000000000009 2.5000000000000004 13.500000000000002 8.5000000000000018 2.5000000000000004 4.5000000000000009 1.0000000180025095e-35 4.5000000000000009 37.500000000000007 1.0000000180025095e-35 12.500000000000002 1.0000000180025095e-35 22.500000000000004 37.500000000000007 1.5000000000000002 2.5000000000000004 4.5000000000000009 22.500000000000004 3.5000000000000004 5.5000000000000009 37.500000000000007 20.500000000000004 5.5000000000000009 1.0000000180025095e-35 4.5000000000000009 2.5000000000000004 22.500000000000004
decision_type=2 2 2 2 2 2 2 2 2 2 2 2 2 2 2 2 2 2 2 2 2 2 2 2 2 2 2 2 2 2
left_child=2 3 4 -2 -1 10 -6 -8 -9 -10 14 12 -12 -14 -4 17 -17 -16 -19 21 -21 -7 23 -22 -5 -26 27 29 -28 -3
right_child=1 26 5 24 6 19 7 8 9 -11 11 -13 13 -15 15 16 -18 18 -20 20 22 -23 -24 -25 25 -27 28 -29 -30 -31
leaf_value=-0.0094156565845413664 0.07000811686313578 -0.044869867610660474 -0.034639148440328428 -0.0025088953454671476 0.010615083073450176 -0.035162684877158269 0.0088153273242836203 -0.021660757633098576 0.041072242926148805 -0.010751208690378596 -0.059984347147538392 -0.069606158312629257 0.036919379804064248 -0.03693965765483239 0.042749672941863541 -0.041567848165120401 0.0016886311144168886 -0.055739845790796806 0.020293095971768104 -0.047922428744940966 0.034897535392600633 -0.066145534324136362 -0.024768783285981047 -0.018162192745755115 -0.0050509916152805092 0.055313675128854815 -0.043116529288295756 0.025232048243924513 -0.021041086283238496 -0.0025023006283762784
leaf_weight=720 700 44 64 197 1440 544 300 216 51 153 34 34 34 34 32 70 70 36 72 136 36 144 64 36 32 32 156 32 204 44
leaf_count=720 700 44 64 197 1440 544 300 216 51 153 34 34 34 34 32 70 70 36 72 136 36 144 64 36 32 32 156 32 204 44
internal_value=0 0.0262487 -0.00875563 0.0521538 0.0024035 -0.0310739 0.00634321 -0.00220052 -0.010069 0.00220465 -0.0179016 -0.0324027 -0.0200015 -1.01389e-05 -0.0121686 -0.00703245 -0.0199396 0.0058747 -0.00505122 -0.03766 -0.0275742 -0.0416475 -0.00722595 0.00836767 0.00426879 0.0251313 -0.0256156 -0.0106412 -0.0306071 -0.0236861
internal_weight=0 1441 4320 961 2880 1440 2160 720 420 204 480 136 102 68 344 280 140 140 108 960 272 688 136 72 261 64 480 120 360 88
internal_count=5761 1441 4320 961 2880 1440 2160 720 420 204 480 136 102 68 344 280 140 140 108 960 272 688 136 72 261 64 480 120 360 88
is_linear=0
shrinkage=0.05


Tree=71
num_leaves=31
num_cat=0
split_feature=0 0 0 2 0 0 0 2 2 1 2 1 1 0 2 1 1 2 2 0 2 1 2 2 2 1 2 0 2 0
split_gain=477.969 698.918 388.402 296.601 48.4118 45.0986 28.4595 22.5293 21.5715 37.0844 14.4056 22.6512 29.7687 15.9908 14.3323 16.8394 23.6416 20.3622 50.0867 14.3219 20.0612 27.9054 22.7487 20.4009 15.176 14.4802 28.1357 20.2475 17.7155 26.4067
threshold=17.500000000000004 21.500000000000004 11.500000000000002 4.5000000000000009 2.5000000000000004 13.500000000000002 8.5000000000000018 2.5000000000000004 4.5000000000000009 1.0000000180025095e-35 4.5000000000000009 37.500000000000007 22.500000000000004 12.500000000000002 1.0000000180025095e-35 22.500000000000004 37.500000000000007 1.5000000000000002 2.5000000000000004 20.500000000000004 2.5000000000000004 37.500000000000007 3.5000000000000004 1.0000000180025095e-35 2.5000000000000004 22.500000000000004 1.0000000180025095e-35 19.500000000000004 1.5000000000000002 19.500000000000004
decision_type=2 2 2 2 2 2 2 2 2 2 2 2 2 2 2 2 2 2 2 2 2 2 2 2 2 2 2 2 2 2
left_child=2 3 4 19 -1 10 -6 -8 -9 -10 14 12 13 -12 -4 17 -17 -16 -19 24 21 23 -22 -21 25 26 -2 -28 29 -27
right_child=1 -3 5 -5 6 -7 7 8 9 -11 11 -13 -14 -15 15 16 -18 18 -20 20 22 -23 -24 -25 -26 28 27 -29 -30 -31
leaf_value=-0.0089448739582834013 0.090406645524005097 -0.02433486304532077 -0.0329071894682329 0.0040553477717656288 0.010084329181659593 -0.035777036315218239 0.008374560619005933 -0.020577719719989951 0.039018631507368652 -0.010213646964699615 -0.013854942941928612 -0.066125849722062841 0.0191986603771939 -0.062348109976772009 0.040612191706895832 -0.039489453115633559 0.0016041997500828337 -0.052952852792805066 0.019278441385055581 0.11811223054925601 0.12724123245312111 0.019942663667293695 0.071031383445693388 0.062708472488103087 0.052201948152354884 0.086309538696977231 0.028594476910574096 0.074737692313889659 0.10340746889511745 0.032070032879710199
leaf_weight=720 48 480 64 261 1440 960 300 216 51 153 34 34 34 34 32 70 70 36 72 24 36 26 36 54 216 66 70 36 54 34
leaf_count=720 48 480 64 261 1440 960 300 216 51 153 34 34 34 34 32 70 70 36 72 24 36 26 36 54 216 66 70 36 54 34
internal_value=0 0.0249362 -0.00831785 0.0495461 0.00228332 -0.0295202 0.00602605 -0.0020905 -0.00956554 0.00209442 -0.0170065 -0.0307826 -0.0190015 -0.0381015 -0.0115602 -0.00668083 -0.0189426 0.00558097 -0.00479866 0.0665077 0.0788482 0.0648025 0.0991363 0.0797558 0.0623628 0.0694886 0.0586473 0.0442658 0.08033 0.0678681
internal_weight=0 1441 4320 961 2880 1440 2160 720 420 204 480 136 102 68 344 280 140 140 108 700 176 104 72 78 524 308 154 106 154 100
internal_count=5761 1441 4320 961 2880 1440 2160 720 420 204 480 136 102 68 344 280 140 140 108 700 176 104 72 78 524 308 154 106 154 100
is_linear=0
shrinkage=0.05


Tree=72
num_leaves=31
num_cat=0
split_feature=0 0 0 2 0 0 0 0 2 2 1 2 0 1 2 2 2 0 2 0 1 1 2 2 2 2 2 1 1 2
split_gain=431.367 630.773 350.533 267.683 43.6917 41.7614 25.9964 18.9156 19.2138 23.6158 29.2551 19.1114 17.9043 16.5155 30.4393 17.7924 21.1082 19.7085 17.8726 21.8417 16.4494 55.3491 218.089 52.8071 40.6631 31.0851 81.3739 17.2833 16.6529 15.7883
threshold=17.500000000000004 21.500000000000004 11.500000000000002 4.5000000000000009 2.5000000000000004 14.500000000000002 7.5000000000000009 4.5000000000000009 4.5000000000000009 5.5000000000000009 22.500000000000004 1.0000000180025095e-35 5.5000000000000009 37.500000000000007 2.5000000000000004 2.5000000000000004 1.5000000000000002 3.5000000000000004 1.0000000180025095e-35 3.5000000000000004 1.0000000180025095e-35 22.500000000000004 2.5000000000000004 4.5000000000000009 3.5000000000000004 2.5000000000000004 4.5000000000000009 37.500000000000007 37.500000000000007 1.5000000000000002
decision_type=2 2 2 2 2 2 2 2 2 2 2 2 2 2 2 2 2 2 2 2 2 2 2 2 2 2 2 2 2 2
left_child=2 3 4 -2 -1 -4 7 8 13 -10 -11 12 -9 15 -15 16 18 -18 19 -6 23 22 -22 -13 -24 -23 27 -27 -28 -8
right_child=1 -3 5 -5 6 -7 29 11 9 10 -12 20 -14 14 -16 -17 17 -19 -20 -21 21 25 24 -25 -26 26 28 -29 -30 -31
leaf_value=-0.008497631827970812 0.063182325711158879 -0.023118120468570855 -0.019529344783837183 0.0038525792266959433 0.018057981474945941 -0.036559020374018779 0.010225317631454801 0.067062230035662654 0.038496209313679079 0.030558100761845709 -0.037051926832646132 -0.021773766209593134 0.02125658227596432 0.0029178135283291339 -0.057379824295639995 0.018452171263871369 -0.063378648404721863 -0.0029657195011774701 0.027477569257219631 -0.049398389078366266 0.12639285732864167 -0.017555686163113399 -0.052521991095057244 0.040241501438340141 0.018670717569497917 0.066338307714020758 -0.036141056684302349 0.026334463032307451 0.0042648504762088551 -0.0042746517596573214
leaf_weight=720 700 480 720 261 24 720 256 32 72 32 32 105 64 50 36 108 27 27 48 24 51 102 27 51 78 54 51 54 51 704
leaf_count=720 700 480 720 261 24 720 256 32 72 32 32 105 64 50 36 108 27 27 48 24 51 102 27 51 78 54 51 54 51 704
internal_value=0 0.0236894 -0.00790196 0.0470688 0.00216916 -0.0280442 0.00572475 0.0106309 0.00294257 0.0188524 -0.00324691 0.0157565 0.0365251 -0.00334736 -0.0223231 0.00297787 -0.00816363 -0.0331722 0.00590368 -0.0156702 0.0125614 0.0172483 0.0415658 -0.00149954 0.000364021 0.00508963 0.0160888 0.0463364 -0.0159381 -0.000407993
internal_weight=0 1441 4320 961 2880 1440 2160 1200 480 136 64 720 96 344 86 258 150 54 96 48 624 468 156 156 105 312 210 108 102 960
internal_count=5761 1441 4320 961 2880 1440 2160 1200 480 136 64 720 96 344 86 258 150 54 96 48 624 468 156 156 105 312 210 108 102 960
is_linear=0
shrinkage=0.05


Tree=73
num_leaves=31
num_cat=0
split_feature=0 0 0 2 0 0 0 0 1 2 2 1 2 2 0 2 2 0 1 0 0 1 2 1 0 0 0 0 1 0
split_gain=389.309 569.273 316.356 241.584 40.4845 37.8384 16.8351 18.9585 20.5958 45.1574 34.4621 22.1555 24.5749 19.135 25.1431 73.7802 30.9594 53.0816 53.3971 23.8044 23.6841 22.0909 26.3325 58.3258 35.3413 26.6507 23.0575 35.8567 24.9728 16.4833
threshold=17.500000000000004 21.500000000000004 11.500000000000002 4.5000000000000009 1.0000000180025095e-35 13.500000000000002 10.500000000000002 3.5000000000000004 1.0000000180025095e-35 1.5000000000000002 1.5000000000000002 22.500000000000004 5.5000000000000009 1.5000000000000002 6.5000000000000009 3.5000000000000004 3.5000000000000004 4.5000000000000009 22.500000000000004 8.5000000000000018 7.5000000000000009 22.500000000000004 1.0000000180025095e-35 1.0000000180025095e-35 6.5000000000000009 7.5000000000000009 8.5000000000000018 6.5000000000000009 37.500000000000007 5.5000000000000009
decision_type=2 2 2 2 2 2 2 2 2 2 2 2 2 2 2 2 2 2 2 2 2 2 2 2 2 2 2 2 2 2
left_child=2 3 4 -2 -1 -4 7 8 9 -6 -10 12 -12 21 16 20 17 18 -15 -17 -16 22 -9 24 -24 -25 27 -23 -28 -18
right_child=1 -3 5 -5 6 -7 -8 13 10 -11 11 -13 -14 14 15 19 29 -19 -20 -21 -22 26 23 25 -26 -27 28 -29 -30 -31
leaf_value=-0.017600715627195312 0.060023209820168892 -0.021962214036951387 -0.015179711221911325 0.0036599515997929595 0.054499931456181608 -0.032373104744522915 -0.0087782046136999272 0.010828715561988897 -0.02750628996905612 -0.0021322271109304645 -0.025838451798039452 0.0094197533037830988 0.030096745056410631 -0.050510969261328378 -0.045672497043334363 0.024044765424556459 -0.0051503473821167762 0.045127958951505009 0.035606736813982326 0.00012363602246086186 -0.012559281570698928 -0.003414554457413033 -0.036832462499539059 0.11106897904537619 0.043432260764529933 0.041368202306330204 -0.050831159017980104 0.044901278067845857 0.01163478845555801 0.019228966881592688
leaf_weight=240 700 480 480 261 48 960 240 112 144 132 108 264 24 36 72 208 208 144 36 208 216 96 24 32 32 24 32 64 32 104
leaf_count=240 700 480 480 261 48 960 240 112 144 132 108 264 24 36 72 208 208 144 36 208 216 96 24 32 32 24 32 64 32 104
internal_value=0 0.0225049 -0.00750686 0.0447154 0.0020607 -0.026642 0.0038481 0.00511073 -0.00167747 0.0129697 -0.00655986 0.00105703 -0.0156684 0.00801996 0.00480212 -0.0013838 0.01305 0.0276013 -0.00745212 0.0120842 -0.0208376 0.016869 0.0279719 0.0451152 0.00903309 0.0811972 0.00576607 0.0159118 -0.0195982 0.00297609
internal_weight=0 1441 4320 961 2880 1440 2640 2400 720 180 540 396 132 1680 1232 704 528 216 72 416 288 448 224 112 56 56 224 160 64 312
internal_count=5761 1441 4320 961 2880 1440 2640 2400 720 180 540 396 132 1680 1232 704 528 216 72 416 288 448 224 112 56 56 224 160 64 312
is_linear=0
shrinkage=0.05


Tree=74
num_leaves=31
num_cat=0
split_feature=0 0 0 2 0 0 0 1 2 2 0 2 0 0 2 1 2 1 1 2 2 0 0 1 0 1 2 2 2 2
split_gain=351.351 513.769 285.511 218.029 36.8352 35.0667 18.0127 20.3872 15.5402 15.0945 30.5187 23.2125 19.0012 21.3709 14.8964 18.1014 34.4139 17.7754 17.6996 39.7084 17.766 17.2482 16.3535 14.1236 23.6158 20.2565 113.143 40.42 30.6969 23.9662
threshold=17.500000000000004 21.500000000000004 11.500000000000002 4.5000000000000009 1.5000000000000002 14.500000000000002 9.5000000000000018 37.500000000000007 1.0000000180025095e-35 1.0000000180025095e-35 6.5000000000000009 4.5000000000000009 3.5000000000000004 8.5000000000000018 5.5000000000000009 37.500000000000007 2.5000000000000004 22.500000000000004 1.0000000180025095e-35 3.5000000000000004 1.5000000000000002 1.0000000180025095e-35 1.0000000180025095e-35 1.0000000180025095e-35 16.500000000000004 22.500000000000004 5.5000000000000009 4.5000000000000009 3.5000000000000004 4.5000000000000009
decision_type=2 2 2 2 2 2 2 2 2 2 2 2 2 2 2 2 2 2 2 2 2 2 2 2 2 2 2 2 2 2
left_child=2 3 4 -2 14 8 7 -6 -4 10 -9 12 -11 -14 15 18 21 -16 19 -1 -20 -17 -18 24 -7 26 29 28 -27 -25
right_child=1 -3 5 -5 6 23 -8 9 -10 11 -12 -13 13 -15 17 16 22 -19 20 -21 -22 -23 -24 25 -26 27 -28 -29 -30 -31
leaf_value=0.0044280006057199313 0.057022049515375074 -0.020864103977122191 -0.036235233780462298 0.0034769537626726417 0.0096269871211067462 -0.008176863361150026 -0.0041768115779450459 -0.0064108894392848025 -0.014626121144399991 -0.03654101287680013 0.064908493248124921 0.011197598546106533 0.00067243631396974842 -0.042127036324569156 -0.059493789053522053 -0.025820327311754227 -0.025135985209986018 -0.0067927290336228909 -0.014708217557927129 -0.06051346370174239 0.016952851955364976 -0.084553967356681831 0.02989522569157459 -0.044268101138286581 -0.046595467456306022 -0.031968851906119609 -0.15191663686806958 -0.0036622247610734234 -0.074363931351237825 0.0075349202724518602
leaf_weight=68 700 480 96 261 1440 120 480 40 624 70 24 136 175 35 32 25 27 32 64 36 144 25 27 129 60 204 24 102 54 27
leaf_count=68 700 480 96 261 1440 120 480 40 624 70 24 136 175 35 32 25 27 32 64 36 144 25 27 129 60 204 24 102 54 27
internal_value=0 0.0213797 -0.00713152 0.0424796 0.00195766 -0.0253099 0.0044865 0.00665232 -0.0175073 -0.00227166 0.0203339 -0.00574944 -0.0139809 -0.00646081 -0.0106865 -0.00723162 -0.0252967 -0.0331433 -0.00120992 -0.0180517 0.00721098 -0.0551871 0.00237962 -0.0331124 -0.0209831 -0.0371555 -0.0508508 -0.0303079 -0.0408422 -0.0353022
internal_weight=0 1441 4320 961 2880 1440 2400 1920 720 480 64 416 280 210 480 416 104 64 312 104 208 50 54 720 180 540 180 360 258 156
internal_count=5761 1441 4320 961 2880 1440 2400 1920 720 480 64 416 280 210 480 416 104 64 312 104 208 50 54 720 180 540 180 360 258 156
is_linear=0
shrinkage=0.05


Tree=75
num_leaves=31
num_cat=0
split_feature=0 0 0 2 0 0 0 2 1 1 1 2 2 2 0 1 2 2 1 2 2 0 2 2 0 1 0 0 1 2
split_gain=317.094 463.677 258.297 196.771 30.0274 34.2893 20.2067 18.5153 16.6011 26.9745 15.7863 23.9161 23.7469 16.9766 15.6205 18.526 39.796 29.3912 20.6878 23.2552 16.9151 21.9064 65.9411 28.1468 47.9061 48.4549 21.8821 20.6879 20.0087 23.7651
threshold=17.500000000000004 21.500000000000004 12.500000000000002 4.5000000000000009 1.0000000180025095e-35 10.500000000000002 15.500000000000002 1.0000000180025095e-35 37.500000000000007 22.500000000000004 1.0000000180025095e-35 5.5000000000000009 1.5000000000000002 3.5000000000000004 3.5000000000000004 1.0000000180025095e-35 1.5000000000000002 1.5000000000000002 22.500000000000004 5.5000000000000009 1.5000000000000002 6.5000000000000009 3.5000000000000004 3.5000000000000004 4.5000000000000009 22.500000000000004 7.5000000000000009 8.5000000000000018 22.500000000000004 1.0000000180025095e-35
decision_type=2 2 2 2 2 2 2 2 2 2 2 2 2 2 2 2 2 2 2 2 2 2 2 2 2 2 2 2 2 2
left_child=2 3 4 -2 -1 14 7 8 9 -4 12 -12 -7 -14 15 16 -6 -17 19 -19 28 23 26 24 25 -22 -23 -24 29 -16
right_child=1 -3 6 -5 5 10 -8 -9 -10 -11 11 -13 13 -15 20 17 -18 18 -20 -21 21 22 27 -25 -26 -27 -28 -29 -30 -31
leaf_value=-0.016184534183121286 0.054170946420968646 -0.019820898322116896 -0.051269408587055899 0.0033031080510481565 0.051380235644076802 -0.062566407560370865 -0.034435383132319357 -0.018046363348791297 -0.077646770019782707 0.013651854529355965 0.00031395053404431123 -0.037597307376563555 0.014125197153124545 -0.030541479031447896 0.0099045281564550738 -0.025473118831481165 -0.0017838326184022608 -0.025149975385930803 0.0089861739003522841 0.029262576624751093 -0.048466769626571073 -0.043758290193768014 0.022387086392868349 0.002371845925704409 0.042502143698382296 0.03356891195677842 -0.011929652215783588 8.6749146262613626e-05 0.0050571543218601231 0.042476647051184313
leaf_weight=240 700 480 48 261 48 32 480 624 24 24 312 48 36 52 112 144 132 108 264 24 36 72 208 312 144 36 216 208 224 112
leaf_count=240 700 480 48 261 48 32 480 624 24 24 312 48 36 52 112 144 132 108 264 24 36 72 208 312 144 36 216 208 224 112
internal_value=0 0.0203107 -0.00677494 0.0403556 0.000807366 0.00222336 -0.0264889 -0.0211913 -0.0416334 -0.029629 -0.00997603 -0.00474088 -0.0256815 -0.0122687 0.00466323 -0.00149846 0.0123933 -0.00612903 0.000905188 -0.0152568 0.00730396 0.00427854 -0.00149552 0.0119773 0.0258518 -0.00744893 -0.0198868 0.0112369 0.0156239 0.0261906
internal_weight=0 1441 4320 961 3120 2880 1200 720 96 72 480 360 120 88 2400 720 180 540 396 132 1680 1232 704 528 216 72 288 416 448 224
internal_count=5761 1441 4320 961 3120 2880 1200 720 96 72 480 360 120 88 2400 720 180 540 396 132 1680 1232 704 528 216 72 288 416 448 224
is_linear=0
shrinkage=0.05


Tree=76
num_leaves=31
num_cat=0
split_feature=0 0 0 2 0 0 0 2 1 1 2 2 1 1 0 1 1 2 2 1 2 2 2 1 0 1 2 2 1 2
split_gain=286.178 418.468 233.113 177.586 27.0997 30.9461 18.2366 16.7101 14.9825 24.3445 14.7278 26.6147 22.3391 17.7086 16.4009 16.1609 14.2576 29.2283 18.2895 14.2471 21.5843 21.4316 15.3214 14.148 14.0975 16.7198 35.9159 26.5256 18.6707 20.9878
threshold=17.500000000000004 21.500000000000004 12.500000000000002 4.5000000000000009 1.0000000180025095e-35 10.500000000000002 15.500000000000002 1.0000000180025095e-35 37.500000000000007 22.500000000000004 3.5000000000000004 4.5000000000000009 22.500000000000004 1.0000000180025095e-35 16.500000000000004 37.500000000000007 1.0000000180025095e-35 3.5000000000000004 5.5000000000000009 1.0000000180025095e-35 5.5000000000000009 1.5000000000000002 3.5000000000000004 37.500000000000007 3.5000000000000004 1.0000000180025095e-35 1.5000000000000002 1.5000000000000002 22.500000000000004 5.5000000000000009
decision_type=2 2 2 2 2 2 2 2 2 2 2 2 2 2 2 2 2 2 2 2 2 2 2 2 2 2 2 2 2 2
left_child=2 3 4 -2 16 24 7 8 9 -4 14 -12 13 -13 -8 -16 17 -1 23 21 -21 -7 -23 -18 25 26 -6 -27 29 -29
right_child=1 -3 6 -5 5 19 10 -9 -10 -11 11 12 -14 -15 15 -17 18 -19 -20 20 -22 22 -24 -25 -26 27 -28 28 -30 -31
leaf_value=-0.0059662797652623237 0.051462398744462658 -0.018829853842738279 -0.048705940096018217 0.0031379499055188276 0.048811221631088607 -0.059438089560717347 -0.01277698226425427 -0.017144045230592243 -0.073764430514226362 0.012969262121866146 -0.067310252426088679 -0.024464172725942368 -0.0094511027420487483 -0.075495655226575975 -0.047283622852581392 -0.0074790779720334448 0.0085594641915612071 -0.076390379552657789 -0.04897346012294293 0.00029825387143482193 -0.035717444083032505 0.013418934442516831 -0.029014404418949896 -0.023382520933563897 0.006938761887189511 -0.02419946194600521 -0.0016946402223159869 -0.023892478213680013 0.0085368641539279259 0.027799443590144319
leaf_weight=34 700 480 48 261 48 32 136 624 24 24 72 34 68 34 102 34 104 26 24 312 48 36 52 52 1680 144 132 108 264 24
leaf_count=34 700 480 48 261 48 32 136 624 24 24 72 34 68 34 102 34 104 26 24 312 48 36 52 52 1680 144 132 108 264 24
internal_value=0 0.0192952 -0.00643619 0.0383379 0.000766998 0.00211219 -0.0251645 -0.0201317 -0.0395518 -0.0281475 -0.0327136 -0.0427291 -0.0297155 -0.0499799 -0.0250547 -0.0373325 -0.0153753 -0.0364834 -0.00833928 -0.00947723 -0.00450384 -0.0243974 -0.0116553 -0.00208786 0.00443007 -0.00142354 0.0117736 -0.00582258 0.000859927 -0.0144939
internal_weight=0 1441 4320 961 3120 2880 1200 720 96 72 480 208 136 68 272 136 240 60 180 480 360 120 88 156 2400 720 180 540 396 132
internal_count=5761 1441 4320 961 3120 2880 1200 720 96 72 480 208 136 68 272 136 240 60 180 480 360 120 88 156 2400 720 180 540 396 132
is_linear=0
shrinkage=0.05


Tree=77
num_leaves=31
num_cat=0
split_feature=0 0 0 2 0 0 0 1 2 1 0 2 1 2 2 2 1 1 0 1 2 2 1 2 2 1 1 0 2 1
split_gain=258.275 377.667 210.685 160.271 27.8249 27.1208 13.3711 19.2388 15.1507 13.636 13.3228 21.0471 12.9517 20.2721 15.5517 15.1272 59.7186 50.4817 14.256 12.8675 26.3785 16.5063 12.7686 13.5386 12.5494 20.6363 27.3355 32.2839 12.2253 35.4997
threshold=17.500000000000004 21.500000000000004 11.500000000000002 4.5000000000000009 1.0000000180025095e-35 13.500000000000002 19.500000000000004 37.500000000000007 2.5000000000000004 1.0000000180025095e-35 20.500000000000004 5.5000000000000009 1.0000000180025095e-35 4.5000000000000009 2.5000000000000004 4.5000000000000009 37.500000000000007 37.500000000000007 22.500000000000004 1.0000000180025095e-35 3.5000000000000004 5.5000000000000009 37.500000000000007 1.5000000000000002 4.5000000000000009 37.500000000000007 1.0000000180025095e-35 12.500000000000002 4.5000000000000009 22.500000000000004
decision_type=2 2 2 2 2 2 2 2 2 2 2 2 2 2 2 2 2 2 2 2 2 2 2 2 2 2 2 2 2 2
left_child=2 3 4 6 19 24 7 -2 -9 -8 -5 -12 13 18 -14 17 -17 -16 -3 20 -1 22 23 -21 -4 26 -26 -28 -7 -30
right_child=1 12 5 10 -6 28 9 8 -10 -11 11 -13 14 -15 15 16 -18 -19 -20 21 -22 -23 -24 -25 25 -27 27 -29 29 -31
leaf_value=-0.0056679687298396061 0.035151765171895194 -0.036179869046265432 -0.0069425864559381689 -0.0034577446625695622 0.0031752636975557616 -0.030129857112309723 0.072805524196221758 0.079832190980075629 0.037466892248226538 0.050078595295913568 -0.0058727343566715717 0.051473696611355993 -0.034514199332214703 0.030416943295858801 0.023466173825888999 -0.055869205505587161 0.027786472296429568 -0.04904940273198817 0.0040693156759847296 -0.018928730919287776 -0.072570860615143409 -0.046524793903032942 -0.022213395598989268 0.020158253949032062 -0.050244637447244979 -0.058618617408415855 0.039115425023962473 -0.029787664553698374 -0.03567167314399472 0.00045501469593385563
leaf_weight=34 261 44 344 197 2640 688 88 51 36 264 32 32 156 32 72 64 32 36 44 32 26 24 52 72 34 34 34 34 136 136
leaf_count=34 261 44 344 197 2640 688 88 51 36 264 32 32 156 32 72 64 32 36 44 32 26 24 52 72 34 34 34 34 136 136
internal_value=0 0.0183304 -0.00611438 0.036421 0.00169345 -0.02173 0.0488893 0.0419393 0.0623017 0.0557603 0.00298105 0.0228005 -0.0178884 -0.00366268 -0.0226303 -0.0135425 -0.027984 -0.000705685 -0.0160553 -0.0146065 -0.0346592 -0.00792232 -0.00198347 0.00813149 -0.012026 -0.0248839 -0.013639 0.00466388 -0.0265821 -0.0176083
internal_weight=0 1441 4320 961 2880 1440 700 348 87 352 261 64 480 120 360 204 96 108 88 240 60 180 156 104 480 136 102 68 960 272
internal_count=5761 1441 4320 961 2880 1440 700 348 87 352 261 64 480 120 360 204 96 108 88 240 60 180 156 104 480 136 102 68 960 272
is_linear=0
shrinkage=0.05


Tree=78
num_leaves=31
num_cat=0
split_feature=0 0 0 2 0 0 2 0 2 0 0 2 0 1 2 1 1 1 0 1 2 2 2 1 1 2 2 2 2 0
split_gain=233.094 340.845 190.144 144.645 26.1755 24.7657 19.6154 24.4647 40.506 35.0858 30.4858 36.6898 22.7043 17.9922 16.4335 46.2023 34.0894 13.5145 19.7662 15.7404 100.092 31.888 27.1766 49.2357 48.6216 47.9941 44.0723 22.8158 16.5231 15.9043
threshold=17.500000000000004 21.500000000000004 11.500000000000002 4.5000000000000009 2.5000000000000004 14.500000000000002 1.5000000000000002 6.5000000000000009 3.5000000000000004 8.5000000000000018 5.5000000000000009 4.5000000000000009 7.5000000000000009 37.500000000000007 4.5000000000000009 1.0000000180025095e-35 1.0000000180025095e-35 1.0000000180025095e-35 16.500000000000004 22.500000000000004 5.5000000000000009 4.5000000000000009 1.0000000180025095e-35 37.500000000000007 37.500000000000007 3.5000000000000004 1.5000000000000002 4.5000000000000009 2.5000000000000004 16.500000000000004
decision_type=2 2 2 2 2 2 2 2 2 2 2 2 2 2 2 2 2 2 2 2 2 2 2 2 2 2 2 2 2 2
left_child=2 3 4 -2 -1 -4 -6 10 12 -10 -8 13 -9 -12 15 -11 -16 18 -7 20 27 22 23 -21 26 28 -24 29 -26 -19
right_child=1 -3 5 -5 6 17 7 8 9 14 11 -13 -14 -15 16 -17 -18 19 -20 21 -22 -23 24 -25 25 -27 -28 -29 -30 -31
leaf_value=-0.0066474546770607258 0.046444815080679422 -0.016993942605501314 -0.014086413257237938 0.0028320002219714654 0.012262318646243229 -0.0036197159726483125 0.0024277221044581949 -0.042076075418541831 0.020762030934341827 -0.078163731760448885 0.056353662114440942 -0.0023137466488953903 -0.010684503536120044 0.009223360982206134 0.038002044590664849 -0.0026390054343659202 -0.0092003295587655774 -0.024937694909614186 -0.038767818907896684 0.050106134638190275 -0.13828634760187317 -0.0014524741609599078 -0.12580403368920087 -0.051172879408113658 -0.01503123760807748 -0.075631485658663289 -0.048660484883060434 0.013192632387357732 0.033340998380272477 -0.062180202125116837
leaf_weight=720 700 480 720 261 576 120 528 72 208 27 81 68 288 27 51 81 153 86 60 24 24 102 24 24 51 27 81 27 27 43
leaf_count=720 700 480 720 261 576 120 528 72 208 27 81 68 288 27 51 81 153 86 60 24 24 102 24 24 51 27 81 27 27 43
internal_value=0 0.0174139 -0.00580866 0.0345999 0.00160877 -0.0206435 0.00436085 0.00148759 -0.00407027 0.00485534 0.00843491 0.0264565 -0.0169628 0.0445711 -0.00574912 -0.0215202 0.00260026 -0.0272007 -0.0153358 -0.0311556 -0.0432281 -0.0251194 -0.0344761 -0.000533372 -0.0422344 -0.0181756 -0.0662933 -0.0286038 0.001713 -0.0373519
internal_weight=0 1441 4320 961 2880 1440 2160 1584 880 520 704 176 360 108 312 108 204 720 180 540 180 360 258 48 210 105 105 156 78 129
internal_count=5761 1441 4320 961 2880 1440 2160 1584 880 520 704 176 360 108 312 108 204 720 180 540 180 360 258 48 210 105 105 156 78 129
is_linear=0
shrinkage=0.05


Tree=79
num_leaves=31
num_cat=0
split_feature=0 0 0 2 0 0 0 1 2 0 0 2 2 0 0 1 2 0 1 2 0 2 2 1 2 0 1 1 0 2
split_gain=210.367 307.612 171.605 130.542 23.9723 22.7665 12.7076 17.9689 14.0701 26.3988 20.7511 22.03 17.3554 29.621 12.5569 17.0857 14.8648 21.1065 14.6695 16.7022 14.3767 12.4269 12.3049 28.5954 35.4266 23.1934 26.3573 22.2721 18.5586 18.4293
threshold=17.500000000000004 21.500000000000004 11.500000000000002 4.5000000000000009 1.5000000000000002 13.500000000000002 9.5000000000000018 37.500000000000007 1.0000000180025095e-35 6.5000000000000009 2.5000000000000004 4.5000000000000009 3.5000000000000004 5.5000000000000009 19.500000000000004 37.500000000000007 5.5000000000000009 18.500000000000004 22.500000000000004 5.5000000000000009 18.500000000000004 2.5000000000000004 3.5000000000000004 1.0000000180025095e-35 2.5000000000000004 18.500000000000004 22.500000000000004 1.0000000180025095e-35 18.500000000000004 1.0000000180025095e-35
decision_type=2 2 2 2 2 2 2 2 2 2 2 2 2 2 2 2 2 2 2 2 2 2 2 2 2 2 2 2 2 2
left_child=2 3 4 22 -1 -4 7 -6 9 -9 -10 12 21 -14 16 18 20 -18 19 -16 -5 -12 23 24 29 26 -25 -24 -29 -2
right_child=1 -3 5 14 6 -7 -8 8 10 -11 11 -13 13 -15 15 -17 17 -19 -20 -21 -22 -23 27 25 -26 -27 -28 28 -30 -31
leaf_value=-0.008671978760006218 0.083716694079339515 -0.016144246193143773 -0.010720332309914133 -0.046018653632038171 0.0081802053987247644 -0.024056880871988446 -0.0037081641391220423 -0.0060395507887005808 -0.035893787298566453 0.060291396950682009 -0.012376777578865281 0.015522301090615137 -0.072907286992779485 -0.0036274838364786575 0.042686136346310383 0.045510079711675644 0.038001384009839968 -0.019425846450030804 -0.024318418372422459 -0.0083992334810318436 -0.00032924028734366098 0.015085953000992065 -0.0029624058347609309 -0.015717512591029794 0.10983294981221359 0.047659689444967263 0.038199579354156465 0.078349160816934382 0.030482807019610467 0.038014298782382216
leaf_weight=480 32 480 480 36 1440 960 480 40 52 24 119 119 27 36 32 32 32 32 32 32 33 63 36 34 36 315 68 27 81 71
leaf_count=480 32 480 480 36 1440 960 480 40 52 24 119 119 27 36 32 32 32 32 32 32 33 63 36 34 36 315 68 27 81 71
internal_value=0 0.0165432 -0.00551823 0.0328699 0.00152834 -0.0196114 0.0035684 0.00538754 -0.00299046 0.0188346 -0.00634815 -0.00212735 -0.0107 -0.0333188 0.0026904 0.0138696 -0.00806857 0.00928777 0.00332283 0.0171435 -0.0241672 -0.00287045 0.0441226 0.0474962 0.0671362 0.0409496 0.0202272 0.0310964 0.0424494 0.0522131
internal_weight=0 1441 4320 961 2880 1440 2400 1920 480 64 416 364 245 63 261 128 133 64 96 64 69 182 700 556 139 417 102 144 108 103
internal_count=5761 1441 4320 961 2880 1440 2400 1920 480 64 416 364 245 63 261 128 133 64 96 64 69 182 700 556 139 417 102 144 108 103
is_linear=0
shrinkage=0.05


Tree=80
num_leaves=31
num_cat=0
split_feature=0 0 0 2 0 0 1 2 2 0 1 2 2 2 1 1 2 2 2 0 2 2 0 2 0 1 1 2 1 2
split_gain=189.856 277.62 154.873 117.814 22.2081 20.7844 12.1969 19.1771 22.6481 15.4537 14.2057 90.3329 28.7789 24.5269 44.4352 43.881 43.3147 39.7753 20.5913 15.5379 14.9121 14.9228 14.3536 14.5043 12.1873 13.0735 46.396 12.9364 34.7516 12.2953
threshold=17.500000000000004 21.500000000000004 11.500000000000002 4.5000000000000009 1.0000000180025095e-35 14.500000000000002 1.0000000180025095e-35 5.5000000000000009 2.5000000000000004 15.500000000000002 22.500000000000004 5.5000000000000009 4.5000000000000009 1.0000000180025095e-35 37.500000000000007 37.500000000000007 3.5000000000000004 1.5000000000000002 4.5000000000000009 15.500000000000002 2.5000000000000004 1.5000000000000002 16.500000000000004 2.5000000000000004 22.500000000000004 22.500000000000004 37.500000000000007 1.5000000000000002 22.500000000000004 4.5000000000000009
decision_type=2 2 2 2 2 2 2 2 2 2 2 2 2 2 2 2 2 2 2 2 2 2 2 2 2 2 2 2 2 2
left_child=2 3 4 -2 -1 -4 7 8 -7 -10 11 18 13 14 -12 17 20 -15 22 -19 21 -17 23 -8 25 -3 -27 28 -26 -29
right_child=1 24 5 -5 -6 6 10 -9 9 -11 12 -13 -14 15 -16 16 -18 19 -20 -21 -22 -23 -24 -25 27 26 -28 29 -30 -31
leaf_value=-0.013110242141410709 0.041916446443846719 -0.011634464462598165 -0.01262380002014753 0.0025558791936899743 0.0027757514330512619 3.122161825497945e-05 -0.0050644543468952178 0.02824235185980797 -0.0072137347801967903 -0.053542378631041013 0.04880367380877336 -0.13016918829331797 -0.00017700634860232765 -0.11831098408438266 -0.047411390844111639 0.015610266197472812 -0.070647065782988516 -0.075994441189147818 0.013735845257286673 -0.029539705550781004 0.032876789514665251 -0.038576480580700769 -0.05786835115489572 -0.046687286305758691 0.0099120267310782387 -0.066063839842875796 -0.0038840173438074999 0.010219969941061681 -0.061575900631792406 -0.017436778702540325
leaf_weight=240 700 120 720 261 2640 75 50 24 27 54 24 24 102 24 24 24 27 27 27 54 27 27 43 36 34 60 60 108 34 64
leaf_count=240 700 120 720 261 2640 75 50 24 27 54 24 24 102 24 24 24 27 27 27 54 27 27 43 36 34 60 60 108 34 64
internal_value=0 0.015716 -0.00524232 0.0312264 0.00145192 -0.0186308 -0.0246378 -0.0133661 -0.0197674 -0.0380995 -0.028395 -0.0398639 -0.0226606 -0.0315495 0.000696141 -0.0389199 -0.016064 -0.0617758 -0.0259707 -0.0450246 0.00283019 -0.0130768 -0.0342814 -0.022488 -0.015337 -0.0233042 -0.0349739 -0.00736987 -0.0258319 -7.09133e-05
internal_weight=0 1441 4320 961 2880 1440 720 180 156 81 540 180 360 258 48 210 105 105 156 81 78 51 129 86 480 240 120 240 68 172
internal_count=5761 1441 4320 961 2880 1440 720 180 156 81 540 180 360 258 48 210 105 105 156 81 78 51 129 86 480 240 120 240 68 172
is_linear=0
shrinkage=0.05


Tree=81
num_leaves=31
num_cat=0
split_feature=0 0 0 2 0 0 2 1 2 1 2 2 1 0 0 2 2 2 1 1 0 2 1 1 2 0 2 1 2 2
split_gain=171.345 250.552 140.408 106.327 17.7518 21.1596 12.7039 74.8279 17.0201 20.7188 47.9166 44.5093 20.256 16.1217 12.5303 16.166 13.4517 19.3377 14.8727 13.5801 13.046 12.6021 12.2989 20.5485 12.1161 11.9505 18.4455 24.7852 18.9816 17.8827
threshold=17.500000000000004 21.500000000000004 12.500000000000002 4.5000000000000009 1.0000000180025095e-35 10.500000000000002 1.0000000180025095e-35 22.500000000000004 2.5000000000000004 22.500000000000004 5.5000000000000009 5.5000000000000009 1.0000000180025095e-35 11.500000000000002 15.500000000000002 1.0000000180025095e-35 3.5000000000000004 4.5000000000000009 22.500000000000004 1.0000000180025095e-35 16.500000000000004 2.5000000000000004 37.500000000000007 22.500000000000004 1.0000000180025095e-35 20.500000000000004 2.5000000000000004 37.500000000000007 3.5000000000000004 1.0000000180025095e-35
decision_type=2 2 2 2 2 2 2 2 2 2 2 2 2 2 2 2 2 2 2 2 2 2 2 2 2 2 2 2 2 2
left_child=2 3 4 25 -1 -6 7 -7 -8 10 12 -11 13 -10 15 22 20 -18 19 -19 24 -22 23 -4 -16 -2 27 29 -28 -27
right_child=1 -3 14 -5 5 6 8 -9 9 11 -12 -13 -14 -15 16 -17 17 18 -20 -21 21 -23 -24 -25 -26 26 28 -29 -30 -31
leaf_value=-0.012454729048380008 0.036034405422605796 -0.014570181951736838 -0.042999772634357218 0.002428085945717905 0.0036155200501962106 -0.082687204238027334 0.0098177246181020417 0.025441670999862255 -0.063037557849936462 -0.0099974186220033873 0.055597305693663661 -0.077136090118438014 0.0075900701667975497 -0.008397749811410905 0.0194016270339489 -0.012404716595744667 -0.05629725622841053 -0.018442074740853378 -0.0077169805710368307 -0.06313065351808772 -0.0385354850422591 -0.0040362836275663642 -0.065442189077536267 0.013663250743411482 -0.015781116225899987 0.087628864062329143 0.096219893485411184 -0.0046524974589164441 0.044874612221287358 0.035756997146678196
leaf_weight=240 524 480 48 261 2400 32 136 32 27 108 32 32 54 27 32 624 72 34 68 34 100 36 24 24 104 24 36 26 36 54
leaf_count=240 524 480 48 261 2400 32 136 32 27 108 32 32 54 27 32 624 72 34 68 34 100 36 24 24 104 24 36 26 36 54
internal_value=0 0.0149302 -0.0049802 0.0296651 0.000610133 0.00169887 -0.00788437 -0.0286228 -0.00469385 -0.0117423 0.00185874 -0.0253434 -0.0140638 -0.0357177 -0.0195151 -0.0153434 -0.0257726 -0.0353444 -0.0242517 -0.0407864 -0.0184531 -0.0294033 -0.0344446 -0.0241121 -0.00750282 0.0398206 0.0510932 0.0376251 0.0705473 0.0517176
internal_weight=0 1441 4320 961 3120 2880 480 64 416 280 140 140 108 54 1200 720 480 208 136 68 272 136 96 72 136 700 176 104 72 78
internal_count=5761 1441 4320 961 3120 2880 480 64 416 280 140 140 108 54 1200 720 480 208 136 68 272 136 96 72 136 700 176 104 72 78
is_linear=0
shrinkage=0.05


Tree=82
num_leaves=31
num_cat=0
split_feature=0 0 0 2 0 0 2 0 2 0 0 2 0 1 2 1 1 1 2 2 1 1 2 1 0 2 1 0 0 0
split_gain=154.639 226.123 126.809 95.9604 19.4037 17.5074 17.4856 21.1801 36.7755 29.8429 27.0881 33.4073 20.9832 15.9317 14.6464 41.1483 30.5827 13.3909 12.6115 11.8623 49.1102 30.0052 29.5088 33.114 26.9264 21.8467 29.6259 18.8735 12.3414 12.0959
threshold=17.500000000000004 21.500000000000004 11.500000000000002 4.5000000000000009 2.5000000000000004 13.500000000000002 1.5000000000000002 6.5000000000000009 3.5000000000000004 8.5000000000000018 5.5000000000000009 4.5000000000000009 7.5000000000000009 37.500000000000007 4.5000000000000009 22.500000000000004 1.0000000180025095e-35 37.500000000000007 5.5000000000000009 3.5000000000000004 37.500000000000007 22.500000000000004 1.5000000000000002 1.0000000180025095e-35 1.5000000000000002 4.5000000000000009 1.0000000180025095e-35 1.5000000000000002 1.5000000000000002 1.0000000180025095e-35
decision_type=2 2 2 2 2 2 2 2 2 2 2 2 2 2 2 2 2 2 2 2 2 2 2 2 2 2 2 2 2 2
left_child=2 3 4 -2 19 -4 -6 10 12 -10 -8 13 -9 -12 15 -11 -16 -17 -13 20 22 25 23 -1 -24 26 -21 -23 -25 -27
right_child=1 -3 5 -5 6 -7 7 8 9 14 11 18 -14 -15 16 17 -18 -19 -20 21 -22 27 24 28 -26 29 -28 -29 -30 -31
leaf_value=0.027285072774975563 0.037829592624645948 -0.013841673360244992 -0.0090492701245239015 0.0023066823877451294 0.011155909494603596 -0.020744421839723751 0.0017845328488020286 -0.040615528749508994 0.018986439828474363 -0.051215386114738609 0.05280740497472846 -0.023319692143963445 -0.010437270770196645 0.0084579375055101186 0.035950062993694756 0.035408788477932968 -0.008758679417181104 -0.014388709322169978 0.019820536614861342 -0.091377731122904357 -0.030216014425398088 0.014681923616892443 0.010070149346979128 -0.010901217733044179 0.053312397927597725 -0.039362946459475689 -0.017308355702294245 -0.022210790497718756 -0.04893083986244165 -0.002837492629666539
leaf_weight=48 700 480 480 261 576 960 528 72 208 54 81 36 288 27 51 27 153 27 32 27 102 104 108 64 54 34 27 52 32 68
leaf_count=48 700 480 480 261 576 960 528 72 208 54 81 36 288 27 51 27 153 27 32 27 102 104 108 64 54 34 27 52 32 68
internal_value=0 0.0141837 -0.00473119 0.0281819 0.00132623 -0.016846 0.00369572 0.000982929 -0.00418839 0.00431628 0.00744708 0.0244347 -0.0164729 0.04172 -0.00546383 -0.0203527 0.00241851 0.01051 -0.00301841 -0.00578226 -0.000170022 -0.0131213 0.00984531 -0.00662348 0.0244842 -0.028627 -0.054343 0.00238435 -0.0235778 -0.0150126
internal_weight=0 1441 4320 961 2880 1440 2160 1584 880 520 704 176 360 108 312 108 204 54 68 720 408 312 306 144 162 156 54 156 96 102
internal_count=5761 1441 4320 961 2880 1440 2160 1584 880 520 704 176 360 108 312 108 204 54 68 720 408 312 306 144 162 156 54 156 96 102
is_linear=0
shrinkage=0.05


Tree=83
num_leaves=31
num_cat=0
split_feature=0 0 0 2 0 0 2 1 2 1 2 2 1 0 0 1 2 0 1 2 0 1 2 2 1 2 2 0 1 2
split_gain=139.562 204.076 114.48 86.6043 14.9241 17.6493 11.8668 67.5321 15.1191 18.8806 42.2826 39.9853 18.6137 14.5634 11.3326 15.4199 13.4155 19.0486 13.2393 15.0737 12.975 11.2235 21.0613 15.0044 11.0316 11.81 11.0035 11.0034 17.0585 13.8662
threshold=17.500000000000004 21.500000000000004 12.500000000000002 4.5000000000000009 1.0000000180025095e-35 10.500000000000002 1.0000000180025095e-35 22.500000000000004 2.5000000000000004 22.500000000000004 5.5000000000000009 5.5000000000000009 1.0000000180025095e-35 11.500000000000002 19.500000000000004 37.500000000000007 5.5000000000000009 18.500000000000004 22.500000000000004 5.5000000000000009 18.500000000000004 1.0000000180025095e-35 3.5000000000000004 5.5000000000000009 37.500000000000007 1.5000000000000002 5.5000000000000009 19.500000000000004 37.500000000000007 2.5000000000000004
decision_type=2 2 2 2 2 2 2 2 2 2 2 2 2 2 2 2 2 2 2 2 2 2 2 2 2 2 2 2 2 2
left_child=2 3 4 27 21 -6 7 -7 -8 10 12 -11 13 -10 16 18 20 -18 19 -16 -5 22 -1 24 25 -23 -3 28 -2 -30
right_child=1 26 -4 14 5 6 8 -9 9 11 -12 -13 -14 -15 15 -17 17 -19 -20 -21 -22 23 -24 -25 -26 -27 -28 -29 29 -31
leaf_value=-0.0042489131803021716 0.023242072861149224 -0.016118916251378745 -0.017619055860734079 -0.044082258207102619 0.0033019495768773291 -0.07860551041085273 0.0095599646214395775 0.024116917769424619 -0.059457305239306563 -0.009198934412388891 0.052703781612217428 -0.072834086220245814 0.0080235604886655463 -0.0075253982096910484 0.040187297388911247 0.042870043357834224 0.035736782499589025 -0.018819091003388168 -0.023467031121253968 -0.0083438030269462615 -0.00067730901593511755 -0.015393017476890238 -0.064029692629208934 -0.041987680271267896 -0.018324784920192683 0.021113483162803783 0.0061510371480835609 0.042171189114080999 0.065578198988063663 0.025048644468188289
leaf_weight=34 261 416 1200 36 2400 32 136 32 27 108 32 32 54 27 32 32 32 32 32 32 33 32 26 24 52 72 64 352 51 36
leaf_count=34 261 416 1200 36 2400 32 136 32 27 108 32 32 54 27 32 32 32 32 32 32 33 32 26 24 52 72 64 352 51 36
internal_value=0 0.0134745 -0.00449463 0.0267728 0.000553221 0.00155149 -0.00720082 -0.0272443 -0.00411721 -0.0107604 0.00222329 -0.0237441 -0.0127339 -0.0334914 0.00219135 0.0128116 -0.00802967 0.00845885 0.00279215 0.0159217 -0.0233234 -0.011426 -0.0301539 -0.00518333 0.000478881 0.00988071 -0.0131496 0.0359381 0.0296334 0.0488073
internal_weight=0 1441 4320 961 3120 2880 480 64 416 280 140 140 108 54 261 128 133 64 96 64 69 240 60 180 156 104 480 700 348 87
internal_count=5761 1441 4320 961 3120 2880 480 64 416 280 140 140 108 54 261 128 133 64 96 64 69 240 60 180 156 104 480 700 348 87
is_linear=0
shrinkage=0.05


Tree=84
num_leaves=31
num_cat=0
split_feature=0 0 0 2 0 0 2 2 1 1 1 0 1 2 1 2 0 0 1 2 0 0 0 0 0 0 0 2 0 2
split_gain=125.954 184.179 104.612 78.1604 19.2386 20.9739 11.4245 26.204 24.4564 41.4379 20.003 13.1988 41.6762 11.1839 22.5516 20.4727 46.8269 24.2625 22.1145 17.5466 16.7506 16.3406 42.096 24.3692 16.0323 12.6854 12.0045 49.4699 24.447 30.1501
threshold=17.500000000000004 21.500000000000004 13.500000000000002 4.5000000000000009 10.500000000000002 2.5000000000000004 1.0000000180025095e-35 1.5000000000000002 22.500000000000004 37.500000000000007 1.0000000180025095e-35 11.500000000000002 22.500000000000004 1.5000000000000002 22.500000000000004 1.0000000180025095e-35 6.5000000000000009 4.5000000000000009 1.0000000180025095e-35 1.0000000180025095e-35 8.5000000000000018 4.5000000000000009 6.5000000000000009 8.5000000000000018 6.5000000000000009 4.5000000000000009 6.5000000000000009 3.5000000000000004 5.5000000000000009 4.5000000000000009
decision_type=2 2 2 2 2 2 2 2 2 2 2 2 2 2 2 2 2 2 2 2 2 2 2 2 2 2 2 2 2 2
left_child=2 3 4 -2 5 -1 8 11 10 -10 -6 -8 -13 14 15 21 17 -17 -18 -16 24 -7 -23 -24 25 -21 28 -28 -15 -30
right_child=1 -3 -4 -5 6 13 7 -9 9 -11 -12 12 -14 26 19 16 18 -19 -20 20 -22 22 23 -25 -26 -27 27 -29 29 -31
leaf_value=-0.0054127748485188936 0.03414120703948928 -0.01249210989937031 -0.018826247823356731 0.0020817802462484189 -0.016372614353895188 -0.023666564348968678 0.04536316297017038 -0.0092542809012670525 0.048279995409150921 -0.044633348348240065 -0.080927112388114134 0.046382776717655366 -0.034313652614946476 0.0015302081377189043 0.013518872542772443 0.036098894709721212 0.03640633843770047 -0.025472276564687493 0.095188918104395281 0.0055933739058673382 -0.043990127113647762 0.064414635614957666 -0.036674782494083048 0.025031699647661301 0.026678023242857309 -0.038927370608871574 -0.018253537834081929 0.0087042281263655669 0.039468938664153769 -0.003032587260446128
leaf_weight=720 700 480 960 261 24 32 32 528 24 24 24 32 32 528 128 32 32 32 32 32 32 32 32 32 32 32 288 416 108 68
leaf_count=720 700 480 960 261 24 32 32 528 24 24 24 32 32 528 128 32 32 32 32 32 32 32 32 32 32 32 288 416 108 68
internal_value=0 0.0128008 -0.0042699 0.0254341 -0.000110946 0.00186489 -0.0073557 -0.0048853 -0.0234133 0.00182332 -0.0486499 0.0191441 0.00603456 0.00459402 0.0109223 0.0214159 0.0355555 0.00531331 0.0657976 0.000428674 -0.0126615 0.00727625 0.0175905 -0.00582154 -0.00221866 -0.016667 0.00229284 -0.00232395 0.00690963 0.0230479
internal_weight=0 1441 4320 961 3360 2640 720 624 96 48 48 96 64 1920 512 256 128 64 64 256 128 128 96 64 96 64 1408 704 704 176
internal_count=5761 1441 4320 961 3360 2640 720 624 96 48 48 96 64 1920 512 256 128 64 64 256 128 128 96 64 96 64 1408 704 704 176
is_linear=0
shrinkage=0.05


Tree=85
num_leaves=31
num_cat=0
split_feature=0 0 0 2 0 0 0 1 1 2 1 2 2 1 1 2 2 1 2 0 1 1 0 2 0 2 1 2 2 1
split_gain=113.674 166.221 94.4121 70.5397 17.3629 18.929 10.9991 11.7989 41.8724 11.4783 31.3633 11.5717 34.429 12.4213 26.5839 11.2309 10.6978 25.9883 31.3335 20.1351 23.0592 20.0865 17.3124 16.1444 10.672 20.7714 11.449 10.3107 23.6491 22.0719
threshold=17.500000000000004 21.500000000000004 13.500000000000002 4.5000000000000009 10.500000000000002 2.5000000000000004 22.500000000000004 22.500000000000004 37.500000000000007 1.5000000000000002 22.500000000000004 4.5000000000000009 5.5000000000000009 37.500000000000007 22.500000000000004 2.5000000000000004 3.5000000000000004 1.0000000180025095e-35 2.5000000000000004 18.500000000000004 22.500000000000004 1.0000000180025095e-35 18.500000000000004 1.0000000180025095e-35 20.500000000000004 5.5000000000000009 37.500000000000007 1.0000000180025095e-35 1.5000000000000002 22.500000000000004
decision_type=2 2 2 2 2 2 2 2 2 2 2 2 2 2 2 2 2 2 2 2 2 2 2 2 2 2 2 2 2 2
left_child=2 3 4 16 5 -1 7 15 -9 10 -8 13 -13 14 -11 -3 17 18 23 20 -19 -18 -23 -2 26 -26 -5 29 -29 -6
right_child=1 6 -4 24 27 -7 9 8 -10 11 -12 12 -14 -15 -16 -17 21 19 -20 -21 -22 22 -24 -25 25 -27 -28 28 -30 -31
leaf_value=-0.0051421365810124875 0.069754516705870628 -0.025842066008884175 -0.01788493531222533 0.0031506044949039923 -0.046217368030920629 0.0043643198596904163 0.012267565716277152 -0.060057968050241474 -0.00098713685137530164 0.0020955458179944091 -0.055645960350246992 -0.050943175563588738 0.022402083477936686 -0.016809755042885188 0.062859129243426848 0.0050261697348426377 -0.012056203548692995 -0.023589825085090364 0.094457568856887525 0.035590776124052585 0.026841223774039569 0.065743405523675455 0.019512134068358094 0.026979024996849857 -0.0087685898877680312 0.048200931772589689 -0.024733608489742084 0.018186889909945117 -0.0087915664420561927 0.0017321548114220303
leaf_weight=720 32 52 960 148 48 1920 34 60 60 54 34 32 32 27 27 68 36 34 36 315 68 27 81 71 32 32 49 96 528 48
leaf_count=720 32 52 960 148 48 1920 34 60 60 54 34 32 32 27 27 68 36 34 36 315 68 27 81 71 32 32 49 96 528 48
internal_value=0 0.0121608 -0.00405641 0.0241624 -0.000105399 0.00177165 -0.0118675 -0.0194363 -0.0305226 -0.0042987 -0.0216892 0.00257661 -0.0142705 0.0125601 0.0223501 -0.00835007 0.0324341 0.0355798 0.0543031 0.0293387 0.0100309 0.0202884 0.03107 0.0402685 0.00197769 0.0197162 -0.00378506 -0.00698791 -0.00464103 -0.0222426
internal_weight=0 1441 4320 961 3360 2640 480 240 120 240 68 172 64 108 81 120 700 556 139 417 102 144 108 103 261 64 197 720 624 96
internal_count=5761 1441 4320 961 3360 2640 480 240 120 240 68 172 64 108 81 120 700 556 139 417 102 144 108 103 261 64 197 720 624 96
is_linear=0
shrinkage=0.05


Tree=86
num_leaves=31
num_cat=0
split_feature=0 0 0 2 0 0 2 1 2 1 0 0 0 0 1 0 0 2 2 0 1 1 1 0 0 0 1 0 2 2
split_gain=102.591 150.015 85.2069 63.6621 15.67 17.2471 11.439 15.8954 19.8313 50.0915 30.4511 26.5299 19.1542 28.2823 22.2061 15.0328 14.367 44.6466 21.9583 37.9407 43.9223 21.3735 33.1419 20.4437 13.9857 12.5169 37.7469 62.4494 30.6243 23.4171
threshold=17.500000000000004 21.500000000000004 13.500000000000002 4.5000000000000009 10.500000000000002 3.5000000000000004 1.5000000000000002 22.500000000000004 1.0000000180025095e-35 1.0000000180025095e-35 6.5000000000000009 7.5000000000000009 8.5000000000000018 6.5000000000000009 37.500000000000007 7.5000000000000009 6.5000000000000009 3.5000000000000004 3.5000000000000004 4.5000000000000009 22.500000000000004 37.500000000000007 22.500000000000004 8.5000000000000018 8.5000000000000018 5.5000000000000009 22.500000000000004 4.5000000000000009 4.5000000000000009 4.5000000000000009
decision_type=2 2 2 2 2 2 2 2 2 2 2 2 2 2 2 2 2 2 2 2 2 2 2 2 2 2 2 2 2 2
left_child=2 3 4 -2 5 -1 7 8 -7 10 -10 -11 13 -9 -14 -15 18 21 19 20 -8 22 23 -18 -19 26 27 -20 -28 -27
right_child=1 -3 -4 -5 -6 6 16 12 9 11 -12 -13 14 15 -16 -17 17 24 25 -21 -22 -23 -24 -25 -26 29 28 -29 -30 -31
leaf_value=-0.0036631368118711788 0.030812439507937855 -0.011274128312943504 -0.016990689291221012 0.001878806883005347 -0.0066385150203778819 0.0061208883736981086 -0.047948146445883646 -0.0057552158483304087 -0.040137093203763172 0.099117554957047105 0.034367801202461128 0.02957486961580192 -0.050408221036195758 0.061387638724409048 0.008495909510179445 0.012922500493004918 -0.030413727043196559 0.017218593028911319 0.052964419140838659 0.035557205267509238 0.030156395449820496 0.0060333316938744651 -0.05312110177344747 0.0072651933400063873 -0.0011169903353640202 0.046771716367867255 -0.065670453011989594 -0.024525905056641654 -0.0086390732732765825 -0.0030991728034089594
leaf_weight=960 700 480 960 261 720 112 36 96 24 32 32 24 32 32 32 32 72 208 52 144 36 72 72 72 208 36 36 52 68 68
leaf_count=960 700 480 960 261 720 112 36 96 24 32 32 24 32 32 32 32 72 208 52 144 36 72 72 72 208 36 36 52 68 68
internal_value=0 0.0115527 -0.00385359 0.0229543 -0.000100129 0.00168307 0.00473804 0.0115799 0.0209981 0.0358753 0.00243713 0.0693135 0.00216174 0.0114089 -0.0209562 0.0371551 0.00225008 -0.00242597 0.00848481 0.0207395 -0.00889588 -0.0175591 -0.0254232 -0.0115743 0.0080508 7.93205e-07 -0.00708072 0.0142193 -0.0283807 0.0141638
internal_weight=0 1441 4320 961 3360 2640 1680 448 224 112 56 56 224 160 64 64 1232 704 528 216 72 288 216 144 416 312 208 104 104 104
internal_count=5761 1441 4320 961 3360 2640 1680 448 224 112 56 56 224 160 64 64 1232 704 528 216 72 288 216 144 416 312 208 104 104 104
is_linear=0
shrinkage=0.05


Tree=87
num_leaves=31
num_cat=0
split_feature=0 0 0 2 1 2 0 1 0 1 2 0 0 1 2 1 1 2 1 0 2 1 0 1 1 2 2 2 0 1
split_gain=92.5881 135.388 76.8992 57.6681 23.4544 28.2784 18.1719 20.8109 15.3513 33.3838 14.5703 14.1422 15.7212 12.882 10.1933 43.567 26.4942 25.9057 29.656 24.5787 19.9787 25.6698 17.4061 12.0857 10.1115 18.4476 12.1019 13.1936 83.18 38.2581
threshold=17.500000000000004 21.500000000000004 13.500000000000002 3.5000000000000004 1.0000000180025095e-35 2.5000000000000004 18.500000000000004 22.500000000000004 20.500000000000004 37.500000000000007 1.0000000180025095e-35 10.500000000000002 2.5000000000000004 22.500000000000004 3.5000000000000004 37.500000000000007 22.500000000000004 1.5000000000000002 1.0000000180025095e-35 1.5000000000000002 4.5000000000000009 1.0000000180025095e-35 1.5000000000000002 22.500000000000004 1.0000000180025095e-35 4.5000000000000009 2.5000000000000004 1.5000000000000002 22.500000000000004 22.500000000000004
decision_type=2 2 2 2 2 2 2 2 2 2 2 2 2 2 2 2 2 2 2 2 2 2 2 2 2 2 2 2 2 2
left_child=2 3 11 4 5 10 7 -6 -5 13 -2 12 14 -10 15 17 20 18 -1 -19 21 -16 -18 -20 25 -3 27 29 -29 -26
right_child=1 24 -4 8 6 -7 -8 -9 9 -11 -12 -13 -14 -15 16 -17 22 19 23 -21 -22 -23 -24 -25 26 -27 -28 28 -30 -31
leaf_value=0.026592472107828752 0.06472617010585964 -0.0099627042829524733 -0.016141154333187538 0.0018814656077349773 -0.023950955918296723 0.088194066666377094 0.032270615992269346 0.023958539907984876 0.022429453978314997 0.074493920236825939 0.024089447652894849 -0.0063065893180707161 0.0039617093965807725 -0.021528478026390074 -0.085140848159790047 -0.027798964415549066 0.014875030324149592 0.0098785121002475974 -0.039282190240919591 0.051192585454770817 -0.013056086054911801 -0.016193993224038018 -0.020554447113178099 -0.0038007721227283279 0.028502302178565194 0.034368998132413252 -0.0068836066753183503 -0.10742383862811107 0.016687808661825128 -0.036456509285113396
leaf_weight=48 32 88 960 305 34 36 315 68 50 25 71 720 1920 25 27 102 104 108 48 54 102 27 52 48 34 32 204 27 27 68
leaf_count=48 32 88 960 305 34 36 315 68 50 25 71 720 1920 25 27 102 104 108 48 54 102 27 52 48 34 32 204 27 27 68
internal_value=0 0.0109751 -0.00366091 0.0218066 0.0322602 0.0500473 0.0263312 0.00798871 0.00745545 0.0244561 0.0367144 -9.51223e-05 0.00159891 0.00777681 -0.00470187 0.000500591 -0.0115051 0.00993378 -0.00549683 0.0236499 -0.0260754 -0.0506674 0.0030652 -0.0215415 -0.0107104 0.00185908 -0.0149003 -0.0253836 -0.045368 -0.0148036
internal_weight=0 1441 4320 961 556 139 417 102 405 100 103 3360 2640 75 720 408 312 306 144 162 156 54 156 96 480 120 360 156 54 102
internal_count=5761 1441 4320 961 556 139 417 102 405 100 103 3360 2640 75 720 408 312 306 144 162 156 54 156 96 480 120 360 156 54 102
is_linear=0
shrinkage=0.05


Tree=88
num_leaves=31
num_cat=0
split_feature=0 0 0 2 0 0 2 1 1 2 0 1 2 2 0 1 0 2 1 2 2 2 1 2 2 0 0 2 2 1
split_gain=83.5607 122.188 69.4016 53.4 12.7633 14.3698 11.2444 13.6416 13.2682 26.6875 18.2709 13.5939 22.1331 11.6536 11.1678 9.72374 9.31188 16.8479 22.2452 15.2414 15.0726 12.5334 10.7406 21.8661 16.0019 23.9806 14.7652 9.30537 21.3433 19.9199
threshold=17.500000000000004 21.500000000000004 13.500000000000002 4.5000000000000009 10.500000000000002 1.5000000000000002 5.5000000000000009 22.500000000000004 37.500000000000007 2.5000000000000004 1.0000000180025095e-35 1.0000000180025095e-35 3.5000000000000004 2.5000000000000004 1.0000000180025095e-35 22.500000000000004 20.500000000000004 2.5000000000000004 37.500000000000007 1.0000000180025095e-35 3.5000000000000004 2.5000000000000004 22.500000000000004 1.0000000180025095e-35 1.5000000000000002 19.500000000000004 19.500000000000004 1.0000000180025095e-35 1.5000000000000002 22.500000000000004
decision_type=2 2 2 2 2 2 2 2 2 2 2 2 2 2 2 2 2 2 2 2 2 2 2 2 2 2 2 2 2 2
left_child=2 3 4 16 5 6 8 -8 11 10 -10 12 -1 -13 -11 -15 21 18 19 -18 -19 22 23 -2 25 -24 -25 29 -29 -6
right_child=1 -3 -4 -5 27 -7 7 -9 9 14 -12 13 -14 15 -16 -17 17 20 -20 -21 -22 -23 24 26 -26 -27 -28 28 -30 -31
leaf_value=0.0038741360665025082 0.049707838605778917 -0.010174901559991366 -0.015334096515355972 0.0014140162595558442 -0.043259246220501764 0.0032579158386808423 -0.048901217174716294 -0.0027329634991474453 -0.014868182554841042 -0.017137115835039705 -0.075317965641617787 -0.0030685444334521889 -0.04461028054356575 0.0056160581884560764 0.028339449343857945 0.03562183610715524 0.071496310620568701 0.079333227376143137 -0.015060661274653215 0.023608241119870435 0.033579352922323683 0.015337087274356573 0.046113860268484463 -0.0043511354071753367 0.062316842163757741 -0.005574002062134883 0.035053055607972464 0.01792480099708579 -0.0077047323853934582 0.0022928029454002781
leaf_weight=68 48 480 960 261 48 2160 32 32 25 27 25 100 36 54 27 54 24 36 26 54 36 216 66 70 54 34 36 96 528 48
leaf_count=68 48 480 960 261 48 2160 32 32 25 27 25 100 36 54 27 54 24 36 26 54 36 216 66 70 54 34 36 96 528 48
internal_value=0 0.0104263 -0.00347786 0.0207162 -9.03662e-05 0.00151897 -0.00630629 -0.0258171 -0.00330463 -0.0187711 -0.0450931 0.00185084 -0.0129089 0.00923073 0.00560117 0.0206189 0.0279132 0.0378638 0.0249921 0.038343 0.0564563 0.024571 0.0310468 0.0217098 0.0403838 0.02854 0.00903142 -0.00599126 -0.00376173 -0.0204832
internal_weight=0 1441 4320 961 3360 2640 480 64 416 104 50 312 104 208 54 108 700 176 104 78 72 524 308 154 154 100 106 720 624 96
internal_count=5761 1441 4320 961 3360 2640 480 64 416 104 50 312 104 208 54 108 700 176 104 78 72 524 308 154 154 100 106 720 624 96
is_linear=0
shrinkage=0.05


Tree=89
num_leaves=31
num_cat=0
split_feature=0 0 0 2 0 0 2 1 2 1 0 0 0 0 1 0 0 2 2 0 1 1 1 0 0 0 1 0 2 1
split_gain=75.4136 110.275 62.6349 48.1935 11.5189 13.4434 10.3237 14.3456 17.8978 45.2076 27.4821 23.9433 17.2867 25.5247 20.041 13.5671 12.9663 40.2935 19.8173 34.2415 39.6399 19.2896 29.9105 18.4504 12.6221 11.2965 34.0666 56.3606 27.6384 21.914
threshold=17.500000000000004 21.500000000000004 13.500000000000002 4.5000000000000009 10.500000000000002 3.5000000000000004 1.5000000000000002 22.500000000000004 1.0000000180025095e-35 1.0000000180025095e-35 6.5000000000000009 7.5000000000000009 8.5000000000000018 6.5000000000000009 37.500000000000007 7.5000000000000009 6.5000000000000009 3.5000000000000004 3.5000000000000004 4.5000000000000009 22.500000000000004 37.500000000000007 22.500000000000004 8.5000000000000018 8.5000000000000018 5.5000000000000009 22.500000000000004 4.5000000000000009 4.5000000000000009 1.0000000180025095e-35
decision_type=2 2 2 2 2 2 2 2 2 2 2 2 2 2 2 2 2 2 2 2 2 2 2 2 2 2 2 2 2 2
left_child=2 3 4 -2 5 -1 7 8 -7 10 -10 -11 13 -9 -14 -15 18 21 19 20 -8 22 23 -18 -19 26 27 -20 -28 -29
right_child=1 -3 -4 -5 -6 6 16 12 9 11 -12 -13 14 15 -16 -17 17 24 25 -21 -22 -23 -24 -25 -26 -27 28 29 -30 -31
leaf_value=-0.0032769702414225318 0.026517564271510183 -0.0096661558403866379 -0.014567391666199303 0.001343315614787041 -0.0056916969440903306 0.0054538610075334356 -0.045911719008452367 -0.0058284380958260355 -0.038491220151384675 0.093800694681704044 0.032288431236520414 0.027735143797084069 -0.048248792206868535 0.057957274746149784 0.0077101317176129676 0.011915396200492978 -0.029254022965000737 0.015996682723590099 0.049955218571882981 0.033418363795661009 0.028287595344914332 0.0053706836369302544 -0.050826027389201861 0.0065409523347625511 -0.0014221229668832027 0.013094652594568637 -0.062747913516230061 -0.056119133417422952 -0.0085680994150393163 0.0087979524181439322
leaf_weight=960 700 480 960 261 720 112 36 96 24 32 32 24 32 32 32 32 72 208 52 144 36 72 72 72 208 104 36 26 68 26
leaf_count=960 700 480 960 261 720 112 36 96 24 32 32 24 32 32 32 32 72 208 52 144 36 72 72 72 208 104 36 26 68 26
internal_value=0 0.00990503 -0.00330397 0.0196804 -8.58479e-05 0.00144302 0.00414016 0.0106399 0.0195872 0.0337206 0.00195429 0.0654869 0.00169267 0.0104775 -0.0202693 0.0349363 0.0017766 -0.00266565 0.00769959 0.0193416 -0.00881206 -0.0170421 -0.024513 -0.0113565 0.00728728 -0.000360228 -0.00708767 0.0131473 -0.0273227 -0.0236606
internal_weight=0 1441 4320 961 3360 2640 1680 448 224 112 56 56 224 160 64 64 1232 704 528 216 72 288 216 144 416 312 208 104 104 52
internal_count=5761 1441 4320 961 3360 2640 1680 448 224 112 56 56 224 160 64 64 1232 704 528 216 72 288 216 144 416 312 208 104 104 52
is_linear=0
shrinkage=0.05


Tree=90
num_leaves=31
num_cat=0
split_feature=0 0 0 2 1 2 0 1 0 1 1 2 2 0 1 2 0 0 2 1 1 2 2 1 1 0 1 0 2 1
split_gain=68.0608 99.5229 56.5709 43.945 21.504 25.2388 16.5716 17.6171 14.0809 23.6854 21.6498 20.0393 28.3208 16.6872 14.7813 11.7442 11.7021 11.6061 14.6423 13.4859 36.2984 12.1401 17.4523 13.4227 12.256 11.774 12.2522 11.1951 10.9348 9.6087
threshold=17.500000000000004 21.500000000000004 11.500000000000002 3.5000000000000004 1.0000000180025095e-35 2.5000000000000004 18.500000000000004 22.500000000000004 19.500000000000004 37.500000000000007 1.0000000180025095e-35 4.5000000000000009 5.5000000000000009 18.500000000000004 1.0000000180025095e-35 1.0000000180025095e-35 20.500000000000004 15.500000000000002 1.0000000180025095e-35 22.500000000000004 37.500000000000007 3.5000000000000004 4.5000000000000009 22.500000000000004 1.0000000180025095e-35 16.500000000000004 37.500000000000007 1.0000000180025095e-35 1.0000000180025095e-35 22.500000000000004
decision_type=2 2 2 2 2 2 2 2 2 2 2 2 2 2 2 2 2 2 2 2 2 2 2 2 2 2 2 2 2 2
left_child=2 3 27 4 5 15 7 -6 10 14 -5 13 -13 -12 -10 -2 -11 18 19 -4 -21 25 -23 24 -24 28 -27 -1 -19 -20
right_child=1 -3 17 8 6 -7 -8 -9 9 16 11 12 -14 -15 -16 -17 -18 21 29 20 -22 22 23 -25 -26 26 -28 -29 -30 -31
leaf_value=-0.0094320471529984705 0.057406231760978699 -0.0091828480408973224 -0.040029176746611488 -0.030911723206428668 -0.024758296927971327 0.08089167757166757 0.027816574434372823 0.019321930172907956 0.027870371501892807 0.021221261739730837 0.058728811586344687 -0.032875683224376513 0.020634280424565079 0.0031390257455684526 -0.0054252859503030777 0.020922751360061304 0.069599244320532314 0.0253369449172169 -0.0002610541615957538 0.030084874539170414 -0.045225336542353035 -0.046576992528409598 -0.010614570383639898 -0.00042573203990126356 -0.053068719366017515 -0.029692331834824059 0.0049658868242712581 0.0018469987746991109 -0.0080866595533174972 -0.011007642287250537
leaf_weight=240 32 480 64 52 34 36 315 68 50 25 27 51 48 27 100 71 25 32 416 32 32 72 34 68 34 102 34 2640 104 416
leaf_count=240 32 480 64 52 34 36 315 68 50 25 27 51 48 27 100 71 25 32 416 32 32 72 34 68 34 102 34 2640 104 416
internal_value=0 0.00940978 -0.00313877 0.0186964 0.0278218 0.0448533 0.0221447 0.00462852 0.00616867 0.0156075 -0.00303996 0.00643279 -0.00693146 0.0309339 0.00567327 0.0322574 0.0454103 -0.0112305 -0.0080564 -0.0237997 -0.00757023 -0.0175786 -0.0266718 -0.0161337 -0.0318416 -0.010625 -0.0210278 0.000907078 -0.000222282 -0.00563435
internal_weight=0 1441 4320 961 556 139 417 102 405 200 205 153 99 54 150 103 50 1440 960 128 64 480 208 136 68 272 136 2880 136 832
internal_count=5761 1441 4320 961 556 139 417 102 405 200 205 153 99 54 150 103 50 1440 960 128 64 480 208 136 68 272 136 2880 136 832
is_linear=0
shrinkage=0.05


Tree=91
num_leaves=31
num_cat=0
split_feature=0 0 0 2 1 2 0 1 0 1 1 2 2 0 1 2 0 0 0 2 0 1 2 0 2 2 1 1 2 0
split_gain=61.4248 89.8195 51.5305 39.6604 19.4074 22.7781 14.9558 15.8995 12.708 21.3761 19.539 18.0854 25.5595 15.0602 13.3402 10.5991 10.5612 9.55803 11.717 14.219 25.5926 9.12565 16.649 11.5242 10.922 12.728 51.831 45.9643 11.9072 75.0699
threshold=17.500000000000004 21.500000000000004 13.500000000000002 3.5000000000000004 1.0000000180025095e-35 2.5000000000000004 18.500000000000004 22.500000000000004 19.500000000000004 37.500000000000007 1.0000000180025095e-35 4.5000000000000009 5.5000000000000009 18.500000000000004 1.0000000180025095e-35 1.0000000180025095e-35 20.500000000000004 10.500000000000002 4.5000000000000009 1.0000000180025095e-35 5.5000000000000009 1.0000000180025095e-35 4.5000000000000009 22.500000000000004 2.5000000000000004 4.5000000000000009 37.500000000000007 37.500000000000007 1.5000000000000002 22.500000000000004
decision_type=2 2 2 2 2 2 2 2 2 2 2 2 2 2 2 2 2 2 2 2 2 2 2 2 2 2 2 2 2 2
left_child=2 3 17 4 5 15 7 -6 10 14 -5 13 -13 -12 -10 -2 -11 18 -1 20 -20 22 23 -3 28 27 -27 -26 -23 -30
right_child=1 21 -4 8 6 -7 -8 -9 9 16 11 12 -14 -15 -16 -17 -18 -19 19 -21 -22 24 -24 -25 25 26 -28 -29 29 -31
leaf_value=-0.0023191471771375895 0.054535917250905189 -0.026107355630533263 -0.013198147126143643 -0.029366136468552913 -0.023520381398060744 0.07684709452506569 0.0264257452424915 0.018355833919828431 0.026476852640509609 0.020160198748111726 0.05579236718239608 -0.031231898989747556 0.019602566181371611 0.0029820774440412171 -0.0051540230065584185 0.019876614540920292 0.066119282498955725 -0.005169348896080111 0.057856645481660966 0.0024217685394223036 0.0088739680533763028 -0.012612198963396104 0.034101746475789695 0.010080612476237795 0.029751694362817539 -0.044313547294223099 0.033621997991576794 -0.039443271358807881 -0.10060145097474259 0.017304617442466596
leaf_weight=1200 32 44 960 52 34 36 315 68 50 25 27 51 48 27 100 71 25 720 32 1248 160 102 32 44 72 64 32 36 27 27
leaf_count=1200 32 44 960 52 34 36 315 68 50 25 27 51 48 27 100 71 25 720 32 1248 160 102 32 44 72 64 32 36 27 27
internal_value=0 0.00893929 -0.00298183 0.0177616 0.0264308 0.0426107 0.0210374 0.0043971 0.00586023 0.0148271 -0.00288796 0.00611115 -0.00658489 0.0293872 0.0053896 0.0306446 0.0431397 -6.28849e-05 0.00132979 0.00437057 0.0170377 -0.00872371 0.00321733 -0.00801337 -0.012704 -0.00508823 -0.018335 0.00668671 -0.0226632 -0.0416484
internal_weight=0 1441 4320 961 556 139 417 102 405 200 205 153 99 54 150 103 50 3360 2640 1440 192 480 120 88 360 204 96 108 156 54
internal_count=5761 1441 4320 961 556 139 417 102 405 200 205 153 99 54 150 103 50 3360 2640 1440 192 480 120 88 360 204 96 108 156 54
is_linear=0
shrinkage=0.05


Tree=92
num_leaves=31
num_cat=0
split_feature=0 0 0 2 1 2 0 1 0 1 1 2 2 0 1 2 0 2 2 1 2 1 0 0 2 1 1 2 0 1
split_gain=55.4359 81.0621 46.5063 35.7935 17.5152 20.5572 13.4976 14.3493 11.4689 19.2919 17.6339 16.3221 23.0675 13.5918 12.0395 9.56573 9.53147 8.91359 27.5044 25.336 13.4305 18.294 8.62612 10.8027 10.1481 12.3116 11.9746 24.0855 16.8149 12.2685
threshold=17.500000000000004 21.500000000000004 13.500000000000002 3.5000000000000004 1.0000000180025095e-35 2.5000000000000004 18.500000000000004 22.500000000000004 19.500000000000004 37.500000000000007 1.0000000180025095e-35 4.5000000000000009 5.5000000000000009 18.500000000000004 1.0000000180025095e-35 1.0000000180025095e-35 20.500000000000004 4.5000000000000009 3.5000000000000004 22.500000000000004 5.5000000000000009 37.500000000000007 10.500000000000002 1.5000000000000002 5.5000000000000009 22.500000000000004 37.500000000000007 2.5000000000000004 1.0000000180025095e-35 1.0000000180025095e-35
decision_type=2 2 2 2 2 2 2 2 2 2 2 2 2 2 2 2 2 2 2 2 2 2 2 2 2 2 2 2 2 2
left_child=2 3 22 4 5 15 7 -6 10 14 -5 13 -13 -12 -10 -2 -11 18 -4 -19 21 -21 23 24 26 -26 29 28 -28 -1
right_child=1 -3 17 8 6 -7 -8 -9 9 16 11 12 -14 -15 -16 -17 -18 19 -20 20 -22 -23 -24 -25 25 -27 27 -29 -30 -31
leaf_value=-0.01179405444373305 0.051809122739359739 -0.0082875210667649902 -0.010424097406297841 -0.027897826990542503 -0.022344363338368783 0.073004740518000391 0.025104457617752138 0.017438042026889675 0.025153009712696073 0.019152186930179598 0.053002747010301665 -0.029670303928501469 0.018622437181572121 0.0028329726722505361 -0.0048963217809796337 0.018882782788763583 0.062813319630920891 -0.020135755031643547 -0.034998612068334801 0.050401589150230089 -0.0062814090430038053 -5.1515176892280584e-06 -0.0049108810556693552 0.0027710417653401642 -0.045986728463321927 -0.0021268830285407605 -0.013373363332822919 0.0057905385753622765 -0.071364610198885209 0.00923862654554586
leaf_weight=104 32 480 544 52 34 36 315 68 50 25 27 51 48 27 100 71 25 136 144 36 64 36 720 2160 32 32 25 54 25 208
leaf_count=104 32 480 544 52 34 36 315 68 50 25 27 51 48 27 100 71 25 136 144 36 64 36 720 2160 32 32 25 54 25 208
internal_value=0 0.00849232 -0.00283274 0.0168735 0.0251092 0.0404801 0.0199856 0.00417724 0.00556722 0.0140858 -0.00274357 0.00580559 -0.00625564 0.0279179 0.00512012 0.0291123 0.0409828 -0.0125382 -0.0155676 -0.00487574 0.0103843 0.0251982 -5.97403e-05 0.0012633 -0.00552155 -0.0240568 -0.00266997 -0.0173631 -0.042369 0.00222773
internal_weight=0 1441 4320 961 556 139 417 102 405 200 205 153 99 54 150 103 50 960 688 272 136 72 3360 2640 480 64 416 104 50 312
internal_count=5761 1441 4320 961 556 139 417 102 405 200 205 153 99 54 150 103 50 960 688 272 136 72 3360 2640 480 64 416 104 50 312
is_linear=0
shrinkage=0.05


Tree=93
num_leaves=31
num_cat=0
split_feature=0 0 0 2 1 2 0 1 0 1 1 2 2 0 1 2 0 1 2 2 2 2 1 1 2 0 1 2 2 2
split_gain=50.0309 73.1585 41.9719 32.3036 15.8074 18.5529 12.1816 12.9502 10.3507 17.411 15.9146 14.7307 20.8184 12.2666 10.8656 8.63307 8.60215 8.2359 15.0257 10.4058 9.85709 11.487 46.7775 41.4827 10.7462 67.7506 34.528 14.3687 8.04452 24.8228
threshold=17.500000000000004 21.500000000000004 13.500000000000002 3.5000000000000004 1.0000000180025095e-35 2.5000000000000004 18.500000000000004 22.500000000000004 19.500000000000004 37.500000000000007 1.0000000180025095e-35 4.5000000000000009 5.5000000000000009 18.500000000000004 1.0000000180025095e-35 1.0000000180025095e-35 20.500000000000004 1.0000000180025095e-35 4.5000000000000009 2.5000000000000004 2.5000000000000004 4.5000000000000009 37.500000000000007 37.500000000000007 1.5000000000000002 22.500000000000004 22.500000000000004 1.0000000180025095e-35 4.5000000000000009 3.5000000000000004
decision_type=2 2 2 2 2 2 2 2 2 2 2 2 2 2 2 2 2 2 2 2 2 2 2 2 2 2 2 2 2 2
left_child=2 3 -1 4 5 15 7 -6 10 14 -5 13 -13 -12 -10 -2 -11 18 19 -3 24 23 -23 -22 26 -26 -19 -28 29 -4
right_child=1 17 28 8 6 -7 -8 -9 9 16 11 12 -14 -15 -16 -17 -18 20 -20 -21 21 22 -24 -25 25 -27 27 -29 -30 -31
leaf_value=-5.6753631750845149e-05 0.049218666175147523 0.0071076219650701841 -0.009902893295357526 -0.026502935337619139 -0.021227143409059332 0.069354504181279072 0.023849234862644817 0.016566140371758274 0.023895360760390758 0.018194578647613525 0.050352610095783512 -0.028186790148417157 0.017691314414454005 0.0026913179291619196 -0.0046515047103166587 0.017938644271081602 0.05967265315027908 0.029573365936384485 0.032811038731597367 -0.027862479786078139 0.028678483712590404 -0.041683496377663692 0.032355274865403773 -0.037056729280286367 -0.095157000726019902 0.016853757444079277 -0.056515607563778762 -0.010468077411254247 -0.0046319526401074496 -0.033248680977622923
leaf_weight=3360 32 52 544 52 34 36 315 68 50 25 27 51 48 27 100 71 25 34 32 36 72 64 32 36 27 27 32 36 272 144
leaf_count=3360 32 52 544 52 34 36 315 68 50 25 27 51 48 27 100 71 25 34 32 36 72 64 32 36 27 27 32 36 272 144
internal_value=0 0.00806771 -0.0026911 0.0160298 0.0238538 0.0384561 0.0189863 0.00396838 0.00528886 0.0133815 -0.00260639 0.00551531 -0.00594286 0.026522 0.00486412 0.0276567 0.0389336 -0.00787314 0.00347084 -0.00719833 -0.0116545 -0.00441944 -0.0170039 0.00676675 -0.0211157 -0.0391516 -0.0115672 -0.0321375 -0.0119113 -0.0147892
internal_weight=0 1441 4320 961 556 139 417 102 405 200 205 153 99 54 150 103 50 480 120 88 360 204 96 108 156 54 102 68 960 688
internal_count=5761 1441 4320 961 556 139 417 102 405 200 205 153 99 54 150 103 50 480 120 88 360 204 96 108 156 54 102 68 960 688
is_linear=0
shrinkage=0.05


Tree=94
num_leaves=31
num_cat=0
split_feature=0 0 0 2 1 2 0 1 0 0 1 1 2 2 0 2 0 0 2 2 0 2 1 1 2 2 1 1 0 2
split_gain=45.1529 66.0256 38.6522 29.154 14.2662 16.744 10.9939 11.6876 9.4602 9.34153 15.7134 14.3629 13.2945 18.7886 11.0706 10.0497 24.8493 10.6134 26.7402 22.3459 8.94231 13.3974 12.171 32.7593 10.2834 12.7141 10.9068 11.0611 10.6261 11.3734
threshold=17.500000000000004 21.500000000000004 11.500000000000002 3.5000000000000004 1.0000000180025095e-35 2.5000000000000004 18.500000000000004 22.500000000000004 1.0000000180025095e-35 19.500000000000004 37.500000000000007 1.0000000180025095e-35 4.5000000000000009 5.5000000000000009 18.500000000000004 5.5000000000000009 20.500000000000004 20.500000000000004 4.5000000000000009 4.5000000000000009 15.500000000000002 1.0000000180025095e-35 22.500000000000004 37.500000000000007 3.5000000000000004 4.5000000000000009 22.500000000000004 1.0000000180025095e-35 16.500000000000004 2.5000000000000004
decision_type=2 2 2 2 2 2 2 2 2 2 2 2 2 2 2 2 2 2 2 2 2 2 2 2 2 2 2 2 2 2
left_child=2 3 8 4 5 -2 7 -6 -1 11 15 -5 14 -14 -13 17 -17 18 -11 -19 21 22 -4 -24 28 -26 27 -27 -22 -30
right_child=1 -3 20 9 6 -7 -8 -9 -10 10 -12 12 13 -15 -16 16 -18 19 -20 -21 24 -23 23 -25 25 26 -28 -29 29 -31
leaf_value=-0.0087165906939965978 0.026273875209747014 -0.0074794876363982136 -0.03693616534874309 -0.02517779195824495 -0.020165789094479646 0.0658867809507582 0.022656773354503373 0.015737831860999852 0.0016517411545999385 -0.0045067035765559591 0.03698693562299013 0.047834982364266004 -0.026777450685553691 0.016806751497400307 0.0025567542623590542 -0.050220585986971857 0.021730422911544645 0.028574275059832469 0.068028713762760165 -0.037733875587582594 0.0014650879994459341 -0.0041421568919199321 0.029672184272203597 -0.041872514225542549 -0.040175871420392972 -0.0081855490365449115 -3.2153473619152518e-05 -0.048516995678929725 -0.026975665198406207 0.0057985765135122672
leaf_weight=240 103 480 64 52 34 36 315 68 2640 27 50 27 51 48 27 24 24 27 24 24 136 832 32 32 72 34 68 34 100 36
leaf_count=240 103 480 64 52 34 36 315 68 2640 27 50 27 51 48 27 24 24 27 24 24 136 832 32 32 72 34 68 34 100 36
internal_value=0 0.00766432 -0.00255655 0.0152283 0.0226611 0.0365333 0.018037 0.00376996 0.000787714 0.00502442 0.0127124 -0.00247607 0.00523955 -0.00564572 0.0251959 0.00462091 -0.0142451 0.013499 0.0296276 -0.00262956 -0.00924507 -0.00645896 -0.0215182 -0.00610016 -0.0148173 -0.0231862 -0.0141917 -0.0283513 -0.00841752 -0.0183001
internal_weight=0 1441 4320 961 556 139 417 102 2880 405 200 205 153 99 54 150 48 102 51 51 1440 960 128 64 480 208 136 68 272 136
internal_count=5761 1441 4320 961 556 139 417 102 2880 405 200 205 153 99 54 150 48 102 51 51 1440 960 128 64 480 208 136 68 272 136
is_linear=0
shrinkage=0.05


Tree=95
num_leaves=31
num_cat=0
split_feature=0 0 0 2 1 2 0 1 0 2 0 0 2 1 1 2 0 1 1 1 0 2 2 0 2 0 1 2 2 2
split_gain=40.7505 59.5881 35.1183 26.3115 12.8752 15.1114 9.922 10.548 9.69661 12.8326 23.0973 9.66547 18.8585 28.1385 68.2484 13.4584 16.8343 52.2787 48.1569 19.944 10.1977 9.28075 11.4745 10.3697 19.0067 9.59002 11.0576 9.86866 8.47662 25.6596
threshold=17.500000000000004 21.500000000000004 10.500000000000002 3.5000000000000004 1.0000000180025095e-35 2.5000000000000004 18.500000000000004 22.500000000000004 4.5000000000000009 1.0000000180025095e-35 5.5000000000000009 15.500000000000002 1.0000000180025095e-35 22.500000000000004 37.500000000000007 1.5000000000000002 11.500000000000002 22.500000000000004 37.500000000000007 1.0000000180025095e-35 12.500000000000002 3.5000000000000004 4.5000000000000009 16.500000000000004 5.5000000000000009 16.500000000000004 37.500000000000007 1.0000000180025095e-35 4.5000000000000009 5.5000000000000009
decision_type=2 2 2 2 2 2 2 2 2 2 2 2 2 2 2 2 2 2 2 2 2 2 2 2 2 2 2 2 2 2
left_child=2 3 8 4 5 -2 7 -6 28 10 -10 12 13 20 -15 16 -14 19 -19 -18 -4 25 -23 24 -24 27 -27 -13 -1 -30
right_child=1 -3 11 -5 6 -7 -8 -9 9 -11 -12 21 15 14 -16 -17 17 18 -20 -21 -22 22 23 -25 -26 26 -28 -29 29 -31
leaf_value=-0.0047942487596599175 0.024960180965152762 -0.0071055137551350837 -0.064493555482476955 0.0047731968530534234 -0.019157498513403187 0.062592439001633068 0.021523935131817346 0.014950938833713094 0.054745511943474413 0.0020823794762784534 0.0082119683945347782 0.025673102401196957 0.042553171562030916 0.045488219712860885 -0.046875478122383359 -0.0056481367180822419 0.0060496996156871319 -0.073318889550864699 0.013425061749876477 0.061873121047392489 -0.028054268619356056 -0.038167079289754234 -0.002366107629819049 0.00032440200448036194 -0.055326519114896659 -0.025616448390863689 0.0073088549515780282 -0.0060793245840334124 0.017481782999303606 -0.010037588727427646
leaf_weight=860 103 480 32 405 34 36 315 68 32 1248 160 32 32 40 40 880 32 32 32 32 48 72 36 68 32 102 34 104 180 160
leaf_count=860 103 480 32 405 34 36 315 68 32 1248 160 32 32 40 40 880 32 32 32 32 48 72 36 68 32 102 34 104 180 160
internal_value=0 0.00728111 -0.00242872 0.0144669 0.021528 0.0347067 0.0171351 0.00358146 0.00116751 0.00393374 0.0159676 -0.00807994 -0.00568135 -0.0216618 -0.000693629 -0.00322282 0.0101164 0.00200725 -0.0299469 0.0339614 -0.04263 -0.0140764 -0.0220269 -0.0134821 -0.0272887 -0.00799664 -0.0173851 0.00139183 -0.00215196 0.00453149
internal_weight=0 1441 4320 961 556 139 417 102 2640 1440 192 1680 1200 160 80 1040 160 128 64 64 80 480 208 136 68 272 136 136 1200 340
internal_count=5761 1441 4320 961 556 139 417 102 2640 1440 192 1680 1200 160 80 1040 160 128 64 64 80 480 208 136 68 272 136 136 1200 340
is_linear=0
shrinkage=0.05


Tree=96
num_leaves=31
num_cat=0
split_feature=0 0 0 2 1 2 0 0 1 0 2 1 1 2 0 1 1 1 0 1 2 2 0 1 1 2 2 1 1 0
split_gain=36.7773 53.7782 31.6943 23.7461 11.6199 13.6381 9.09861 8.95461 9.5196 8.72308 17.0198 25.395 61.5942 12.1462 15.1929 47.1815 43.4616 17.9995 9.2034 8.64945 15.505 12.3032 8.45558 18.6993 9.97014 8.37588 10.3557 9.84341 9.9826 8.65499
threshold=17.500000000000004 21.500000000000004 10.500000000000002 3.5000000000000004 1.0000000180025095e-35 2.5000000000000004 1.0000000180025095e-35 18.500000000000004 22.500000000000004 15.500000000000002 1.0000000180025095e-35 22.500000000000004 37.500000000000007 1.5000000000000002 11.500000000000002 22.500000000000004 37.500000000000007 1.0000000180025095e-35 12.500000000000002 1.0000000180025095e-35 3.5000000000000004 5.5000000000000009 20.500000000000004 37.500000000000007 22.500000000000004 3.5000000000000004 4.5000000000000009 22.500000000000004 1.0000000180025095e-35 16.500000000000004
decision_type=2 2 2 2 2 2 2 2 2 2 2 2 2 2 2 2 2 2 2 2 2 2 2 2 2 2 2 2 2 2
left_child=2 3 6 4 5 -2 19 8 -6 10 11 18 -13 14 -12 17 -17 -16 -4 20 -1 -21 -5 24 -24 29 -27 28 -28 -11
right_child=1 -3 9 22 7 -7 -8 -9 -10 25 13 12 -14 -15 15 16 -18 -19 -20 21 -22 -23 23 -25 -26 26 27 -29 -30 -31
leaf_value=-0.0023869808982400335 0.023712171936516188 -0.0067502372258847268 -0.061268879167619167 0.0003977386381660329 -0.018199623166583478 0.0594628201590644 0.0020373668322718002 0.020447737717675787 0.014203393277164331 0.0013222426518469173 0.040425513428635901 0.043213810666929933 -0.044531704690307379 -0.0053657295385544958 0.0057472164509817965 -0.069652945548295972 0.012753809592686594 0.058779457211494447 -0.026651555198865636 0.0024343287930465663 -0.053679698003599279 -0.036020213210334377 0.017559349238872531 0.054601013243198396 -0.02111261710524559 -0.036258724911345373 -0.0071021659409298615 0.00064356065190890256 -0.045417036685873484 -0.016515868320129811
leaf_weight=34 103 480 32 305 34 36 2400 315 68 136 32 40 40 880 32 32 32 32 48 156 26 24 50 25 25 72 34 68 34 136
leaf_count=34 103 480 32 305 34 36 2400 315 68 136 32 40 40 880 32 32 32 32 48 156 26 24 50 25 25 72 34 68 34 136
internal_value=0 0.00691705 -0.00230728 0.0137436 0.0204516 0.0329713 0.00110914 0.0162784 0.00340239 -0.00767595 -0.00539728 -0.0205787 -0.000658947 -0.00306168 0.00961061 0.00190688 -0.0284496 0.0322633 -0.0404985 -0.00817316 -0.0246138 -0.00269294 0.00453454 0.0171518 0.00466869 -0.0133726 -0.0209256 -0.012808 -0.0262596 -0.00759681
internal_weight=0 1441 4320 961 556 139 2640 417 102 1680 1200 160 80 1040 160 128 64 64 80 240 60 180 405 100 75 480 208 136 68 272
internal_count=5761 1441 4320 961 556 139 2640 417 102 1680 1200 160 80 1040 160 128 64 64 80 240 60 180 405 100 75 480 208 136 68 272
is_linear=0
shrinkage=0.05


Tree=97
num_leaves=31
num_cat=0
split_feature=0 0 0 2 2 0 1 2 2 1 2 0 0 1 2 2 2 0 2 0 2 1 0 0 1 2 2 1 2 1
split_gain=33.1915 48.5349 28.6951 22.0142 7.99593 6.82313 7.80613 13.9933 11.1037 8.25918 9.18074 7.0708 13.0193 16.7283 27.7468 61.8976 52.5477 42.9405 22.8438 58.0429 52.2279 41.9187 17.2834 11.856 10.8466 38.6254 21.1045 66.5668 63.3079 23.9003
threshold=17.500000000000004 21.500000000000004 12.500000000000002 4.5000000000000009 5.5000000000000009 1.0000000180025095e-35 1.0000000180025095e-35 3.5000000000000004 5.5000000000000009 37.500000000000007 1.5000000000000002 7.5000000000000009 5.5000000000000009 22.500000000000004 4.5000000000000009 2.5000000000000004 1.5000000000000002 6.5000000000000009 4.5000000000000009 6.5000000000000009 2.5000000000000004 1.0000000180025095e-35 6.5000000000000009 6.5000000000000009 37.500000000000007 4.5000000000000009 3.5000000000000004 22.500000000000004 1.5000000000000002 22.500000000000004
decision_type=2 2 2 2 2 2 2 2 2 2 2 2 2 2 2 2 2 2 2 2 2 2 2 2 2 2 2 2 2 2
left_child=2 3 5 -2 -3 6 7 -1 9 10 -8 12 24 18 15 16 17 -15 20 -20 21 -14 -17 -22 26 -26 27 -7 -29 -28
right_child=1 4 -4 -5 -6 11 8 -9 -10 -11 -12 -13 13 14 -16 22 -18 -19 19 -21 23 -23 -24 -25 25 -27 29 28 -30 -31
leaf_value=-0.002267629872350132 0.017677356431776259 -0.0089439302820839943 -0.0087627230234987429 0.00066304701912106231 0.010040106893575285 -0.0030128166583531044 -0.011835821892600507 -0.050995716459762599 -0.034219201033314071 -0.013957526950308911 0.020351458164966769 -0.0019210839743803564 0.00070510721229948112 -0.027804067279794255 -0.02630889738964684 0.071265316578663071 -0.06235869464774927 0.054107138467952613 -0.0022632276748909669 0.090125711043091389 -0.0024825330823659898 0.065449721239507194 0.022270717513230114 -0.04306164337968868 -0.019193926724756876 0.020620330370524353 0.0030615363814509833 0.0029435498872771859 0.06407392441398567 -0.02319547858089209
leaf_weight=34 700 416 1200 261 64 340 32 26 24 52 72 1200 50 32 68 36 36 32 34 34 36 50 36 36 215 85 260 80 90 130
leaf_count=34 700 416 1200 261 64 340 32 26 24 52 72 1200 50 32 68 36 36 32 34 34 36 50 36 36 215 85 260 80 90 130
internal_value=0 0.0065712 -0.00219192 0.0130564 -0.00641273 0.000335311 -0.00776451 -0.0233831 -0.0025583 0.00231261 0.0104477 0.0010103 0.00310414 0.0100637 0.000729489 0.0114191 -0.0140321 0.0131515 0.0193978 0.0439312 0.00969855 0.0330774 0.046768 -0.0227721 0.000320334 -0.00791322 0.00306485 0.00976035 0.0353067 -0.0056908
internal_weight=0 1441 4320 961 480 3120 240 60 180 156 104 2880 1680 480 240 172 100 64 240 68 172 100 72 72 1200 300 900 510 170 390
internal_count=5761 1441 4320 961 480 3120 240 60 180 156 104 2880 1680 480 240 172 100 64 240 68 172 100 72 72 1200 300 900 510 170 390
is_linear=0
shrinkage=0.05


Tree=98
num_leaves=31
num_cat=0
split_feature=0 0 0 2 1 2 0 2 1 0 1 1 2 2 0 1 2 0 1 2 0 2 2 1 1 2 0 1 2 2
split_gain=29.9554 43.8027 26.273 19.9051 10.487 12.3084 8.08153 8.93674 22.5307 7.9399 13.0532 12.9574 11.3116 16.9567 9.99125 9.45977 7.79134 7.78281 7.4329 13.2242 10.4006 8.64726 10.8074 42.2167 37.4382 9.69848 61.1449 31.1615 12.9677 7.99964
threshold=17.500000000000004 21.500000000000004 13.500000000000002 3.5000000000000004 1.0000000180025095e-35 2.5000000000000004 18.500000000000004 2.5000000000000004 22.500000000000004 19.500000000000004 37.500000000000007 1.0000000180025095e-35 4.5000000000000009 5.5000000000000009 18.500000000000004 1.0000000180025095e-35 1.0000000180025095e-35 18.500000000000004 1.0000000180025095e-35 4.5000000000000009 22.500000000000004 2.5000000000000004 4.5000000000000009 37.500000000000007 37.500000000000007 1.5000000000000002 22.500000000000004 22.500000000000004 1.0000000180025095e-35 3.5000000000000004
decision_type=2 2 2 2 2 2 2 2 2 2 2 2 2 2 2 2 2 2 2 2 2 2 2 2 2 2 2 2 2 2
left_child=2 3 -1 4 5 16 7 8 -6 11 15 -5 14 17 -13 -11 -2 -14 19 20 -3 25 24 -24 29 27 -27 -20 -29 -23
right_child=1 18 -4 9 6 -7 -8 -9 -10 10 -12 12 13 -15 -16 -17 -18 -19 21 -21 -22 22 23 -25 -26 26 -28 28 -30 -31
leaf_value=1.9223723185340142e-06 0.04212655515002553 -0.022513734718615359 -0.009377188579334568 -0.024505077130519429 -0.027527917056344449 0.055605807900428773 0.01854148281028583 -0.022318140527716392 0.030606490977108481 0.021442548796534538 0.033184549748897556 0.044300819326330121 -0.04414549166405643 0.01567471148640228 0.001286500030093723 -0.0051935725584626204 0.012410535174094036 -0.0050131545091668768 0.02960865682757953 0.032209840219002216 0.011864830782129007 0.012092230727689134 -0.038559964465093799 0.03177686533308588 -0.033689937574995887 -0.088885190377563802 0.017525025181196356 -0.052175870677456264 -0.0084307179682784616 0.045424809534516601
leaf_weight=3360 32 44 960 52 25 36 315 27 50 50 50 27 27 48 27 100 71 24 34 32 44 36 64 32 36 27 27 32 36 36
leaf_count=3360 32 44 960 52 25 36 315 27 50 50 50 27 27 48 27 100 71 24 34 32 44 36 64 32 36 27 27 32 36 36
internal_value=0 0.00624264 -0.00208232 0.0124036 0.0185452 0.0304389 0.0145806 0.0023484 0.0112284 0.00397218 0.01106 -0.00294275 0.00438562 -0.00565513 0.0227937 0.00368513 0.0216427 -0.0257303 -0.00609209 0.00468469 -0.00532445 -0.00968435 -0.00290785 -0.0151144 0.00794237 -0.0185459 -0.0356801 -0.0094749 -0.0290167 0.0287585
internal_weight=0 1441 4320 961 556 139 417 102 75 405 200 205 153 99 54 150 103 51 480 120 88 360 204 96 108 156 54 102 68 72
internal_count=5761 1441 4320 961 556 139 417 102 75 405 200 205 153 99 54 150 103 51 480 120 88 360 204 96 108 156 54 102 68 72
is_linear=0
shrinkage=0.05


Tree=99
num_leaves=31
num_cat=0
split_feature=0 0 0 2 1 2 0 2 2 1 0 1 2 1 1 0 0 1 1 2 0 2 2 2 0 0 1 2 1 2
split_gain=27.0347 39.5319 24.3496 17.9643 9.46449 11.1083 7.94215 7.8175 9.1556 20.5416 54.6502 10.6058 8.66429 24.4557 67.481 15.3715 13.5966 21.6293 49.1293 32.4521 18.4689 20.483 12.9516 13.1454 8.68591 8.24569 10.7581 7.78274 12.4078 17.6556
threshold=17.500000000000004 21.500000000000004 10.500000000000002 3.5000000000000004 1.0000000180025095e-35 2.5000000000000004 3.5000000000000004 3.5000000000000004 4.5000000000000009 37.500000000000007 14.500000000000002 22.500000000000004 1.0000000180025095e-35 22.500000000000004 37.500000000000007 12.500000000000002 14.500000000000002 37.500000000000007 22.500000000000004 1.5000000000000002 16.500000000000004 2.5000000000000004 2.5000000000000004 1.5000000000000002 15.500000000000002 13.500000000000002 1.0000000180025095e-35 1.5000000000000002 22.500000000000004 1.0000000180025095e-35
decision_type=2 2 2 2 2 2 2 2 2 2 2 2 2 2 2 2 2 2 2 2 2 2 2 2 2 2 2 2 2 2
left_child=2 3 6 4 5 -2 -1 12 9 11 -11 25 13 15 -15 -4 -14 18 20 -20 21 24 23 -19 -18 26 -9 28 29 -8
right_child=1 -3 7 -5 -6 -7 27 8 -10 10 -12 -13 16 14 -16 -17 17 22 19 -21 -22 -23 -24 -25 -26 -27 -28 -29 -30 -31
leaf_value=-0.0026116007502605502 0.020560561360574318 -0.0057874850114846294 -0.058109476539539177 0.0037735717031920769 0.013851556924484559 0.052825516823213549 0.0030165211476352333 -0.025704995349601464 -0.0065043553749115027 0.046764841344621444 -0.047338041552790894 -0.043282882612021199 0.0048623267754849698 0.043031219938503847 -0.034590224376214403 -0.017106298042926939 0.045834150209146385 0.025956534295498088 -0.097323085553944116 -0.027445717469823584 -0.024676216006852117 -0.01867791155560149 0.041858383240523163 -0.024900999334123403 0.010094250037389644 -0.029234443149632878 0.018929559378712268 0.0010372156450622631 0.00041181975643017469 0.031091392647795146
leaf_weight=960 103 480 32 405 417 36 112 27 476 36 27 63 416 56 56 80 34 24 24 54 52 36 27 27 34 72 27 1232 224 112
leaf_count=960 103 480 32 405 417 36 112 27 476 36 27 63 416 56 56 80 34 24 24 54 52 36 27 27 34 72 27 1232 224 112
internal_value=0 0.00593051 -0.00197821 0.0117834 0.0176179 0.028917 0.00101631 -0.00668387 -0.0105842 -0.0182906 0.00643503 -0.0265325 -0.00370126 -0.0123005 0.0042205 -0.0288215 -0.00105534 -0.00894557 -0.0165463 -0.0489464 -0.000346169 0.0118189 0.0138565 -0.000968042 0.0279642 -0.0181573 -0.00338772 0.0030894 0.00873289 0.017054
internal_weight=0 1441 4320 961 556 139 2640 1680 728 252 63 189 952 224 112 112 728 312 234 78 156 104 78 51 68 126 54 1680 448 224
internal_count=5761 1441 4320 961 556 139 2640 1680 728 252 63 189 952 224 112 112 728 312 234 78 156 104 78 51 68 126 54 1680 448 224
is_linear=0
shrinkage=0.05


Tree=100
num_leaves=31
num_cat=0
split_feature=0 0 0 2 0 2 0 2 2 0 1 1 1 1 2 2 0 1 0 1 1 2 2 2 1 0 1 2 0 1
split_gain=24.3988 35.6776 21.9755 16.5858 7.25507 11.3804 21.4945 8.39775 22.0864 24.7461 18.5994 14.8157 32.4696 13.3137 34.7455 38.0181 36.7794 10.3264 42.8254 30.1638 19.6214 7.08724 7.05529 8.26293 18.5388 49.3218 9.57171 7.91356 11.5466 9.02758
threshold=17.500000000000004 21.500000000000004 10.500000000000002 4.5000000000000009 4.5000000000000009 1.0000000180025095e-35 5.5000000000000009 4.5000000000000009 5.5000000000000009 1.0000000180025095e-35 37.500000000000007 1.0000000180025095e-35 22.500000000000004 22.500000000000004 3.5000000000000004 1.5000000000000002 1.5000000000000002 37.500000000000007 1.5000000000000002 22.500000000000004 1.0000000180025095e-35 5.5000000000000009 3.5000000000000004 4.5000000000000009 37.500000000000007 14.500000000000002 22.500000000000004 2.5000000000000004 16.500000000000004 1.0000000180025095e-35
decision_type=2 2 2 2 2 2 2 2 2 2 2 2 2 2 2 2 2 2 2 2 2 2 2 2 2 2 2 2 2 2
left_child=2 3 4 -2 7 6 -6 10 9 -9 13 -11 -13 -1 15 -15 -17 18 -10 20 -20 -3 27 24 26 -26 -24 28 -4 -30
right_child=1 21 22 -5 5 -7 -8 8 17 11 -12 12 -14 14 -16 16 -18 -19 19 -21 -22 -23 23 -25 25 -27 -28 -29 29 -31
leaf_value=-0.0053700209259689071 0.015205192123539747 -0.0078811491458999142 -0.0036297603822701302 0.00043687634205738247 0.052099009742960334 0.0016147908445226186 0.0072090398985892538 -0.020316759994117698 -0.05268659447319806 0.053809432685375219 -0.017271729968488216 -0.022000168181127974 0.03615695161537992 -0.004869312820956111 -0.029199136892954509 0.0033560638212495383 0.068600772962801981 0.01323090482503176 -0.00079932895023375754 -0.037483455613255501 0.063136437100668755 0.0099916433748148854 -0.017249410173722678 -0.0061791373001990699 0.044426599724425211 -0.044971138459664807 -0.041118737452826098 0.0040815735583208381 0.004039313673973084 -0.03065474222848813
leaf_weight=430 700 416 600 261 32 1248 160 36 48 36 215 36 72 80 45 36 54 40 24 24 24 64 126 476 36 27 63 252 25 75
leaf_count=430 700 416 600 261 32 1248 160 36 48 36 215 36 72 80 45 36 54 40 24 24 24 64 126 476 36 27 63 252 25 75
internal_value=0 0.00563398 -0.0018793 0.0111942 0.00096549 0.00335825 0.0146907 -0.00190582 0.00474646 0.0167613 -0.00453579 0.0260308 0.0167712 -0.000290473 0.00986862 0.0202101 0.0425029 -0.0087702 -0.0161039 0.00828455 0.0311686 -0.00549811 -0.00634968 -0.010055 -0.0173761 0.00611328 -0.0252059 -0.0035162 -0.0062514 -0.0219812
internal_weight=0 1441 4320 961 2640 1440 192 1200 340 180 860 144 108 645 215 170 90 160 120 72 48 480 1680 728 252 63 189 952 700 100
internal_count=5761 1441 4320 961 2640 1440 192 1200 340 180 860 144 108 645 215 170 90 160 120 72 48 480 1680 728 252 63 189 952 700 100
is_linear=0
shrinkage=0.05


Tree=101
num_leaves=31
num_cat=0
split_feature=0 0 0 2 1 2 0 2 1 0 1 1 2 1 2 2 2 2 1 1 2 0 1 2 2 0 2 0 2 2
split_gain=22.0199 32.199 19.8329 15.0608 8.5417 10.0252 7.29358 8.06541 20.334 7.17786 15.8429 8.67482 7.03169 6.70819 11.6376 9.39127 7.5848 10.1556 38.1006 33.7879 8.75288 55.1833 28.1232 11.7034 7.21967 6.5477 10.2708 19.3988 7.57897 19.933
threshold=17.500000000000004 21.500000000000004 10.500000000000002 3.5000000000000004 1.0000000180025095e-35 2.5000000000000004 18.500000000000004 2.5000000000000004 22.500000000000004 20.500000000000004 37.500000000000007 22.500000000000004 1.0000000180025095e-35 1.0000000180025095e-35 4.5000000000000009 2.5000000000000004 2.5000000000000004 4.5000000000000009 37.500000000000007 37.500000000000007 1.5000000000000002 22.500000000000004 22.500000000000004 1.0000000180025095e-35 3.5000000000000004 4.5000000000000009 1.0000000180025095e-35 5.5000000000000009 4.5000000000000009 5.5000000000000009
decision_type=2 2 2 2 2 2 2 2 2 2 2 2 2 2 2 2 2 2 2 2 2 2 2 2 2 2 2 2 2 2
left_child=2 3 25 4 5 12 7 8 -6 -5 11 -11 -2 14 15 -3 20 19 -19 24 22 -22 -15 -24 -18 28 27 -27 -1 -30
right_child=1 13 -4 9 6 -7 -8 -9 -10 10 -12 -13 -14 16 -16 -17 17 18 -20 -21 21 -23 23 -25 -26 26 -28 -29 29 -31
leaf_value=-0.004308998206262152 0.038231939946126663 0.0092158559566506964 -0.0060321952583312632 -0.0005109479765361938 -0.027604360561817889 0.049423984288134513 0.01616157181147072 -0.022655072791018971 0.027623330654809253 0.015459394246339797 0.049395973503589631 -0.020613070100545885 0.010001721742077613 0.028811656541245824 0.030835960735566915 -0.024005740467045043 0.012171050678524706 -0.036395352684485259 0.030424638710246657 -0.031322008619705841 -0.083757501530150574 0.017332208184180437 -0.04888364442158491 -0.0073257482921083765 0.043836996838864356 0.049494060967117552 0.0015340510301403137 0.0068485871958546343 0.015923217714557219 -0.0083316937118070207
leaf_weight=860 32 52 1680 305 25 36 315 27 50 50 25 25 71 34 32 36 36 64 32 36 27 27 32 36 36 32 1248 160 180 160
leaf_count=860 32 52 1680 305 25 36 315 27 50 50 25 25 71 34 32 36 36 64 32 36 27 27 32 36 36 32 1248 160 180 160
internal_value=0 0.00535228 -0.00178533 0.0106345 0.0159768 0.0267108 0.0123987 0.000778143 0.0092141 0.0033005 0.0149254 0.00343524 0.0187723 -0.0052232 0.00501474 -0.0043748 -0.00863585 -0.0022893 -0.014122 0.00822868 -0.0169352 -0.0332126 -0.00831772 -0.0268824 0.028004 0.000917216 0.00319033 0.0139562 -0.00181053 0.00450914
internal_weight=0 1441 4320 961 556 139 417 102 75 405 100 75 103 480 120 88 360 204 96 108 156 54 102 68 72 2640 1440 192 1200 340
internal_count=5761 1441 4320 961 556 139 417 102 75 405 100 75 103 480 120 88 360 204 96 108 156 54 102 68 72 2640 1440 192 1200 340
is_linear=0
shrinkage=0.05


Tree=102
num_leaves=31
num_cat=0
split_feature=0 0 0 2 2 2 1 1 0 0 1 1 0 0 2 2 2 0 2 1 0 1 0 1 2 1 0 0 2 1
split_gain=19.873 29.0596 17.8992 13.91 6.3674 7.55991 22.2459 60.9016 13.9418 11.8997 19.6911 43.9769 32.471 16.3653 18.8091 11.2134 11.8638 7.83904 7.45729 16.7313 44.5129 8.63847 7.44173 9.7092 6.29489 5.92348 5.9093 9.73376 9.68975 13.3743
threshold=17.500000000000004 21.500000000000004 10.500000000000002 4.5000000000000009 3.5000000000000004 1.0000000180025095e-35 22.500000000000004 37.500000000000007 12.500000000000002 14.500000000000002 37.500000000000007 22.500000000000004 15.500000000000002 16.500000000000004 2.5000000000000004 2.5000000000000004 1.5000000000000002 15.500000000000002 4.5000000000000009 37.500000000000007 14.500000000000002 22.500000000000004 13.500000000000002 1.0000000180025095e-35 5.5000000000000009 1.0000000180025095e-35 4.5000000000000009 7.5000000000000009 1.0000000180025095e-35 1.0000000180025095e-35
decision_type=2 2 2 2 2 2 2 2 2 2 2 2 2 2 2 2 2 2 2 2 2 2 2 2 2 2 2 2 2 2
left_child=2 3 26 -2 5 6 8 -8 -4 -7 11 13 -13 14 17 16 -12 -11 19 21 -21 22 23 -6 -3 -10 -1 28 -28 -30
right_child=1 24 4 -5 18 9 7 -9 25 10 15 12 -14 -15 -16 -17 -18 -19 -20 20 -22 -23 -24 -25 -26 -27 27 -29 29 -31
leaf_value=-0.0017199986046665195 0.013775989076446941 -0.0072079262091742403 -0.054720905178692193 0.00025132364357939401 -0.02325566234412017 0.004968842774486313 0.041555791201868225 -0.032184579815449463 -0.0020656317472457887 0.044025540527175458 0.02559222336082409 -0.091478139964433824 -0.023043415262341466 -0.022776380697121987 -0.017646483456095062 0.039863001637988622 -0.022722435439074484 0.010072633207720869 -0.0055685707387522244 0.042506878916174176 -0.042420971062448291 -0.038761191081906121 -0.026608639505381389 0.019147162718905344 0.0096361848191008903 -0.029276578241260721 0.021929888928813548 -0.0010800077189924197 -0.0078121697818203705 0.0090927596644769047
leaf_weight=1200 700 416 32 261 27 416 56 56 40 34 24 26 52 52 36 27 27 34 476 36 27 63 72 27 64 40 96 720 156 468
leaf_count=1200 700 416 32 261 27 416 56 56 40 34 24 26 52 52 36 27 27 34 476 36 27 63 72 27 64 40 96 720 156 468
internal_value=0 0.00508467 -0.00169607 0.0101028 -0.00573059 -0.00303878 -0.0110713 0.00468561 -0.0268282 -0.000567238 -0.00794868 -0.0152008 -0.045855 0.000126235 0.0115775 0.0138078 1.38746e-05 0.0270491 -0.00925064 -0.0162057 0.00610923 -0.023644 -0.0160853 -0.00205425 -0.00496204 -0.0156711 0.000871355 0.00303082 0.00714164 0.00486653
internal_weight=0 1441 4320 961 1680 952 224 112 112 728 312 234 78 156 104 78 51 68 728 252 63 189 126 54 480 80 2640 1440 720 624
internal_count=5761 1441 4320 961 1680 952 224 112 112 728 312 234 78 156 104 78 51 68 728 252 63 189 126 54 480 80 2640 1440 720 624
is_linear=0
shrinkage=0.05


Tree=103
num_leaves=31
num_cat=0
split_feature=0 0 0 2 1 2 0 1 1 2 2 0 2 0 0 2 2 0 0 2 1 2 1 2 0 2 2 1 1 2
split_gain=17.9354 26.2263 16.154 12.6264 7.70889 9.04777 6.74304 11.6858 10.8343 9.16799 15.3034 9.0171 8.2632 22.1577 9.83712 25.7459 18.7428 7.02398 6.58246 7.27903 18.3514 6.3461 6.05414 10.2401 9.38654 6.65168 9.53261 34.3858 30.4936 7.89948
threshold=17.500000000000004 21.500000000000004 10.500000000000002 3.5000000000000004 1.0000000180025095e-35 2.5000000000000004 19.500000000000004 1.0000000180025095e-35 37.500000000000007 4.5000000000000009 5.5000000000000009 18.500000000000004 5.5000000000000009 20.500000000000004 20.500000000000004 4.5000000000000009 4.5000000000000009 18.500000000000004 18.500000000000004 2.5000000000000004 22.500000000000004 1.0000000180025095e-35 1.0000000180025095e-35 4.5000000000000009 22.500000000000004 2.5000000000000004 4.5000000000000009 37.500000000000007 37.500000000000007 1.5000000000000002
decision_type=2 2 2 2 2 2 2 2 2 2 2 2 2 2 2 2 2 2 2 2 2 2 2 2 2 2 2 2 2 2
left_child=2 3 -1 4 5 21 7 -5 12 11 17 -9 14 -14 15 -8 -16 -11 19 20 -6 -2 23 24 -3 29 28 -28 -27 -24
right_child=1 22 -4 6 18 -7 8 9 -10 10 -12 -13 13 -15 16 -17 -18 -19 -20 -21 -22 -23 25 -25 -26 26 27 -29 -30 -31
leaf_value=0.00082778713415653784 0.035631544364150614 -0.020125484949147163 -0.0054440565310233079 -0.023967050603375988 -0.026912939690984784 0.046263988035449684 -0.007220227574860608 0.040473584113297642 0.02957083457708359 -0.042135759068790968 0.014693436216233145 -0.00039001394201208046 -0.048383050846556828 0.019559546497960888 0.023795843648689766 0.063953779141108197 -0.036931534608205162 -0.0049600408412516124 0.014664693479537078 -0.02221111992236089 0.025553365420550107 0.0088128332783218837 -0.0075414344759694501 0.029233454389031979 0.012534158012237062 0.026964221361817586 -0.034636291753849947 0.028842699242522942 -0.029395511498053868 -0.031191617238369808
leaf_weight=2640 32 44 1680 52 25 36 27 27 50 27 48 27 24 24 27 24 24 24 315 27 50 71 102 32 44 72 64 32 36 54
leaf_count=2640 32 44 1680 52 25 36 27 27 50 27 48 27 24 24 27 24 24 24 315 27 50 71 102 32 44 72 64 32 36 54
internal_value=0 0.00483043 -0.00161126 0.00959766 0.0144891 0.0246865 0.00288247 -0.00349001 0.00941427 0.00346951 -0.00556991 0.0200418 0.00269541 -0.0144118 0.0107458 0.0262734 -0.00478175 -0.0246413 0.01109 5.04367e-05 0.0080646 0.0171449 -0.00471394 0.0050121 -0.00379566 -0.00795596 -0.0020126 -0.0134766 0.00817764 -0.015728
internal_weight=0 1441 4320 961 556 139 405 205 200 153 99 54 150 48 102 51 51 51 417 102 75 103 480 120 88 360 204 96 108 156
internal_count=5761 1441 4320 961 556 139 405 205 200 153 99 54 150 48 102 51 51 51 417 102 75 103 480 120 88 360 204 96 108 156
is_linear=0
shrinkage=0.05


Tree=104
num_leaves=31
num_cat=0
split_feature=0 0 0 2 1 2 0 1 1 2 2 1 0 0 0 2 1 0 2 2 0 2 0 1 2 2 1 2 1 0
split_gain=16.1867 23.6692 14.8848 11.3953 6.95727 8.16561 6.0856 10.5465 9.77798 8.27412 13.8113 8.23589 8.13794 6.33915 5.94067 6.56933 16.5622 5.84774 5.72736 5.60297 5.8025 5.33448 4.66444 7.05172 12.2508 9.26535 7.1558 8.2782 5.49174 9.28075
threshold=17.500000000000004 21.500000000000004 12.500000000000002 3.5000000000000004 1.0000000180025095e-35 2.5000000000000004 19.500000000000004 1.0000000180025095e-35 37.500000000000007 4.5000000000000009 5.5000000000000009 1.0000000180025095e-35 18.500000000000004 18.500000000000004 18.500000000000004 2.5000000000000004 22.500000000000004 20.500000000000004 1.0000000180025095e-35 5.5000000000000009 22.500000000000004 1.5000000000000002 1.0000000180025095e-35 1.0000000180025095e-35 3.5000000000000004 5.5000000000000009 37.500000000000007 1.5000000000000002 37.500000000000007 7.5000000000000009
decision_type=2 2 2 2 2 2 2 2 2 2 2 2 2 2 2 2 2 2 2 2 2 2 2 2 2 2 2 2 2 2
left_child=2 3 22 4 5 18 7 -5 11 12 13 -8 -9 -11 15 16 -6 -10 -2 -3 -21 -20 23 24 -1 26 27 -25 29 -24
right_child=1 19 -4 6 14 -7 8 9 17 10 -12 -13 -14 -15 -16 -17 -18 -19 21 20 -22 -23 28 25 -26 -27 -28 -29 -30 -31
leaf_value=-0.0014952014583875153 0.033849965583067389 -0.0065971029781429456 -0.0062631458398148725 -0.022768701312060543 -0.025567294064909221 0.043950786607133023 0.019129579409956934 0.038449909289677939 0.010992960691452027 -0.040028970233268207 0.01395876359359439 -0.0057238310724496838 -0.00037051146781003037 -0.004712037928402424 0.01393145953674638 -0.021100564222110232 0.024275696553289892 0.045191622316837314 -0.0055274705588817599 -0.005760905292845564 0.024349565786542373 0.02188574816617701 0.0048780728644776412 -0.010597502649761737 -0.04708852848450009 -0.030380854755640032 -0.012154251369289481 0.019966717204079033 -0.0029341605989611709 -0.0017697874514075618
leaf_weight=34 32 416 1200 52 25 36 50 27 25 27 48 100 27 24 315 27 50 25 35 32 32 36 1260 32 26 24 52 72 720 900
leaf_count=34 32 416 1200 52 25 36 50 27 25 27 48 100 27 24 315 27 50 25 35 32 32 36 1260 32 26 24 52 72 720 900
internal_value=0 0.00458891 -0.0015307 0.00911777 0.0137647 0.0234522 0.00273835 -0.00331551 0.00894355 0.00329603 -0.00529142 0.00256064 0.0190397 -0.0234092 0.0105355 4.79141e-05 0.00766137 0.0280923 0.0162876 -0.00447825 0.00929433 0.00837219 0.000289471 -0.00640757 -0.0212523 -0.00145932 0.00299014 0.0105623 0.000847558 0.00210813
internal_weight=0 1441 4320 961 556 139 405 205 200 153 99 150 54 51 417 102 75 50 103 480 64 71 3120 240 60 180 156 104 2880 2160
internal_count=5761 1441 4320 961 556 139 405 205 200 153 99 150 54 51 417 102 75 50 103 480 64 71 3120 240 60 180 156 104 2880 2160
is_linear=0
shrinkage=0.05


Tree=105
num_leaves=31
num_cat=0
split_feature=0 0 0 2 1 2 2 1 2 2 1 0 1 1 1 2 2 2 2 1 2 1 0 1 2 2 0 2 0 2
split_gain=14.6085 21.3615 13.5322 10.2843 6.27893 7.36947 6.19246 20.7401 12.5427 11.5903 16.5104 5.50265 12.1221 7.5477 5.46386 9.00917 8.47562 5.8321 9.3403 7.25837 20.3329 32.5447 10.2621 5.50759 21.4469 6.51575 5.43527 6.05443 5.36145 5.92882
threshold=17.500000000000004 21.500000000000004 13.500000000000002 3.5000000000000004 1.0000000180025095e-35 2.5000000000000004 4.5000000000000009 22.500000000000004 3.5000000000000004 5.5000000000000009 37.500000000000007 20.500000000000004 37.500000000000007 22.500000000000004 1.0000000180025095e-35 4.5000000000000009 2.5000000000000004 2.5000000000000004 5.5000000000000009 37.500000000000007 1.5000000000000002 22.500000000000004 22.500000000000004 37.500000000000007 4.5000000000000009 3.5000000000000004 20.500000000000004 1.0000000180025095e-35 18.500000000000004 2.5000000000000004
decision_type=2 2 2 2 2 2 2 2 2 2 2 2 2 2 2 2 2 2 2 2 2 2 2 2 2 2 2 2 2 2
left_child=2 3 -1 4 5 26 8 -8 -4 10 -9 -5 13 -13 15 16 -3 19 23 20 21 -16 -21 24 25 -19 27 -2 29 -6
right_child=1 14 6 11 28 -7 7 9 -10 -11 -12 12 -14 -15 17 -17 -18 18 -20 22 -22 -23 -24 -25 -26 -27 -28 -29 -30 -31
leaf_value=4.165353131871338e-05 0.02963398111363252 0.0096350939980206583 -0.0057411070974173048 -0.00073574072116466827 0.0072782993167638784 0.041753247336277534 -0.014109575003385545 0.051208811584446172 -0.022336204144974343 -0.0019780309172347187 0.0033224075566977264 0.013944896832108498 0.042932041049003604 -0.01970260772109032 0.028438396291697726 0.027704351101419888 -0.021925417540801895 0.010904539645546014 -0.021056624913884058 0.022852675559429023 -0.052622824876905533 -0.040742376402896997 -0.021571153574264968 -0.0091207256110814906 -0.023249931482132526 0.040987190128200589 0.035239318514672609 -0.00063574862367701986 0.013234885859909278 -0.020045534224697837
leaf_weight=3360 24 52 544 305 75 36 136 36 144 64 36 50 25 25 34 32 36 36 48 26 36 34 26 52 32 36 26 53 315 27
leaf_count=3360 24 52 544 305 75 36 136 36 144 64 36 50 25 25 34 32 36 36 48 26 36 34 26 52 32 36 26 53 315 27
internal_value=0 0.00435947 -0.00145416 0.00866189 0.0130764 0.0222796 -0.00668953 -0.000302839 -0.0092145 0.0135039 0.0272656 0.00260143 0.0127798 0.00272906 -0.00425433 0.00498541 -0.00327602 -0.00733425 -0.00176907 -0.0146118 -0.022238 -0.00615199 0.000640761 0.00416556 0.0108087 0.0259459 0.0154732 0.00879897 0.0100087 4.55198e-05
internal_weight=0 1441 4320 961 556 139 960 272 688 136 72 405 100 75 480 120 88 360 204 156 104 68 52 156 104 72 103 77 417 102
internal_count=5761 1441 4320 961 556 139 960 272 688 136 72 405 100 75 480 120 88 360 204 156 104 68 52 156 104 72 103 77 417 102
is_linear=0
shrinkage=0.05


Tree=106
num_leaves=31
num_cat=0
split_feature=0 0 0 2 1 2 2 2 0 1 1 0 2 1 1 2 0 0 1 0 1 1 1 1 0 0 1 2 0 0
split_gain=13.1841 19.2787 12.3188 9.28156 5.66674 6.65094 5.62544 7.03471 9.48967 8.2377 23.5585 6.78975 13.0749 18.6858 45.9249 10.7959 16.133 21.106 64.4857 13.1308 39.6961 36.2853 16.2445 13.071 6.89172 6.21848 8.40628 32.3168 8.88013 6.84364
threshold=17.500000000000004 21.500000000000004 10.500000000000002 3.5000000000000004 1.0000000180025095e-35 2.5000000000000004 3.5000000000000004 2.5000000000000004 16.500000000000004 1.0000000180025095e-35 22.500000000000004 15.500000000000002 1.0000000180025095e-35 22.500000000000004 37.500000000000007 1.5000000000000002 12.500000000000002 13.500000000000002 22.500000000000004 11.500000000000002 22.500000000000004 37.500000000000007 1.0000000180025095e-35 22.500000000000004 12.500000000000002 15.500000000000002 1.0000000180025095e-35 5.5000000000000009 12.500000000000002 13.500000000000002
decision_type=2 2 2 2 2 2 2 2 2 2 2 2 2 2 2 2 2 2 2 2 2 2 2 2 2 2 2 2 2 2
left_child=2 3 -1 4 5 -2 7 8 11 -10 -11 12 13 24 -15 19 23 -18 -19 -14 22 -22 -21 -17 -4 26 27 28 -8 -28
right_child=1 -3 6 -5 -6 -7 25 -9 9 10 -12 -13 15 14 -16 16 17 18 -20 20 21 -23 -24 -25 -26 -27 29 -29 -30 -31
leaf_value=0.00074847482385159703 0.0146995751277625 -0.0040416161823183449 -0.051626249356195336 0.0024713595549541493 0.0095082744023018938 0.039665583821220533 -0.051980721867746785 0.0049650946602461839 0.0058188204765319829 -0.066953066766262059 -0.0075074959397315984 0.0094928607863839724 0.038864898437168449 0.038404720686376098 -0.037362139292526991 -0.010603427307473288 -0.051113884916736019 0.043093694415357375 -0.051544268532759618 0.0057097126962617041 -0.062437176704406738 0.012859420004679123 0.056090350123122336 0.032004243735637927 -0.021670297440141442 -0.015343723024349089 -0.0068520802606502149 0.02126862301491201 -0.019921519041613298 0.0066678874887143962
leaf_weight=2640 103 480 32 405 417 36 36 252 25 25 50 100 32 40 40 36 36 36 36 32 32 32 32 36 48 208 234 40 54 156
leaf_count=2640 103 480 32 405 417 36 36 252 25 25 50 100 32 40 40 36 36 36 36 32 32 32 32 36 48 208 234 40 54 156
internal_value=0 0.00414149 -0.00138146 0.00822879 0.0124226 0.0211656 -0.00472849 -0.00219837 -0.00477722 -0.0190373 -0.0273227 -0.00240054 -0.00477922 -0.0165657 0.000521291 0.000767351 -0.00763273 -0.0198548 -0.00422529 0.0102174 0.00305558 -0.0247889 0.0309 0.0107004 -0.0336527 -0.00803711 -0.00511446 -0.0161256 -0.0327452 -0.00144409
internal_weight=0 1441 4320 961 556 139 1680 952 700 100 75 600 500 160 80 340 180 108 72 160 128 64 64 72 80 728 520 130 90 390
internal_count=5761 1441 4320 961 556 139 1680 952 700 100 75 600 500 160 80 340 180 108 72 160 128 64 64 72 80 728 520 130 90 390
is_linear=0
shrinkage=0.05


Tree=107
num_leaves=31
num_cat=0
split_feature=0 0 0 2 2 1 2 2 1 2 0 0 1 2 1 2 0 2 0 0 2 2 2 2 0 0 2 1 0 0
split_gain=11.8987 17.3991 11.6499 8.5265 5.73121 18.5896 10.9088 10.4603 14.9006 5.2365 5.23675 4.38955 14.0298 9.35149 6.98516 14.4492 21.9093 13.4509 9.40246 7.1656 5.26962 10.3728 4.38219 4.30506 13.5169 38.9814 34.8022 13.6074 24.4253 8.289
threshold=17.500000000000004 21.500000000000004 13.500000000000002 4.5000000000000009 4.5000000000000009 22.500000000000004 3.5000000000000004 5.5000000000000009 37.500000000000007 5.5000000000000009 22.500000000000004 20.500000000000004 37.500000000000007 2.5000000000000004 22.500000000000004 1.5000000000000002 19.500000000000004 1.0000000180025095e-35 19.500000000000004 18.500000000000004 1.0000000180025095e-35 2.5000000000000004 3.5000000000000004 1.5000000000000002 6.5000000000000009 7.5000000000000009 1.0000000180025095e-35 1.0000000180025095e-35 4.5000000000000009 2.5000000000000004
decision_type=2 2 2 2 2 2 2 2 2 2 2 2 2 2 2 2 2 2 2 2 2 2 2 2 2 2 2 2 2 2
left_child=2 3 23 11 6 -6 -4 8 -7 -3 -11 13 20 14 17 16 19 -2 -19 -16 -13 -22 -23 24 27 26 -26 28 -1 -29
right_child=1 9 4 -5 5 7 -8 -9 -10 10 -12 12 -14 -15 15 -17 -18 18 -20 -21 21 22 -24 -25 25 -27 -28 29 -30 -31
leaf_value=0.02676303331681993 0.028421640213734164 -0.0058879280572560122 -0.0053598508543098652 0.0001043665847273622 -0.013097127411952791 0.048865267655087842 -0.020836313969791971 -0.0016622382565401495 0.0033731847923869889 -0.0048274548084009444 0.02377748767612502 0.046867816646893823 -0.0069261264394630088 0.00042236761310724194 0.010083191073499621 0.042363732494413858 -0.022340026059571437 -0.014160655454865523 0.017283744071351571 0.043048255627646165 0.0054705647268780966 0.050705120443469955 0.022217997356697366 -0.0010037485438485194 0.0084411178017035123 0.0031634564259244748 0.082182823540642866 -0.017197009132036735 -0.024923740135272966 -0.001327665668698804
leaf_weight=80 48 416 544 261 136 36 144 64 36 32 32 24 44 216 32 54 34 70 36 34 54 27 27 2464 32 384 32 144 32 192
leaf_count=80 48 416 544 261 136 36 144 64 36 32 32 24 44 216 32 54 34 70 36 34 54 27 27 2464 32 384 32 144 32 192
internal_value=0 0.00393442 -0.00131238 0.00781735 -0.00617 -2.57658e-05 -0.00859911 0.0130456 0.0261192 -0.00383954 0.00947502 0.0106932 0.0175251 0.00839852 0.0139922 0.021522 0.0102674 0.00646239 -0.00348143 0.0270652 0.0256755 0.0209661 0.0364616 7.55056e-05 0.00304345 0.00918467 0.045312 -0.00309776 0.0119954 -0.00812881
internal_weight=0 1441 4320 961 960 272 688 136 72 480 64 700 176 524 308 154 100 154 106 66 132 108 54 3360 896 448 64 448 112 336
internal_count=5761 1441 4320 961 960 272 688 136 72 480 64 700 176 524 308 154 100 154 106 66 132 108 54 3360 896 448 64 448 112 336
is_linear=0
shrinkage=0.05


Tree=108
num_leaves=31
num_cat=0
split_feature=0 0 0 2 2 1 2 2 1 1 2 0 2 2 2 2 0 0 1 2 2 1 2 0 2 0 2 2 1 1
split_gain=10.7386 15.7027 10.514 7.69517 5.17242 16.7771 9.84518 9.44041 13.4478 4.93114 7.91995 8.47135 5.17684 5.84797 5.05472 13.146 50.5738 37.4014 4.9706 19.3559 5.88047 3.96753 14.854 17.6724 11.5545 10.2442 9.9039 8.03504 34.0024 31.8999
threshold=17.500000000000004 21.500000000000004 13.500000000000002 4.5000000000000009 4.5000000000000009 22.500000000000004 3.5000000000000004 5.5000000000000009 37.500000000000007 1.0000000180025095e-35 4.5000000000000009 22.500000000000004 1.0000000180025095e-35 5.5000000000000009 2.5000000000000004 1.5000000000000002 22.500000000000004 22.500000000000004 37.500000000000007 4.5000000000000009 3.5000000000000004 22.500000000000004 1.0000000180025095e-35 16.500000000000004 2.5000000000000004 15.500000000000002 1.5000000000000002 1.0000000180025095e-35 37.500000000000007 37.500000000000007
decision_type=2 2 2 2 2 2 2 2 2 2 2 2 2 2 2 2 2 2 2 2 2 2 2 2 2 2 2 2 2 2
left_child=2 3 -1 -2 6 -6 21 8 -7 10 11 -3 -11 14 15 17 -17 -14 19 20 -16 22 25 24 26 -4 -24 29 -29 -23
right_child=1 9 4 -5 5 7 -8 -9 -10 12 -12 -13 13 -15 18 16 -18 -19 -20 -21 -22 27 23 -25 -26 -27 -28 28 -30 -31
leaf_value=7.1730125726476436e-05 0.010158534403823848 -0.018129073705693537 -0.041890304523985837 9.9148068191676298e-05 -0.012442271800383049 0.046422004140913492 -0.019794498237832969 -0.0015791259938850999 0.0032045265452729332 -0.02185996516297261 0.026431539774785053 0.01289758040485057 0.049438276169476686 -0.020275462778712006 0.010855789161804651 -0.075450099287209693 0.021325520177682245 -0.033785437640768516 -0.0081682124963173494 -0.021590957336593421 0.039434306939235997 0.041430587822105736 0.007449672169362505 -0.019583781923239049 -0.0046279792432431825 -0.0018821099307388069 0.038664131052792074 -0.034344693889859348 0.006087082233002898 -0.029169388860464097
leaf_weight=3360 700 44 32 261 136 36 144 64 36 48 32 44 27 48 36 27 27 27 52 32 36 32 48 52 54 32 54 104 104 32
leaf_count=3360 700 44 32 261 136 36 144 64 36 48 32 44 27 48 36 27 27 27 52 32 36 32 48 52 54 32 54 104 104 32
internal_value=0 0.0037377 -0.00124676 0.00742648 -0.0058615 -2.44777e-05 -0.00816915 0.0123933 0.0248133 -0.00364756 0.0051302 -0.00261575 -0.00657348 -0.00422171 -0.00130285 -0.00961794 -0.0270623 0.00782642 0.00445375 0.0107647 0.025145 -0.00509186 -0.000821829 0.00565952 0.014074 -0.0218862 0.023975 -0.00936189 -0.0141288 0.0061306
internal_weight=0 1441 4320 961 960 272 688 136 72 480 120 88 360 312 264 108 54 54 156 104 72 544 272 208 156 64 102 272 208 64
internal_count=5761 1441 4320 961 960 272 688 136 72 480 120 88 360 312 264 108 54 54 156 104 72 544 272 208 156 64 102 272 208 64
is_linear=0
shrinkage=0.05


Tree=109
num_leaves=31
num_cat=0
split_feature=0 0 0 1 2 0 2 0 2 0 0 1 0 1 2 2 0 0 2 2 0 0 0 2 0 2 0 0 0 0
split_gain=9.69156 14.1716 9.79413 8.55727 22.8902 11.2788 26.0112 21.7386 10.558 41.7592 36.5183 24.8546 24.2081 53.18 15.2413 32.2954 22.3296 42.3813 45.0167 30.5247 30.4837 16.0535 21.3043 54.2662 8.87694 8.51573 22.6632 9.04043 14.7041 10.0807
threshold=17.500000000000004 21.500000000000004 9.5000000000000018 37.500000000000007 4.5000000000000009 6.5000000000000009 1.0000000180025095e-35 8.5000000000000018 5.5000000000000009 1.5000000000000002 8.5000000000000018 22.500000000000004 7.5000000000000009 22.500000000000004 1.5000000000000002 1.0000000180025095e-35 8.5000000000000018 6.5000000000000009 3.5000000000000004 3.5000000000000004 1.5000000000000002 1.5000000000000002 4.5000000000000009 4.5000000000000009 4.5000000000000009 1.5000000000000002 1.0000000180025095e-35 8.5000000000000018 7.5000000000000009 6.5000000000000009
decision_type=2 2 2 2 2 2 2 2 2 2 2 2 2 2 2 2 2 2 2 2 2 2 2 2 2 2 2 2 2 2
left_child=2 -2 3 8 5 -5 -7 -8 11 -10 12 25 13 -11 15 24 17 19 -19 20 -16 -21 23 -23 -13 26 -1 28 29 -28
right_child=1 -3 -4 4 -6 6 7 -9 9 10 -12 14 -14 -15 16 -17 -18 18 -20 21 -22 22 -24 -25 -26 -27 27 -29 -30 -31
leaf_value=-0.033424124494194983 0.0070551604821560395 -0.0034651804952106134 -0.0038461687467497545 -0.015668090662464156 0.011305812711224836 0.048964537183443707 0.0073557144669549809 -0.040905455393450606 -0.048807171972778937 0.025312953424872831 -0.054359081387519839 0.0060640967078506953 0.058067077056815235 -0.039143937701980276 0.0028342951916986042 -0.022207710784859957 0.056160543758111692 -0.058715133368968969 0.02035645391378138 0.035135011167989838 0.057274089185747369 -0.074357109820401224 0.025422620669835146 0.025889099637667341 0.039375024959445004 -0.0033082764609167095 0.007996990509370033 0.035986172757111488 -0.023906231136061253 0.038308875507209454
leaf_weight=32 961 480 1920 301 170 24 70 35 48 96 24 40 24 48 36 80 36 36 36 36 90 27 36 27 40 720 192 32 32 32
leaf_count=32 961 480 1920 301 170 24 70 35 48 96 24 40 24 48 36 80 36 36 36 36 90 27 36 27 40 720 192 32 32 32
internal_value=0 0.00355081 -0.00118443 0.000944968 -0.00422625 -0.0103668 0.00200277 -0.00873134 0.00266871 -0.00709424 0.00333399 0.0041707 0.0115759 0.00382732 0.0130961 0.000255925 0.0188028 0.0146519 -0.0191793 0.024318 0.0417199 0.00691618 -0.00437135 -0.024234 0.0227196 -0.000291987 0.00649466 0.0109301 0.00779807 0.0123273
internal_weight=0 1441 4320 2400 600 430 129 105 1800 240 192 1560 168 144 520 160 360 324 72 252 126 126 90 54 80 1040 320 288 256 224
internal_count=5761 1441 4320 2400 600 430 129 105 1800 240 192 1560 168 144 520 160 360 324 72 252 126 126 90 54 80 1040 320 288 256 224
is_linear=0
shrinkage=0.05


Tree=110
num_leaves=31
num_cat=0
split_feature=0 0 0 1 2 2 1 2 2 2 2 1 1 2 2 2 0 2 2 0 2 0 2 2 0 0 2 1 2 2
split_gain=8.74663 12.7899 9.10742 10.5108 17.1307 20.4349 9.10584 74.9575 21.858 14.5034 10.8848 25.8617 12.7635 43.8105 20.387 10.2094 14.8694 9.8181 10.2121 8.93293 6.94489 5.67165 7.01228 4.91274 4.72617 3.96157 13.2782 18.1994 10.2792 8.43972
threshold=17.500000000000004 21.500000000000004 14.500000000000002 1.0000000180025095e-35 5.5000000000000009 4.5000000000000009 22.500000000000004 5.5000000000000009 4.5000000000000009 5.5000000000000009 1.0000000180025095e-35 37.500000000000007 37.500000000000007 1.5000000000000002 3.5000000000000004 4.5000000000000009 15.500000000000002 2.5000000000000004 1.5000000000000002 16.500000000000004 4.5000000000000009 16.500000000000004 2.5000000000000004 5.5000000000000009 22.500000000000004 20.500000000000004 2.5000000000000004 37.500000000000007 1.0000000180025095e-35 2.5000000000000004
decision_type=2 2 2 2 2 2 2 2 2 2 2 2 2 2 2 2 2 2 2 2 2 2 2 2 2 2 2 2 2 2
left_child=2 20 -1 4 5 19 7 8 21 10 11 -8 13 -12 17 16 -15 18 -14 -4 25 22 -5 -3 -25 29 27 28 -27 -2
right_child=1 23 3 6 -6 -7 9 -9 -10 -11 12 -13 14 15 -16 -17 -18 -19 -20 -21 -22 -23 -24 24 -26 26 -28 -29 -30 -31
leaf_value=-9.8511256258158647e-05 0.012431885905309836 -0.0052759808022249041 0.01573763267938481 0.0046925456523895272 0.043530777158836527 -0.041400693743317216 0.049511231854557997 -0.1011905358483394 0.03463656411126808 0.020431017285833755 -0.085173186791750288 -0.023890774200359982 0.025093558685330211 -0.049660892384471716 -0.025696295156592022 0.016137753675381342 -0.0042164383214656955 0.038649958372116093 -0.019731967647870385 -0.012173554994339168 -0.00025856755031593916 -0.029662324401528335 -0.024248389113280509 -0.0039828893117373814 0.023191805751412178 0.043663739723463851 0.032293803829492797 -0.031866727425501895 0.0043363523751462777 -0.00045943616811806962
leaf_weight=3600 308 416 86 50 24 27 24 24 27 48 24 24 24 27 54 27 54 27 27 43 261 43 36 32 32 24 72 26 54 216
leaf_count=3600 308 416 86 50 24 27 24 24 27 48 24 24 24 27 54 27 54 27 27 43 261 43 36 32 32 24 72 26 54 216
internal_value=0 0.00337327 -0.0011252 -0.00625867 0.00420496 -0.00184516 -0.00974655 -0.0189288 -0.00627312 -0.00515544 -0.00909182 0.0128102 -0.013074 -0.0240679 -0.00208007 -0.010489 -0.0193646 0.0142696 0.0013624 0.0064339 0.0067024 -0.0148356 -0.00742226 -0.00329192 0.00960446 0.00929785 0.0157881 0.00436113 0.0164371 0.00711791
internal_weight=0 1441 4320 720 180 156 540 180 156 360 312 48 264 132 132 108 81 78 51 129 961 129 86 480 64 700 176 104 78 524
internal_count=5761 1441 4320 720 180 156 540 180 156 360 312 48 264 132 132 108 81 78 51 129 961 129 86 480 64 700 176 104 78 524
is_linear=0
shrinkage=0.05


Tree=111
num_leaves=31
num_cat=0
split_feature=0 0 0 1 2 0 2 0 2 0 0 1 0 1 2 2 0 0 2 2 0 0 0 2 0 2 0 2 0 0
split_gain=7.89384 11.5429 8.39628 7.72294 20.6584 10.1791 23.4751 19.6191 9.52858 37.6877 32.9578 22.4313 21.8478 47.995 13.7552 29.1466 20.1525 38.2491 40.6276 27.5485 27.5115 14.4882 19.2272 48.9753 8.01144 7.68545 20.4536 8.22713 36.8628 19.3995
threshold=17.500000000000004 21.500000000000004 9.5000000000000018 37.500000000000007 4.5000000000000009 6.5000000000000009 1.0000000180025095e-35 8.5000000000000018 5.5000000000000009 1.5000000000000002 8.5000000000000018 22.500000000000004 7.5000000000000009 22.500000000000004 1.5000000000000002 1.0000000180025095e-35 8.5000000000000018 6.5000000000000009 3.5000000000000004 3.5000000000000004 1.5000000000000002 1.5000000000000002 4.5000000000000009 4.5000000000000009 4.5000000000000009 1.5000000000000002 1.0000000180025095e-35 1.0000000180025095e-35 6.5000000000000009 4.5000000000000009
decision_type=2 2 2 2 2 2 2 2 2 2 2 2 2 2 2 2 2 2 2 2 2 2 2 2 2 2 2 2 2 2
left_child=2 -2 3 8 5 -5 -7 -8 11 -10 12 25 13 -11 15 24 17 19 -19 20 -16 -21 23 -23 -13 26 -1 -28 29 -29
right_child=1 -3 -4 4 -6 6 7 -9 9 10 -12 14 -14 -15 16 -17 -18 18 -20 21 -22 22 -24 -25 -26 -27 27 28 -30 -31
leaf_value=-0.031747990380972625 0.0063672816754695759 -0.003127325864285619 -0.0035334318504828843 -0.01487976119589011 0.010745446621166433 0.046521238734324774 0.0069928552316767829 -0.038855257672922951 -0.04636188870451103 0.024052228580694647 -0.051636200553427138 0.0057658142037689689 0.055168649026503175 -0.037181812959412738 0.0026975071471598416 -0.021092398941982539 0.05335744256153703 -0.055774455848667359 0.019343556670678986 0.03338318388495181 0.054415308783969121 -0.070634334837948828 0.024156416000591388 0.024599562419785392 0.037411199212074281 -0.0031379371134324986 0.0019377062743943599 0.016844385289005004 0.054615800175815826 -0.030835594673408198
leaf_weight=32 961 480 1920 301 170 24 70 35 48 96 24 40 24 48 36 80 36 36 36 36 90 27 36 27 40 720 144 64 48 32
leaf_count=32 961 480 1920 301 170 24 70 35 48 96 24 40 24 48 36 80 36 36 36 36 90 27 36 27 40 720 144 64 48 32
internal_value=0 0.00320461 -0.00106895 0.000902644 -0.00401001 -0.00984356 0.00190756 -0.00828985 0.0025402 -0.0067346 0.00317222 0.00396709 0.011002 0.00364088 0.0124462 0.000248054 0.0178676 0.0139243 -0.0182154 0.023107 0.0396388 0.00657529 -0.00414787 -0.0230174 0.0215885 -0.000272462 0.00617486 0.0103885 0.0188393 0.000951059
internal_weight=0 1441 4320 2400 600 430 129 105 1800 240 192 1560 168 144 520 160 360 324 72 252 126 126 90 54 80 1040 320 288 144 96
internal_count=5761 1441 4320 2400 600 430 129 105 1800 240 192 1560 168 144 520 160 360 324 72 252 126 126 90 54 80 1040 320 288 144 96
is_linear=0
shrinkage=0.05


Tree=112
num_leaves=31
num_cat=0
split_feature=0 0 0 2 2 0 1 2 0 1 1 1 0 0 1 0 2 1 0 0 2 0 1 2 2 2 2 2 2 0
split_gain=7.12419 10.4175 7.88525 6.34546 6.34154 9.30825 5.10218 6.05697 4.79201 9.51554 8.29242 7.25518 14.5221 11.4462 7.17044 4.71614 4.81335 14.2536 4.70898 4.60255 4.87473 4.45453 4.45035 6.95633 7.64924 4.60848 5.72252 4.56188 11.8643 45.6429
threshold=17.500000000000004 21.500000000000004 15.500000000000002 3.5000000000000004 1.0000000180025095e-35 16.500000000000004 1.0000000180025095e-35 2.5000000000000004 19.500000000000004 1.0000000180025095e-35 37.500000000000007 22.500000000000004 18.500000000000004 18.500000000000004 1.0000000180025095e-35 18.500000000000004 2.5000000000000004 22.500000000000004 20.500000000000004 20.500000000000004 1.0000000180025095e-35 20.500000000000004 1.0000000180025095e-35 4.5000000000000009 2.5000000000000004 1.0000000180025095e-35 5.5000000000000009 2.5000000000000004 1.5000000000000002 22.500000000000004
decision_type=2 2 2 2 2 2 2 2 2 2 2 2 2 2 2 2 2 2 2 2 2 2 2 2 2 2 2 2 2 2
left_child=2 3 -1 6 5 -4 7 19 9 -5 14 12 -11 -13 18 16 17 -8 -10 20 -2 -12 23 24 -3 -24 27 28 -27 -30
right_child=1 22 4 8 -6 -7 15 -9 10 11 21 13 -14 -15 -16 -17 -18 -19 -20 -21 -22 -23 25 -25 -26 26 -28 -29 29 -31
leaf_value=-0.00026024738845687047 0.024195580463856461 0.010374028683425143 0.026663109823130072 -0.022561548865185337 -0.0093116861597746514 -0.01147366501390934 -0.026902183499187233 0.035467161114017175 0.03172116136550903 -0.0085682440835696001 0.0095049838721752173 0.010921702713060838 0.044803672075271611 -0.022583642728626729 -0.0068133300989866256 0.0097769752070899062 -0.020695869614266688 0.01933672774373554 0.0010324736908078195 0.02983105960302055 -0.00296550859820168 0.039353034794330603 -0.020173542993143202 0.025331373998778873 -0.019608458835217689 0.0080285237826131003 -0.019412287027383478 0.0048244912616120517 -0.071084170788526538 0.020852670156293447
leaf_weight=3840 24 52 32 52 416 32 25 36 25 26 25 52 25 50 100 315 27 50 25 26 53 25 48 32 36 54 48 156 27 27
leaf_count=3840 24 52 32 52 416 32 25 36 25 26 25 52 25 50 100 315 27 50 25 26 53 25 48 32 36 54 48 156 27 27
internal_value=0 0.00304438 -0.0010155 0.00604892 -0.0070575 0.00759472 0.00951652 0.0178126 0.00128845 -0.00408359 0.00679479 0.0021965 0.0175945 -0.00550249 0.000916719 0.00675118 -0.0025932 0.00392376 0.0163768 0.011642 0.00550029 0.024429 -0.00297096 0.00536791 -0.00189153 -0.00575058 -0.00353166 -0.000644279 -0.00854361 -0.0251158
internal_weight=0 1441 4320 961 480 64 556 139 405 205 200 153 51 102 150 417 102 75 50 103 77 50 480 120 88 360 312 264 108 54
internal_count=5761 1441 4320 961 480 64 556 139 405 205 200 153 51 102 150 417 102 75 50 103 77 50 480 120 88 360 312 264 108 54
is_linear=0
shrinkage=0.05


Tree=113
num_leaves=31
num_cat=0
split_feature=0 0 0 0 1 2 2 2 0 2 0 2 1 0 0 0 2 1 1 2 0 2 1 0 0 1 2 2 0 1
split_gain=6.42958 9.40176 7.53051 11.1085 14.7906 23.9992 58.0798 43.9561 34.4306 20.9752 52.3837 42.3875 36.6692 14.3969 10.7 10.1437 7.4479 25.4789 37.0276 25.2967 32.5785 18.4423 14.2365 14.4132 12.4498 17.277 17.0321 10.9253 10.3279 20.7007
threshold=17.500000000000004 21.500000000000004 7.5000000000000009 5.5000000000000009 22.500000000000004 4.5000000000000009 2.5000000000000004 1.5000000000000002 6.5000000000000009 4.5000000000000009 6.5000000000000009 2.5000000000000004 1.0000000180025095e-35 6.5000000000000009 6.5000000000000009 6.5000000000000009 3.5000000000000004 37.500000000000007 22.500000000000004 1.5000000000000002 1.5000000000000002 4.5000000000000009 37.500000000000007 1.0000000180025095e-35 4.5000000000000009 1.0000000180025095e-35 5.5000000000000009 1.0000000180025095e-35 4.5000000000000009 1.0000000180025095e-35
decision_type=2 2 2 2 2 2 2 2 2 2 2 2 2 2 2 2 2 2 2 2 2 2 2 2 2 2 2 2 2 2
left_child=2 -2 3 16 9 6 7 8 -6 11 -11 12 -5 -8 -13 -7 17 18 28 27 -21 -18 23 -23 25 26 -25 -20 -1 -30
right_child=1 -3 -4 4 5 15 13 -9 -10 10 -12 14 -14 -15 -16 -17 21 -19 19 20 -22 22 -24 24 -26 -27 -28 -29 29 -31
leaf_value=-0.0048351136956583055 0.0057464715540501161 -0.0028224117948169201 -0.0028318985361062612 -0.0017765857735648751 -0.027343917237885762 -0.0066551582778201397 0.065720901881448107 -0.059732257367836106 0.046003119647502901 -0.0036426385316778633 0.084126852156923101 -0.0025377643605073294 0.058778493888676168 0.02100434677882327 -0.041087924624379317 -0.045278031707686545 -0.016752352951853365 -0.012984982022431261 0.023004275327548385 0.0025756440849767793 0.060830173843229807 -0.02834125185093167 0.01749294377114697 0.050470847139755887 -0.021319546638166206 -0.0039887425654074726 0.00033678894396871328 -0.010730741048852604 -0.011076531603055842 0.044097931737847193
leaf_weight=340 961 480 2400 50 32 34 36 36 32 34 34 36 50 36 36 34 216 204 48 36 72 51 102 36 51 136 32 48 34 34
leaf_count=340 961 480 2400 50 32 34 36 36 32 34 34 36 50 36 36 34 216 204 48 36 72 51 102 36 51 136 32 48 34 34
internal_value=0 0.00289216 -0.000964722 0.00136925 0.00795656 -0.00082036 0.00912118 -0.0155327 0.0093296 0.0167335 0.0402421 0.00743936 0.028501 0.0433626 -0.0218128 -0.0259666 -0.000826522 0.00231799 0.00741898 0.0248119 0.041412 -0.00493857 0.00131578 -0.00407661 0.000776321 0.00630029 0.0268783 0.00613677 -0.00127748 0.0165107
internal_weight=0 1441 4320 1920 480 240 172 100 64 240 68 172 100 72 72 68 1440 816 612 204 108 624 408 306 255 204 68 96 408 68
internal_count=5761 1441 4320 1920 480 240 172 100 64 240 68 172 100 72 72 68 1440 816 612 204 108 624 408 306 255 204 68 96 408 68
is_linear=0
shrinkage=0.05


Tree=114
num_leaves=31
num_cat=0
split_feature=0 0 0 1 2 2 1 2 2 2 2 1 1 2 2 2 0 2 2 0 2 0 2 2 0 0 2 1 2 2
split_gain=5.8027 8.48509 6.90972 9.48601 15.5227 18.3575 8.21802 67.5191 19.815 13.1704 9.37844 23.3402 11.5191 39.539 18.3993 9.21396 13.7025 8.86083 9.21643 7.81235 5.81986 4.92016 6.19678 4.62597 4.26537 3.25917 12.1351 16.1866 9.27701 7.59762
threshold=17.500000000000004 21.500000000000004 14.500000000000002 1.0000000180025095e-35 5.5000000000000009 4.5000000000000009 22.500000000000004 5.5000000000000009 4.5000000000000009 5.5000000000000009 1.0000000180025095e-35 37.500000000000007 37.500000000000007 1.5000000000000002 3.5000000000000004 4.5000000000000009 15.500000000000002 2.5000000000000004 1.5000000000000002 16.500000000000004 4.5000000000000009 16.500000000000004 2.5000000000000004 5.5000000000000009 22.500000000000004 20.500000000000004 2.5000000000000004 37.500000000000007 1.0000000180025095e-35 3.5000000000000004
decision_type=2 2 2 2 2 2 2 2 2 2 2 2 2 2 2 2 2 2 2 2 2 2 2 2 2 2 2 2 2 2
left_child=2 20 -1 4 5 19 7 8 21 10 11 -8 13 -12 17 16 -15 18 -14 -4 25 22 -5 -3 -25 -2 27 28 -27 -28
right_child=1 23 3 6 -6 -7 9 -9 -10 -11 12 -13 14 15 -16 -17 -18 -19 -20 -21 -22 -23 -24 24 -26 26 29 -29 -30 -31
leaf_value=-2.2206599086833497e-05 0.0058578220894782394 -0.0046065727017636305 0.015340990677129391 0.0047276830524206163 0.04198723174631596 -0.038697670344953188 0.04710511413092415 -0.095498017066468807 0.033537734520656094 0.020042458828538657 -0.08028153429428736 -0.022626790652672452 0.024471874185837808 -0.046846568418873684 -0.023778486509669433 0.015963863967745393 -0.0032217650450076223 0.03735045305004827 -0.018112376553040963 -0.010760916856139205 -0.00091310833719955098 -0.027375242945759798 -0.022478407693819868 -0.0030749388475669551 0.022741022818081547 0.040051781634489698 0.045743304635915499 -0.031367930999168979 0.0026907621537921606 0.013259084771076839
leaf_weight=3600 524 416 86 50 24 27 24 24 27 48 24 24 24 27 54 27 54 27 27 43 261 43 36 32 32 24 36 26 54 36
leaf_count=3600 524 416 86 50 24 27 24 24 27 48 24 24 24 27 54 27 54 27 27 43 261 43 36 32 32 24 36 26 54 36
internal_value=0 0.00274755 -0.000916486 -0.00538789 0.00455257 -0.00120661 -0.00870137 -0.0174245 -0.00541317 -0.00433981 -0.00809093 0.0122392 -0.0117873 -0.0222316 -0.00134307 -0.00933156 -0.0177634 0.0141891 0.00192727 0.00664035 0.00545915 -0.0135657 -0.00666091 -0.00268129 0.00983304 0.00783509 0.013722 0.00279786 0.0141865 0.0295012
internal_weight=0 1441 4320 720 180 156 540 180 156 360 312 48 264 132 132 108 81 78 51 129 961 129 86 480 64 700 176 104 78 72
internal_count=5761 1441 4320 720 180 156 540 180 156 360 312 48 264 132 132 108 81 78 51 129 961 129 86 480 64 700 176 104 78 72
is_linear=0
shrinkage=0.05


Tree=115
num_leaves=31
num_cat=0
split_feature=0 0 0 0 1 2 2 2 0 2 0 2 1 0 0 0 2 1 1 2 0 2 1 0 0 1 2 2 0 1
split_gain=5.23693 7.65779 6.52494 10.0254 13.3485 21.6593 52.417 39.6704 31.0737 18.9301 47.2763 38.2548 33.0939 12.9932 9.65677 9.15473 6.72173 22.9947 33.4174 22.8303 29.4021 16.6442 12.8485 13.0079 11.2359 15.5925 15.3715 9.86008 9.32095 18.6824
threshold=17.500000000000004 21.500000000000004 7.5000000000000009 5.5000000000000009 22.500000000000004 4.5000000000000009 2.5000000000000004 1.5000000000000002 6.5000000000000009 4.5000000000000009 6.5000000000000009 2.5000000000000004 1.0000000180025095e-35 6.5000000000000009 6.5000000000000009 6.5000000000000009 3.5000000000000004 37.500000000000007 22.500000000000004 1.5000000000000002 1.5000000000000002 4.5000000000000009 37.500000000000007 1.0000000180025095e-35 4.5000000000000009 1.0000000180025095e-35 5.5000000000000009 1.0000000180025095e-35 4.5000000000000009 1.0000000180025095e-35
decision_type=2 2 2 2 2 2 2 2 2 2 2 2 2 2 2 2 2 2 2 2 2 2 2 2 2 2 2 2 2 2
left_child=2 -2 3 16 9 6 7 8 -6 11 -11 12 -5 -8 -13 -7 17 18 28 27 -21 -18 23 -23 25 26 -25 -20 -1 -30
right_child=1 -3 -4 4 5 15 13 -9 -10 10 -12 14 -14 -15 -16 -17 21 -19 19 20 -22 22 -24 24 -26 -27 -28 -29 29 -31
leaf_value=-0.0045922475935453004 0.0051861906515140747 -0.002547226615230708 -0.0026087082087760793 -0.0016866478235460819 -0.025975610729074106 -0.0063212879878633173 0.062435968052078454 -0.056744534522294998 0.04370407565147616 -0.0034593965200816882 0.07992162067059648 -0.0024097704639037452 0.055840679721906789 0.01995523836877611 -0.039032420029656761 -0.043013018062886071 -0.015913625302965997 -0.012334621423289326 0.021855173632502556 0.0024479698182808029 0.057789775946487987 -0.026923079620681557 0.016619407260669485 0.047948414749569367 -0.020252458385977092 -0.0037881961421054955 0.00032105770660564306 -0.010193095635622741 -0.010521595536128563 0.041894144805915218
leaf_weight=340 961 480 2400 50 32 34 36 36 32 34 34 36 50 36 36 34 216 204 48 36 72 51 102 36 51 136 32 48 34 34
leaf_count=340 961 480 2400 50 32 34 36 36 32 34 34 36 50 36 36 34 216 204 48 36 72 51 102 36 51 136 32 48 34 34
internal_value=0 0.00261017 -0.000870662 0.0013019 0.00755984 -0.000778231 0.00866623 -0.0147549 0.00886423 0.0158979 0.0382311 0.0070685 0.027077 0.0411956 -0.0207211 -0.0246672 -0.000784086 0.0022032 0.00704914 0.0235724 0.0393425 -0.00469054 0.0012511 -0.00387167 0.000738615 0.00598638 0.0255355 0.00583104 -0.00121249 0.0156863
internal_weight=0 1441 4320 1920 480 240 172 100 64 240 68 172 100 72 72 68 1440 816 612 204 108 624 408 306 255 204 68 96 408 68
internal_count=5761 1441 4320 1920 480 240 172 100 64 240 68 172 100 72 72 68 1440 816 612 204 108 624 408 306 255 204 68 96 408 68
is_linear=0
shrinkage=0.05


Tree=116
num_leaves=31
num_cat=0
split_feature=2 1 0 0 2 2 0 2 0 0 2 0 1 0 2 0 1 0 1 0 2 2 0 0 0 0 1 0 0 1
split_gain=4.80316 7.8969 11.6658 29.6917 33.9963 23.5187 14.5296 11.3203 37.4954 18.1954 8.15804 6.82866 21.7298 16.6294 40.4936 29.7066 24.2446 16.5396 14.7309 22.8017 11.4959 9.58317 17.6861 9.8248 17.6297 15.5623 9.18122 9.16644 8.08876 15.4675
threshold=3.5000000000000004 1.0000000180025095e-35 8.5000000000000018 2.5000000000000004 1.0000000180025095e-35 2.5000000000000004 1.5000000000000002 1.5000000000000002 5.5000000000000009 5.5000000000000009 2.5000000000000004 7.5000000000000009 37.500000000000007 4.5000000000000009 1.5000000000000002 5.5000000000000009 22.500000000000004 6.5000000000000009 22.500000000000004 1.5000000000000002 1.5000000000000002 2.5000000000000004 3.5000000000000004 4.5000000000000009 1.5000000000000002 1.0000000180025095e-35 22.500000000000004 1.5000000000000002 10.500000000000002 37.500000000000007
decision_type=2 2 2 2 2 2 2 2 2 2 2 2 2 2 2 2 2 2 2 2 2 2 2 2 2 2 2 2 2 2
left_child=1 2 3 6 -5 7 -1 9 -9 -6 -4 12 13 14 26 -15 -17 21 27 -20 -18 23 -23 24 25 -14 -3 -16 29 -13
right_child=-2 11 10 4 5 -7 -8 8 -10 -11 -12 28 17 15 18 16 20 -19 19 -21 -22 22 -24 -25 -26 -27 -28 -29 -30 -31
leaf_value=0.0064509338534930174 -0.0016623526715429022 -0.027702816573437306 0.0063439416666025003 0.023552351274217169 0.0097593762911856174 0.002115127389077787 0.046482540491749262 -0.096061104922382928 -0.012732933058092991 -0.051809404697269204 0.020652893138704477 -0.017299007785058006 -0.006250610709190369 0.047617294293329053 0.024084560855084827 0.028253140426514778 0.0078366054192883904 0.02466058787506293 0.0023255741430653469 0.053697564211432583 -0.033351290888256495 -0.018841501312433846 0.034691693992526446 -0.037372394489124418 0.0041841015070676812 -0.06204004868865013 -0.0037481509009376171 -0.0084873741199434898 -0.0003410284523765357 0.0065475552826754603
leaf_weight=68 2477 80 380 48 24 54 34 27 27 24 135 204 25 68 36 68 32 34 36 54 36 36 27 50 75 25 80 54 1341 102
leaf_count=68 2477 80 380 48 24 54 34 27 27 24 135 204 25 68 36 68 32 34 36 54 36 36 27 50 75 25 80 54 1341 102
internal_value=0 0.00125385 0.00550061 -0.0022315 -0.0132447 -0.0245668 0.0197948 -0.0386925 -0.054397 -0.021025 0.0100948 -0.000161734 0.00357857 0.00934807 0.00257658 0.0206339 0.00714219 -0.00796043 0.0188451 0.0331488 -0.0139688 -0.0126206 0.0041013 -0.0186404 -0.0111477 -0.0341453 -0.0157255 0.0045414 -0.00201485 -0.00935015
internal_weight=0 3284 821 306 204 156 102 102 54 48 515 2463 816 544 340 204 136 272 180 90 68 238 63 175 125 50 160 90 1647 306
internal_count=5761 3284 821 306 204 156 102 102 54 48 515 2463 816 544 340 204 136 272 180 90 68 238 63 175 125 50 160 90 1647 306
is_linear=0
shrinkage=0.05


Tree=117
num_leaves=31
num_cat=0
split_feature=0 0 0 2 0 0 2 2 2 2 1 2 2 1 2 0 2 0 0 2 1 0 0 2 2 1 0 2 0 1
split_gain=4.61078 6.91255 6.26744 5.32853 8.06668 5.29825 11.9922 6.5827 9.76955 10.9393 14.5333 8.3725 6.71165 5.96277 13.0349 19.5784 11.6106 8.23456 6.66588 4.25547 4.11804 17.9854 19.8467 7.21316 6.62791 11.1298 9.29907 4.2327 3.8495 3.51924
threshold=17.500000000000004 21.500000000000004 15.500000000000002 1.0000000180025095e-35 16.500000000000004 20.500000000000004 2.5000000000000004 5.5000000000000009 4.5000000000000009 2.5000000000000004 37.500000000000007 1.0000000180025095e-35 3.5000000000000004 22.500000000000004 1.5000000000000002 19.500000000000004 1.0000000180025095e-35 19.500000000000004 18.500000000000004 5.5000000000000009 1.0000000180025095e-35 19.500000000000004 18.500000000000004 3.5000000000000004 4.5000000000000009 37.500000000000007 18.500000000000004 5.5000000000000009 22.500000000000004 1.0000000180025095e-35
decision_type=2 2 2 2 2 2 2 2 2 2 2 2 2 2 2 2 2 2 2 2 2 2 2 2 2 2 2 2 2 2
left_child=2 5 -1 4 -4 6 13 8 9 10 11 -7 -11 16 15 18 -2 -18 -15 -3 21 22 -8 -22 26 27 -25 -26 -21 -5
right_child=1 19 3 29 -6 7 20 -9 -10 12 -12 -13 -14 14 -16 -17 17 -19 -20 28 23 -23 -24 24 25 -27 -28 -29 -30 -31
leaf_value=-0.00014362506265721702 0.02366666552067424 -0.0042974332029608866 0.02497863667085767 -0.00030450184041490926 -0.010523738153278828 0.037695519851210224 0.017924320825508665 0.032443151989718901 -0.017329565086401998 0.042951459934314096 -0.030041791842533996 0.002202552669957556 0.012419938854873181 0.0059890761855058375 0.036974250561885399 -0.024334990474231103 -0.015967757167028529 0.013459031865932048 0.037783879458027726 -0.0027107150031952191 -0.018527321146088249 0.035626815566245244 -0.03532269424625805 0.034285777255340863 0.012424273923039436 -0.026942082779596047 -0.00165218869569125 -0.0083624653324174385 0.021814448309305592 -0.01092504769569645
leaf_weight=3840 48 416 32 104 32 24 35 32 32 36 26 54 36 32 54 34 70 36 34 32 81 34 35 27 50 49 54 48 32 312
leaf_count=3840 48 416 32 104 32 24 35 32 32 36 26 54 36 32 54 34 70 36 34 32 81 34 35 27 50 49 54 48 32 312
internal_value=0 0.00244917 -0.000816955 -0.0062036 0.00722745 0.00489663 0.00275466 0.0113315 0.0080835 0.0127041 0.00233215 0.0131235 0.0276857 0.0102218 0.0171787 0.00648913 0.00326482 -0.00597375 0.0223682 -0.00245086 -0.00281403 0.00579201 -0.00869919 -0.00571056 -0.00115723 -0.00748535 0.0103271 0.00224301 0.00955187 -0.00826991
internal_weight=0 1441 4320 480 64 961 721 240 208 176 104 78 72 308 154 100 154 106 66 480 413 104 70 309 228 147 81 98 64 416
internal_count=5761 1441 4320 480 64 961 721 240 208 176 104 78 72 308 154 100 154 106 66 480 413 104 70 309 228 147 81 98 64 416
is_linear=0
shrinkage=0.05


Tree=118
num_leaves=31
num_cat=0
split_feature=2 1 0 0 0 2 2 2 0 0 0 0 2 0 0 0 1 0 2 2 1 2 1 0 0 1 0 2 0 0
split_gain=4.24369 6.98622 11.1243 10.3633 23.7879 30.6817 21.2256 15.2903 17.5294 14.8845 14.269 13.113 10.2166 33.8396 16.4214 6.18519 19.6112 15.008 36.5455 28.0897 59.5435 65.9796 47.3923 37.3504 14.927 13.2946 20.5785 8.64881 15.9617 8.86689
threshold=3.5000000000000004 1.0000000180025095e-35 22.500000000000004 2.5000000000000004 8.5000000000000018 1.0000000180025095e-35 2.5000000000000004 1.0000000180025095e-35 10.500000000000002 15.500000000000002 19.500000000000004 1.5000000000000002 1.5000000000000002 5.5000000000000009 5.5000000000000009 7.5000000000000009 37.500000000000007 4.5000000000000009 1.5000000000000002 2.5000000000000004 22.500000000000004 1.0000000180025095e-35 22.500000000000004 5.5000000000000009 6.5000000000000009 22.500000000000004 1.5000000000000002 2.5000000000000004 3.5000000000000004 4.5000000000000009
decision_type=2 2 2 2 2 2 2 2 2 2 2 2 2 2 2 2 2 2 2 2 2 2 2 2 2 2 2 2 2 2
left_child=1 2 3 11 5 -5 12 9 -9 -6 -11 -1 14 -14 -7 16 17 18 -3 20 21 -19 -21 -22 27 -20 -27 29 -29 -18
right_child=-2 15 -4 4 7 6 -8 8 -10 10 -12 -13 13 -15 -16 -17 24 19 25 22 23 -23 -24 -25 -26 26 -28 28 -30 -31
leaf_value=0.0061355691649677127 -0.0015625405194995259 -0.014932029616320506 0.032754121736756396 0.022381913693000875 -0.026597108093223406 0.0092785909461478404 0.0020165543123665786 0.039630813724719563 0.0083028185231422517 0.03171557881869376 -0.019285516642654935 0.044165594525196972 -0.091250867093050927 -0.012089103487906634 -0.049211753283937773 -0.0019165462978185919 -0.01058310713917017 -0.006119608910133442 0.0043215101533051999 -0.058154410013446102 0.049139468669891356 0.094414834393297925 0.035527758134735958 -0.025710790846496825 0.023434740748694716 0.002216477692127228 0.051019867482008763 -0.017892242245013928 0.032964290802677473 -0.035496596787124877
leaf_weight=68 2477 160 35 48 56 24 54 52 316 32 24 34 27 27 24 1647 125 24 90 27 25 51 27 50 34 36 54 36 27 50
leaf_count=68 2477 160 35 48 56 24 54 52 316 32 24 34 27 27 24 1647 125 24 90 27 25 51 27 50 34 36 54 36 27 50
internal_value=0 0.00117857 0.00517295 0.00394478 0.00172771 -0.0125752 -0.0233313 0.00780646 0.0127296 -0.00836957 0.00985797 0.0188122 -0.0367507 -0.05167 -0.0199666 -0.000152896 0.00340682 0.00888785 0.00245493 0.0196094 0.0307416 0.0622438 -0.0113133 -0.000760704 -0.00755523 0.01791 0.0314985 -0.0119824 0.00390341 -0.0177012
internal_weight=0 3284 821 786 684 204 156 480 368 112 56 102 102 54 48 2463 816 544 340 204 150 75 54 75 272 180 90 238 63 175
internal_count=5761 3284 821 786 684 204 156 480 368 112 56 102 102 54 48 2463 816 544 340 204 150 75 54 75 272 180 90 238 63 175
is_linear=0
shrinkage=0.05


Tree=119
num_leaves=31
num_cat=0
split_feature=0 0 0 0 2 2 2 2 1 2 2 1 2 0 2 0 0 2 0 2 1 0 0 2 2 1 1 2 0 1
split_gain=4.14182 6.36462 5.7119 4.84757 10.6381 5.95168 8.80168 9.83091 13.0978 7.76367 6.01139 5.63299 11.764 17.6695 10.3596 7.43169 6.01595 4.58455 7.28018 3.92887 3.62682 16.229 17.9117 6.49592 5.98169 10.0446 8.49086 3.82002 3.47417 3.0173
threshold=17.500000000000004 21.500000000000004 15.500000000000002 20.500000000000004 2.5000000000000004 5.5000000000000009 4.5000000000000009 2.5000000000000004 37.500000000000007 1.0000000180025095e-35 3.5000000000000004 22.500000000000004 1.5000000000000002 19.500000000000004 1.0000000180025095e-35 19.500000000000004 18.500000000000004 1.0000000180025095e-35 16.500000000000004 5.5000000000000009 1.0000000180025095e-35 19.500000000000004 18.500000000000004 3.5000000000000004 4.5000000000000009 37.500000000000007 37.500000000000007 5.5000000000000009 22.500000000000004 1.0000000180025095e-35
decision_type=2 2 2 2 2 2 2 2 2 2 2 2 2 2 2 2 2 2 2 2 2 2 2 2 2 2 2 2 2 2
left_child=2 3 -1 4 11 6 7 8 9 -5 -9 14 13 16 -2 -16 -13 18 -4 -3 21 22 -6 -22 26 27 -25 -26 -21 -19
right_child=1 19 17 5 20 -7 -8 10 -10 -11 -12 12 -14 -15 15 -17 -18 29 -20 28 23 -23 -24 24 25 -27 -28 -29 -30 -31
leaf_value=-0.00013149871361141171 0.022163363181365036 -0.0041548345501024207 0.023405130254104733 0.036196052062587115 0.016979391489710127 0.030899121685069988 -0.016384961246512831 0.04077197114626567 -0.028443874533359823 0.0020179282649661653 0.011877068277034495 0.0057854510261677213 0.035221367583748095 -0.023022413078476401 -0.01532902735152415 0.012626422858253742 0.03599051419125103 -0.00045778414664360192 -0.010322124417871238 -0.0024970534897875043 -0.017505127127155847 0.033793031336630093 -0.03360527155654771 -0.0015580059477576505 0.011881189033389092 -0.025516852189083492 0.032782722816423131 -0.0078662155040850248 0.020801854017190636 -0.01029181874869093
leaf_weight=3840 48 416 32 24 35 32 32 36 26 54 36 32 54 34 70 36 34 104 32 32 81 34 35 54 50 49 27 48 32 312
leaf_count=3840 48 416 32 24 35 32 32 36 26 54 36 32 54 34 70 36 34 104 32 32 81 34 35 54 50 49 27 48 32 312
internal_value=0 0.00232127 -0.000774295 0.00466973 0.00262089 0.0108248 0.00773644 0.0121221 0.00228974 0.0125343 0.0263245 0.00965378 0.0164156 0.0062605 0.00289195 -0.00583472 0.0213456 -0.00591667 0.0065415 -0.00238054 -0.00262397 0.00545247 -0.00831294 -0.00534226 -0.00102124 -0.00703296 0.0098889 0.00220899 0.0091524 -0.00783331
internal_weight=0 1441 4320 961 721 240 208 176 104 78 72 308 154 100 154 106 66 480 64 480 413 104 70 309 228 147 81 98 64 416
internal_count=5761 1441 4320 961 721 240 208 176 104 78 72 308 154 100 154 106 66 480 64 480 413 104 70 309 228 147 81 98 64 416
is_linear=0
shrinkage=0.05


Tree=120
num_leaves=31
num_cat=0
split_feature=2 1 0 0 0 2 2 2 0 0 0 0 2 0 0 0 0 2 0 1 0 2 2 1 2 1 0 0 1 0
split_gain=3.75162 6.1843 10.2367 9.44052 21.2296 27.6902 19.1561 14.3323 15.8434 12.8169 12.9767 11.8344 9.22049 30.5402 14.8203 5.85518 14.5318 10.5444 5.60165 17.6991 13.5447 32.9823 25.351 53.738 59.5466 42.7715 33.7087 13.4716 11.9984 18.5721
threshold=3.5000000000000004 1.0000000180025095e-35 22.500000000000004 2.5000000000000004 8.5000000000000018 1.0000000180025095e-35 2.5000000000000004 1.0000000180025095e-35 10.500000000000002 15.500000000000002 19.500000000000004 1.5000000000000002 1.5000000000000002 5.5000000000000009 5.5000000000000009 14.500000000000002 15.500000000000002 1.5000000000000002 7.5000000000000009 37.500000000000007 4.5000000000000009 1.5000000000000002 2.5000000000000004 22.500000000000004 1.0000000180025095e-35 22.500000000000004 5.5000000000000009 6.5000000000000009 22.500000000000004 1.5000000000000002
decision_type=2 2 2 2 2 2 2 2 2 2 2 2 2 2 2 2 2 2 2 2 2 2 2 2 2 2 2 2 2 2
left_child=1 2 3 11 5 -5 12 9 -9 -6 -11 -1 14 -14 -7 17 -17 -10 19 20 21 -3 23 24 -22 -24 -25 -21 -23 -30
right_child=-2 18 -4 4 7 6 -8 8 15 10 -12 -13 13 -15 -16 16 -18 -19 -20 27 22 28 25 26 -26 -27 -28 -29 29 -31
leaf_value=0.00583536542732926 -0.0014691591727679695 -0.014178852274781092 0.031324157991579601 0.021269395745669804 -0.025260676856019668 0.0088212339207530029 0.0019223009374130656 0.037655848866471879 -0.025725972093641761 0.029412177577614787 -0.019224647277345262 0.041963888880084545 -0.086681752175920543 -0.011478072936060253 -0.046744590687255068 0.047652715903062089 0.0077452663905538052 0.0087690905129420571 -0.0018229802755037302 -0.011376673317545665 -0.005807051450634996 0.0041120087518680118 -0.055240117289401869 0.04668907463550568 0.089700671022429193 0.033757947799232267 -0.024418677190318705 0.022269578850554195 0.0021122261053986022 0.048475445834251507
leaf_weight=68 2477 160 35 48 56 24 54 52 32 32 24 34 27 27 24 26 186 72 1647 238 24 90 27 25 51 27 50 34 36 54
leaf_count=68 2477 160 35 48 56 24 54 52 32 32 24 34 27 27 24 26 186 72 1647 238 24 90 27 25 51 27 50 34 36 54
internal_value=0 0.00110813 0.00486628 0.00368814 0.00157207 -0.0119399 -0.0221582 0.00731466 0.0120811 -0.00834643 0.00856782 0.0178782 -0.0349066 -0.0490799 -0.0189617 0.00787257 0.0126396 -0.00184477 -0.000144585 0.00324306 0.00845003 0.00233876 0.0186355 0.0292111 0.0591382 -0.0107411 -0.000716093 -0.00717089 0.0170211 0.0299302
internal_weight=0 3284 821 786 684 204 156 480 368 112 56 102 102 54 48 316 212 104 2463 816 544 340 204 150 75 54 75 272 180 90
internal_count=5761 3284 821 786 684 204 156 480 368 112 56 102 102 54 48 316 212 104 2463 816 544 340 204 150 75 54 75 272 180 90
is_linear=0
shrinkage=0.05


Tree=121
num_leaves=31
num_cat=0
split_feature=0 0 0 1 2 2 1 2 2 2 0 2 1 1 0 0 2 2 2 2 1 2 2 1 2 0 2 0 0 0
split_gain=3.72488 5.86197 5.32856 6.30473 15.0334 15.2252 7.41676 60.6523 18.0763 12.0643 7.73537 8.47318 9.52852 8.83263 6.76621 4.43507 9.44265 5.37956 7.93192 8.83143 11.8079 7.20205 5.38507 5.30916 10.617 15.9467 9.25392 6.7071 5.4294 4.15432
threshold=17.500000000000004 21.500000000000004 14.500000000000002 1.0000000180025095e-35 5.5000000000000009 4.5000000000000009 22.500000000000004 5.5000000000000009 4.5000000000000009 5.5000000000000009 15.500000000000002 2.5000000000000004 37.500000000000007 37.500000000000007 16.500000000000004 20.500000000000004 2.5000000000000004 5.5000000000000009 4.5000000000000009 2.5000000000000004 37.500000000000007 1.0000000180025095e-35 3.5000000000000004 22.500000000000004 1.5000000000000002 19.500000000000004 1.0000000180025095e-35 19.500000000000004 18.500000000000004 15.500000000000002
decision_type=2 2 2 2 2 2 2 2 2 2 2 2 2 2 2 2 2 2 2 2 2 2 2 2 2 2 2 2 2 2
left_child=2 15 -1 4 5 14 7 8 29 10 11 13 -13 -8 -4 16 23 18 19 20 21 -17 -21 26 25 28 -2 -28 -25 -5
right_child=1 -3 3 6 -6 -7 9 -9 -10 -11 -12 12 -14 -15 -16 17 -18 -19 -20 22 -22 -23 -24 24 -26 -27 27 -29 -30 -31
leaf_value=5.1033150301211416e-05 0.020770772088629506 -0.0023109906837150145 0.01301875427625207 0.0006376955311658771 0.040283001214265826 -0.036367651268287941 -0.053789470911026011 -0.089646162472975757 0.03293779942172545 0.020117289836828908 -0.0012419414915851891 0.016793363817312099 -0.025213069468736651 -0.01175941526889801 -0.011272730660993 0.03476742217317224 -0.0024459693296733551 0.029427620948263213 -0.015492255217395723 0.038704917662673533 -0.026930532088646521 0.0018487105611711741 0.011356672499742773 0.005587329540867359 0.033551446577810028 -0.021780143765842214 -0.014710631743073464 0.011847045856605594 0.034282136367469594 -0.018396354956162531
leaf_weight=3600 48 480 86 43 24 27 25 24 27 48 208 27 27 25 43 24 413 32 32 36 26 54 36 32 54 34 70 36 34 86
leaf_count=3600 48 480 86 43 24 27 25 24 27 48 208 27 27 25 43 24 413 32 32 36 26 54 36 32 54 34 70 36 34 86
internal_value=0 0.00220134 -0.00073429 -0.0046609 0.00344306 -0.00222462 -0.00736222 -0.0156492 -0.00426503 -0.00321874 -0.0068089 -0.0179428 -0.00420985 -0.0327744 0.00492159 0.00445516 0.00249543 0.0103425 0.00740634 0.0115697 0.00225053 0.0119775 0.0250308 0.00912139 0.015686 0.00603862 0.0025568 -0.00569104 0.0203695 -0.0120517
internal_weight=0 1441 4320 720 180 156 540 180 156 360 312 104 54 50 129 961 721 240 208 176 104 78 72 308 154 100 154 106 66 129
internal_count=5761 1441 4320 720 180 156 540 180 156 360 312 104 54 50 129 961 721 240 208 176 104 78 72 308 154 100 154 106 66 129
is_linear=0
shrinkage=0.05


Tree=122
num_leaves=31
num_cat=0
split_feature=0 0 0 1 2 2 0 0 0 1 1 2 0 2 0 2 0 2 0 2 2 0 0 2 1 0 2 1 0 0
split_gain=3.3617 5.29043 4.93466 4.24033 15.6233 6.88099 31.8405 29.4094 20.0347 40.0192 16.8784 10.0895 17.741 18.1263 12.6451 22.0203 12.5989 9.99419 31.6645 81.7456 34.815 24.8794 6.91187 24.4097 14.8056 25.6522 13.209 19.3638 10.6806 8.6378
threshold=17.500000000000004 21.500000000000004 9.5000000000000018 37.500000000000007 4.5000000000000009 5.5000000000000009 1.5000000000000002 8.5000000000000018 7.5000000000000009 22.500000000000004 22.500000000000004 2.5000000000000004 5.5000000000000009 1.0000000180025095e-35 1.5000000000000002 1.5000000000000002 1.0000000180025095e-35 4.5000000000000009 5.5000000000000009 3.5000000000000004 3.5000000000000004 5.5000000000000009 2.5000000000000004 3.5000000000000004 1.0000000180025095e-35 1.5000000000000002 4.5000000000000009 1.0000000180025095e-35 1.5000000000000002 7.5000000000000009
decision_type=2 2 2 2 2 2 2 2 2 2 2 2 2 2 2 2 2 2 2 2 2 2 2 2 2 2 2 2 2 2
left_child=2 -2 3 5 -5 10 -7 8 9 -8 22 12 14 -14 16 -16 -12 18 20 -20 -13 -19 23 24 28 -26 27 -25 -1 -24
right_child=1 -3 -4 4 -6 6 7 -9 -10 -11 11 17 13 -15 15 -17 -18 21 19 -21 -22 -23 29 26 25 -27 -28 -29 -30 -31
leaf_value=0.0055410470265675991 0.0042323992025537433 -0.0021954401770441717 -0.0025869222939521328 -0.0078993606015086877 0.01000557727947393 -0.042278021574020386 0.022237183219597986 -0.04852233727773031 0.052942273827890553 -0.033677940598378579 0.01880051425099373 0.035364583948696099 0.018075590766966344 -0.02755911758662585 0.0069004560005851093 0.055781522323377436 -0.031396895498037335 0.025157032589669583 -0.0034934544935822489 0.10305963555971782 -0.021412283899607483 -0.028504452036900652 0.0056753590051084758 -0.073312397935876142 0.007772022767355391 -0.045418966030154162 -0.0083990700680900508 -0.013430127611866705 0.039863144211909354 -0.0063806575114050733
leaf_weight=68 961 480 1920 430 170 48 96 24 24 48 25 54 32 68 64 36 25 54 36 36 54 36 520 27 68 34 54 27 34 208
leaf_count=68 961 480 1920 430 170 48 96 24 24 48 25 54 32 68 64 36 25 54 36 36 54 36 520 27 68 34 54 27 34 208
internal_value=0 0.00209127 -0.000697575 0.000813903 -0.00282629 0.0020273 -0.00585433 0.0032516 0.0106479 0.00359881 0.00323986 0.010595 0.00335701 -0.012956 0.0142324 0.0244976 -0.00629819 0.0172968 0.0240989 0.0497831 0.00697615 0.00369244 -0.00043769 -0.00666413 0.00351172 -0.00995831 -0.0258852 -0.0433713 0.0169817 0.00223078
internal_weight=0 1441 4320 2400 600 1800 240 192 168 144 1560 520 250 100 150 100 50 270 180 72 108 90 1040 312 204 102 108 54 102 728
internal_count=5761 1441 4320 2400 600 1800 240 192 168 144 1560 520 250 100 150 100 50 270 180 72 108 90 1040 312 204 102 108 54 102 728
is_linear=0
shrinkage=0.05


Tree=123
num_leaves=31
num_cat=0
split_feature=2 1 0 0 0 2 2 2 0 0 0 0 2 0 0 0 0 2 0 1 0 2 2 1 2 1 2 0 1 0
split_gain=3.22535 5.07247 9.54784 7.72887 19.3723 24.9904 17.2884 13.3971 14.566 10.9852 11.9199 9.63924 8.32149 27.7178 13.2737 5.09317 12.8035 9.51635 4.73905 14.5088 12.4932 28.2041 23.1796 47.9757 53.7408 38.4287 30.946 12.1582 9.26227 15.6009
threshold=3.5000000000000004 1.0000000180025095e-35 22.500000000000004 2.5000000000000004 8.5000000000000018 1.0000000180025095e-35 2.5000000000000004 1.0000000180025095e-35 10.500000000000002 15.500000000000002 19.500000000000004 1.5000000000000002 1.5000000000000002 5.5000000000000009 5.5000000000000009 14.500000000000002 15.500000000000002 1.5000000000000002 7.5000000000000009 37.500000000000007 4.5000000000000009 1.5000000000000002 2.5000000000000004 22.500000000000004 1.0000000180025095e-35 22.500000000000004 1.0000000180025095e-35 6.5000000000000009 22.500000000000004 1.5000000000000002
decision_type=2 2 2 2 2 2 2 2 2 2 2 2 2 2 2 2 2 2 2 2 2 2 2 2 2 2 2 2 2 2
left_child=1 2 3 11 5 -5 12 9 -9 -6 -11 -1 14 -14 -7 17 -17 -10 19 20 21 -3 23 24 -22 -24 -25 -21 -23 -30
right_child=-2 18 -4 4 7 6 -8 8 15 10 -12 -13 13 -15 -16 16 -18 -19 -20 27 22 28 25 26 -26 -27 -28 -29 29 -31
leaf_value=0.0052639928262899907 -0.0013622213810754488 -0.013420365209458397 0.029983269376680256 0.020020072472592198 -0.023936378756271942 0.0080938542106499273 0.0016403332870039676 0.035994693823158744 -0.02431288140360266 0.027359337685629728 -0.019255024112741617 0.037869988951612921 -0.082633985234079541 -0.01098955610284099 -0.044492748565971851 0.044748488641702215 0.0072891802867493961 0.008457430335693062 -0.0016508274840877483 -0.010415422273486727 -0.0058030195379008857 0.0040890998025942182 -0.052764429841880449 0.046159596058229613 0.084929317659607123 0.03159453717094881 -0.02269167294908388 0.021548515914336725 0.0012774043819970557 0.043770470108009052
leaf_weight=68 2477 160 35 48 56 24 54 52 32 32 24 34 27 27 24 26 186 72 1647 238 24 90 27 24 51 27 51 34 36 54
leaf_count=68 2477 160 35 48 56 24 54 52 32 32 24 34 27 27 24 26 186 72 1647 238 24 90 27 24 51 27 51 34 36 54
internal_value=0 0.00102747 0.00443108 0.00329326 0.00137861 -0.0115288 -0.0212361 0.00686424 0.0114725 -0.00827731 0.00738175 0.0161327 -0.0333471 -0.0468118 -0.0181994 0.00743725 0.0118832 -0.00162574 -0.000107061 0.00300885 0.00772324 0.00185398 0.0175053 0.0276179 0.055895 -0.0105849 -0.000659267 -0.00641993 0.0154312 0.0267732
internal_weight=0 3284 821 786 684 204 156 480 368 112 56 102 102 54 48 316 212 104 2463 816 544 340 204 150 75 54 75 272 180 90
internal_count=5761 3284 821 786 684 204 156 480 368 112 56 102 102 54 48 316 212 104 2463 816 544 340 204 150 75 54 75 272 180 90
is_linear=0
shrinkage=0.05


Tree=124
num_leaves=31
num_cat=0
split_feature=0 0 0 1 2 2 1 2 1 2 2 1 2 1 2 2 2 0 0 2 1 2 0 2 0 0 2 2 2 1
split_gain=3.01885 4.87912 4.72382 5.10327 13.986 13.2222 6.73891 15.1885 44.3189 24.3864 12.9764 24.1018 19.4839 14.6536 7.71107 10.5909 13.818 5.93433 4.05778 8.38369 4.99243 9.58188 14.3919 8.27655 6.05316 4.90003 4.86177 7.14905 7.93105 10.6492
threshold=17.500000000000004 21.500000000000004 14.500000000000002 1.0000000180025095e-35 5.5000000000000009 4.5000000000000009 37.500000000000007 5.5000000000000009 22.500000000000004 4.5000000000000009 1.0000000180025095e-35 22.500000000000004 1.5000000000000002 22.500000000000004 5.5000000000000009 3.5000000000000004 2.5000000000000004 16.500000000000004 20.500000000000004 2.5000000000000004 22.500000000000004 1.5000000000000002 19.500000000000004 1.0000000180025095e-35 19.500000000000004 18.500000000000004 5.5000000000000009 4.5000000000000009 2.5000000000000004 37.500000000000007
decision_type=2 2 2 2 2 2 2 2 2 2 2 2 2 2 2 2 2 2 2 2 2 2 2 2 2 2 2 2 2 2
left_child=2 18 -1 4 5 17 7 9 -9 10 11 -5 13 -12 15 16 -8 -4 19 20 23 22 25 -2 -25 -22 27 28 29 -20
right_child=1 -3 3 6 -6 -7 14 8 -10 -11 12 -13 -14 -15 -16 -17 -18 -19 26 -21 21 -23 -24 24 -26 -27 -28 -29 -30 -31
leaf_value=7.8371868840703334e-05 0.01926635407532255 -0.0021349450751828652 0.011708881972400949 -0.02508073427403967 0.038466312363743788 -0.034351810757760649 -0.0045111537814761203 -0.084966397952909278 0.011122602752099435 0.023844977592428526 -0.018819038445750873 0.045779719576239587 -0.010175869670225147 -0.074071402599414193 0.027495158463716508 -0.020853538207571815 0.03720270996844327 -0.011040368468262429 0.011236715434978789 -0.0024926284576155082 0.0051788815064355738 0.031744797220798558 -0.020820216659237358 -0.014327679319041118 0.010902113014728661 0.032438950615880251 0.027812734694452959 -0.014861150644719601 0.023587085503256985 -0.025713087274478033
leaf_weight=3600 48 480 86 24 24 27 75 24 24 54 24 24 162 24 24 54 27 43 78 413 32 54 34 70 36 34 32 32 72 26
leaf_count=3600 48 480 86 24 24 27 75 24 24 54 24 24 162 24 24 54 27 43 78 413 32 54 34 70 36 34 32 32 72 26
internal_value=0 0.00198176 -0.000661046 -0.00435814 0.00293289 -0.00253379 -0.00678848 -0.0107381 -0.0369219 -0.0067098 -0.013105 0.0103495 -0.018466 -0.0464452 0.00111072 -0.00294843 0.00653075 0.0041258 0.00403797 0.00216345 0.00840683 0.0147726 0.00560761 0.00204106 -0.00575907 0.0192219 0.00966935 0.00687806 0.0108306 0.00199926
internal_weight=0 1441 4320 720 180 156 540 360 48 312 258 48 210 48 180 156 102 129 961 721 308 154 100 154 106 66 240 208 176 104
internal_count=5761 1441 4320 720 180 156 540 360 48 312 258 48 210 48 180 156 102 129 961 721 308 154 100 154 106 66 240 208 176 104
is_linear=0
shrinkage=0.05


Tree=125
num_leaves=31
num_cat=0
split_feature=0 0 2 0 2 1 1 1 1 0 2 1 2 0 0 0 0 2 2 1 0 2 1 1 0 0 1 1 2 0
split_gain=2.82291 7.78755 6.09167 29.2538 5.15136 23.9934 7.99688 6.51049 8.84677 14.763 12.1553 3.78873 3.76665 13.5768 9.29388 9.5481 20.9383 33.7263 7.504 7.11029 18.5622 6.06304 19.5275 16.07 7.12128 5.96421 7.39379 7.41616 5.67741 4.46917
threshold=19.500000000000004 21.500000000000004 5.5000000000000009 20.500000000000004 1.5000000000000002 37.500000000000007 1.0000000180025095e-35 1.0000000180025095e-35 22.500000000000004 20.500000000000004 3.5000000000000004 37.500000000000007 1.5000000000000002 18.500000000000004 13.500000000000002 6.5000000000000009 7.5000000000000009 1.0000000180025095e-35 1.0000000180025095e-35 1.0000000180025095e-35 4.5000000000000009 1.0000000180025095e-35 22.500000000000004 37.500000000000007 10.500000000000002 18.500000000000004 1.0000000180025095e-35 22.500000000000004 1.0000000180025095e-35 11.500000000000002
decision_type=2 2 2 2 2 2 2 2 2 2 2 2 2 2 2 2 2 2 2 2 2 2 2 2 2 2 2 2 2 2
left_child=12 2 4 -4 5 6 -2 -6 -9 11 -11 -10 13 14 15 19 17 -17 -15 20 28 -18 29 24 -24 -14 -27 -28 -1 -23
right_child=1 -3 3 -5 7 -7 -8 8 9 10 -12 -13 25 18 -16 16 21 -19 -20 -21 -22 22 23 -25 -26 26 27 -29 -30 -31
leaf_value=0.0085220595449209211 -0.0064696672865573101 -0.0020281985351660601 -0.041186431469395761 0.026422095857560637 0.026271125237856591 -0.035171030242653459 0.023228964315015168 -0.0058497024380734994 0.043789211064577109 0.019932227002249826 -0.021755724970032187 0.020524497585637229 -0.0008728074751096056 0.041182141331955795 -0.0067073403310496356 -0.0014380682958289983 -0.0023147918410055964 0.071154821314848959 0.0079051074882348377 -0.0055788472544268837 -0.023216216964647176 0.01856798830558546 -0.045410770984987421 0.014762067799953607 -0.0068932484835386278 -0.028092688339000402 0.012597492198611416 -0.012833948485379996 0.03516180407255888 0.041453159879893064
leaf_weight=40 34 480 32 32 70 34 68 70 35 36 34 35 3344 32 320 32 192 32 36 336 32 64 24 48 24 44 43 86 40 32
leaf_count=40 34 480 32 32 70 34 68 70 35 36 34 35 3344 32 320 32 192 32 36 336 32 64 24 48 24 44 43 86 40 32
internal_value=0 0.00247514 0.00697848 -0.00738217 0.00918781 0.00120431 0.0133294 0.0130655 0.00866365 0.0159203 -0.000316207 0.0321569 -0.000494925 0.00182293 0.000607093 0.00321939 0.00838087 0.0348584 0.0235649 -0.00194209 0.00896818 0.00396796 0.0102507 -0.00569497 -0.026152 -0.00134114 -0.0103937 -0.0043568 0.0218419 0.0261964
internal_weight=0 960 480 64 416 136 102 280 210 140 70 70 4801 1284 1216 896 448 64 68 448 112 384 192 96 48 3517 173 129 80 96
internal_count=5761 960 480 64 416 136 102 280 210 140 70 70 4801 1284 1216 896 448 64 68 448 112 384 192 96 48 3517 173 129 80 96
is_linear=0
shrinkage=0.05


Tree=126
num_leaves=31
num_cat=0
split_feature=2 0 1 0 0 2 1 1 2 1 0 0 0 2 1 1 2 2 1 0 0 0 0 1 0 0 1 1 0 0
split_gain=2.57547 4.58199 13.6302 6.3814 14.3774 24.2953 35.851 56.9868 18.9568 20.0406 32.3581 11.3831 10.8817 18.9802 11.4601 25.1675 6.06676 5.32704 23.8827 23.4815 22.0277 18.1775 10.0381 9.45158 11.7694 9.4488 24.9017 18.7729 5.3147 5.18717
threshold=3.5000000000000004 1.0000000180025095e-35 22.500000000000004 8.5000000000000018 5.5000000000000009 4.5000000000000009 22.500000000000004 37.500000000000007 4.5000000000000009 22.500000000000004 2.5000000000000004 3.5000000000000004 4.5000000000000009 5.5000000000000009 1.0000000180025095e-35 22.500000000000004 5.5000000000000009 4.5000000000000009 1.0000000180025095e-35 11.500000000000002 16.500000000000004 17.500000000000004 15.500000000000002 37.500000000000007 11.500000000000002 11.500000000000002 22.500000000000004 22.500000000000004 19.500000000000004 18.500000000000004
decision_type=2 2 2 2 2 2 2 2 2 2 2 2 2 2 2 2 2 2 2 2 2 2 2 2 2 2 2 2 2 2
left_child=-1 2 -2 4 8 6 -6 -8 9 10 -3 -11 13 14 -10 -16 -14 18 19 -5 -21 22 23 25 -25 27 -27 -20 -22 -23
right_child=1 3 -4 17 5 -7 7 -9 12 11 -12 -13 16 -15 15 -17 -18 -19 21 20 28 29 -24 24 -26 26 -28 -29 -30 -31
leaf_value=0.00091814315470472099 -0.029590595771486945 -0.035485233056048553 0.0066115164556182354 -0.066593268403300529 0.0016153209532300634 0.001095094716212913 0.11059492296642728 0.0078666030256836512 0.045972827325264615 -0.017614856251963861 0.025712443005155634 -0.053912118449807173 -0.02735383241540856 -0.0049200721456145406 -0.020736482780840663 0.030465208048311373 0.0025671929819509388 -0.00051307870264906625 -0.025397577992192024 0.012257089879777697 -0.050314541437007768 0.032375688795690187 -0.028264750524734455 -0.012962508091220149 0.030707653601550394 0.0058198192260331578 -0.052989790836970009 0.033563953748455756 -0.020968701649043298 0.0083683622821613592
leaf_weight=3284 52 36 52 27 54 204 27 27 36 54 54 36 36 128 36 72 32 1001 27 45 27 27 54 27 36 36 36 27 36 135
leaf_count=3284 52 36 52 27 54 204 27 27 36 54 54 36 36 128 36 72 32 1001 27 45 27 27 54 27 36 36 36 27 36 135
internal_value=0 -0.00121727 -0.0114895 -0.000767076 0.00276166 0.0112471 0.030423 0.0592308 -0.00232959 -0.0154502 0.00123337 -0.0321338 0.00461661 0.0090891 0.0215417 0.013398 -0.0132733 -0.00267227 -0.00667477 -0.0248875 -0.0144611 -0.000603859 -0.00925282 -0.00382084 0.0119919 -0.0117272 -0.023585 0.00408319 -0.0335455 0.0123696
internal_weight=0 2477 104 2373 832 312 108 54 520 180 90 90 340 272 144 108 68 1541 540 135 108 405 243 189 63 126 72 54 63 162
internal_count=5761 2477 104 2373 832 312 108 54 520 180 90 90 340 272 144 108 68 1541 540 135 108 405 243 189 63 126 72 54 63 162
is_linear=0
shrinkage=0.05


Tree=127
num_leaves=31
num_cat=0
split_feature=0 0 2 0 2 1 1 1 1 0 2 2 2 2 0 0 0 0 2 2 1 0 0 0 2 1 2 1 2 0
split_gain=2.48802 7.02826 5.45482 26.4016 4.66138 21.654 7.21718 6.1437 7.98421 13.3236 11.0609 3.73844 3.55131 3.24242 12.2531 8.38772 8.61716 18.8968 30.4379 6.77236 6.41704 16.7524 5.86324 16.6213 18.0475 11.739 11.2872 9.09592 17.4876 42.3003
threshold=19.500000000000004 21.500000000000004 5.5000000000000009 20.500000000000004 1.5000000000000002 37.500000000000007 1.0000000180025095e-35 1.0000000180025095e-35 22.500000000000004 20.500000000000004 3.5000000000000004 5.5000000000000009 3.5000000000000004 1.5000000000000002 18.500000000000004 13.500000000000002 6.5000000000000009 7.5000000000000009 1.0000000180025095e-35 1.0000000180025095e-35 1.0000000180025095e-35 4.5000000000000009 6.5000000000000009 5.5000000000000009 4.5000000000000009 37.500000000000007 5.5000000000000009 1.0000000180025095e-35 2.5000000000000004 2.5000000000000004
decision_type=2 2 2 2 2 2 2 2 2 2 2 2 2 2 2 2 2 2 2 2 2 2 2 2 2 2 2 2 2 2
left_child=13 2 4 -4 5 6 -2 -6 -9 12 -11 -3 -10 14 15 16 20 18 -18 -16 21 -1 23 27 25 -25 -26 28 29 -15
right_child=1 11 3 -5 7 -7 -8 8 9 10 -12 -13 -14 22 19 -17 17 -19 -20 -21 -22 -23 -24 24 26 -27 -28 -29 -30 -31
leaf_value=0.020703927618451419 -0.0061920917319024313 -0.0036852462812720873 -0.039101455826312304 0.02512664425885305 0.025209421919924875 -0.033458388202330651 0.022021607799893796 -0.0056825554291052485 0.019478983411358466 0.018889706499046751 -0.020877381282694202 0.0092954837244178645 0.042012165399158703 0.0099979699761779221 0.039077122882008555 -0.0064178809210716286 -0.0014120693202130498 0.0037236507054331015 0.067551172431558379 0.0074639470006028817 -0.0053458119016362446 -0.022101313923485577 -0.0027488055955404642 0.0379782160928036 -0.023627720090250173 -9.0978984479550963e-05 0.017184642213396727 0.0018387630026531173 -0.0023523345616246975 -0.078508465413297368
leaf_weight=80 34 416 32 32 70 34 68 70 36 36 34 64 34 27 32 320 32 384 32 36 336 32 2285 81 36 27 32 792 210 27
leaf_count=80 34 416 32 32 70 34 68 70 36 36 34 64 34 27 32 320 32 384 32 36 336 32 2285 81 36 27 32 792 210 27
internal_value=0 0.00232369 0.00660186 -0.00698741 0.00869252 0.00109818 0.012617 0.0123812 0.00810513 0.014999 -0.000425736 -0.00195448 0.0304237 -0.000464641 0.00168587 0.000530831 0.00301251 0.00791592 0.0330696 0.0223407 -0.00189089 0.00847386 -0.00124976 0.00153053 0.0157562 0.0284609 -0.0044219 -0.00084041 -0.00887793 -0.0342552
internal_weight=0 960 480 64 416 136 102 280 210 140 70 480 70 4801 1284 1216 896 448 64 68 448 112 3517 1232 176 108 68 1056 264 54
internal_count=5761 960 480 64 416 136 102 280 210 140 70 480 70 4801 1284 1216 896 448 64 68 448 112 3517 1232 176 108 68 1056 264 54
is_linear=0
shrinkage=0.05


Tree=128
num_leaves=31
num_cat=0
split_feature=0 0 0 2 1 0 2 2 0 2 2 0 2 1 2 1 1 2 2 0 2 1 2 2 1 2 1 0 0 2
split_gain=2.25567 3.66885 3.49037 3.97977 4.91212 19.1846 66.6318 22.0651 12.3631 9.36235 3.37394 3.20575 6.75195 4.62084 8.65517 29.9573 9.10958 13.9205 6.75189 4.9989 3.83971 8.87571 12.8438 8.39149 8.10136 6.68832 3.77987 13.0368 15.2626 5.98432
threshold=17.500000000000004 21.500000000000004 15.500000000000002 3.5000000000000004 1.0000000180025095e-35 16.500000000000004 5.5000000000000009 4.5000000000000009 16.500000000000004 4.5000000000000009 5.5000000000000009 20.500000000000004 2.5000000000000004 22.500000000000004 1.0000000180025095e-35 37.500000000000007 37.500000000000007 1.5000000000000002 1.0000000180025095e-35 19.500000000000004 2.5000000000000004 37.500000000000007 4.5000000000000009 5.5000000000000009 37.500000000000007 1.0000000180025095e-35 1.0000000180025095e-35 19.500000000000004 18.500000000000004 3.5000000000000004
decision_type=2 2 2 2 2 2 2 2 2 2 2 2 2 2 2 2 2 2 2 2 2 2 2 2 2 2 2 2 2 2
left_child=2 11 -1 -4 8 6 7 -6 -5 -7 -3 12 13 18 15 -15 -16 -18 -2 -20 24 22 -22 -24 25 -13 27 28 -14 -28
right_child=1 10 3 4 5 9 -8 -9 -10 -11 -12 20 26 14 16 -17 17 -19 19 -21 21 -23 23 -25 -26 -27 29 -29 -30 -31
leaf_value=-6.8931092467513133e-05 0.016866654762998225 -0.0035009840360054607 -0.00060995035729480588 0.027890915366319508 -0.032920747574556757 -0.020507398606935536 -0.10108731463551522 0.031002146102212094 -0.02086881075340968 0.015904449218628453 0.0088307091486058194 0.031288315945615368 0.016906235196760721 -0.043558046687394381 0.036191443339833672 0.035442651063203816 -0.019236868533950586 0.032021764251920916 -0.013523284580026355 0.0094043879976703076 0.023385080501989085 0.036155849037801523 -0.033067464083433154 0.0087443512243529156 -0.022901599338421456 -0.00043462622151882566 -0.016797657214381076 0.031297438241103114 -0.029788201302289964 -0.00097619673245374059
leaf_weight=3840 48 416 272 26 27 27 24 27 26 51 64 24 35 24 53 24 26 27 70 36 54 34 24 24 26 54 81 34 35 228
leaf_count=3840 48 416 272 26 27 27 24 27 26 51 64 24 35 24 53 24 26 27 70 36 54 34 24 24 26 54 81 34 35 228
internal_value=0 0.00171304 -0.000571412 -0.00459126 -0.00979758 -0.0142338 -0.0317679 -0.000959301 0.00351105 0.00330035 -0.00185676 0.00349609 0.00182995 0.0074329 0.0135572 -0.0040577 0.0215337 0.00687602 0.00130862 -0.00573653 0.00850144 0.0140319 0.00665725 -0.0121616 0.00126931 0.00932628 -0.00234852 0.00589658 -0.00644098 -0.00512357
internal_weight=0 1441 4320 480 208 156 78 54 52 78 480 961 721 308 154 48 106 53 154 106 240 136 102 48 104 78 413 104 70 309
internal_count=5761 1441 4320 480 208 156 78 54 52 78 480 961 721 308 154 48 106 53 154 106 240 136 102 48 104 78 413 104 70 309
is_linear=0
shrinkage=0.05


Tree=129
num_leaves=31
num_cat=0
split_feature=2 0 1 2 1 0 0 2 1 0 1 0 2 1 1 2 1 2 1 2 1 1 0 1 1 1 0 2 1 0
split_gain=2.13767 4.25172 14.9662 15.8236 17.3473 15.2759 9.62078 8.26297 13.4769 8.24815 24.3394 39.7471 21.0724 32.7317 50.764 19.5194 26.7642 49.2976 19.1066 12.1795 13.1505 8.34476 5.19208 72.7599 33.0785 5.43808 8.30184 4.7608 22.2932 20.8496
threshold=3.5000000000000004 2.5000000000000004 22.500000000000004 4.5000000000000009 1.0000000180025095e-35 1.5000000000000002 8.5000000000000018 4.5000000000000009 37.500000000000007 5.5000000000000009 22.500000000000004 4.5000000000000009 4.5000000000000009 22.500000000000004 37.500000000000007 4.5000000000000009 37.500000000000007 5.5000000000000009 1.0000000180025095e-35 4.5000000000000009 1.0000000180025095e-35 37.500000000000007 7.5000000000000009 1.0000000180025095e-35 22.500000000000004 22.500000000000004 6.5000000000000009 4.5000000000000009 1.0000000180025095e-35 11.500000000000002
decision_type=2 2 2 2 2 2 2 2 2 2 2 2 2 2 2 2 2 2 2 2 2 2 2 2 2 2 2 2 2 2
left_child=-1 2 3 4 -2 7 9 -4 -9 10 11 19 13 -11 -15 21 17 -17 -13 -3 -21 -12 23 -14 -24 -25 -27 28 29 -8
right_child=1 6 5 -5 -6 -7 27 8 -10 12 15 18 22 14 -16 16 -18 -19 -20 20 -22 -23 24 25 -26 26 -28 -29 -30 -31
leaf_value=0.00083647569936125049 -0.067741863567520072 0.054494565476973858 0.034818393654293484 -0.0059300690725007481 -0.01106326116455926 -0.017742136362581873 -0.063122716435679682 -0.01706521001589649 0.027453281231881944 0.00099666000654300064 -0.019450843196224282 -0.052868641110566952 0.070193772916408145 0.10452728483963897 0.0075698638403857198 0.018805125493694237 0.023682540742789998 -0.079682268574833875 0.0077477925671980939 0.040516304882133709 -0.0034597483189666976 -0.058761473800297143 -0.044944623156505471 0.0020618228022666538 0.024801219123251297 -0.0049583580564050121 -0.039899158324388895 -0.0004023762861988717 -0.00036198306782746019 -0.013998872648786615
leaf_weight=3284 27 36 36 102 27 52 27 34 34 54 27 26 34 27 27 27 51 24 26 34 34 27 34 34 34 34 34 1001 405 108
leaf_count=3284 27 36 36 102 27 52 27 34 34 54 27 26 34 27 27 27 51 24 26 34 34 27 34 34 34 34 34 1001 405 108
internal_value=0 -0.001109 -0.00656583 -0.0175167 -0.0394026 0.00438504 -0.000322608 0.0154486 0.00519404 0.00491527 -0.000833249 0.013132 0.0106638 0.0285226 0.0560486 -0.0147985 -0.00192967 -0.0275419 -0.0225604 0.0309781 0.0185283 -0.0391062 0.00120911 0.00684952 -0.0100717 -0.0142652 -0.0224288 -0.00244359 -0.0062274 -0.0238236
internal_weight=0 2477 312 156 54 156 2165 104 68 624 312 156 312 108 54 156 102 51 52 104 68 54 204 136 68 102 68 1541 540 135
internal_count=5761 2477 312 156 54 156 2165 104 68 624 312 156 312 108 54 156 102 51 52 104 68 54 204 136 68 102 68 1541 540 135
is_linear=0
shrinkage=0.05


Tree=130
num_leaves=31
num_cat=0
split_feature=0 0 0 2 0 0 2 1 2 1 1 2 2 0 1 2 0 2 2 1 0 2 1 2 2 1 2 1 2 1
split_gain=2.05941 3.31149 3.15431 3.0515 3.13544 2.89286 5.97644 4.17031 7.81129 27.0365 8.22139 12.5633 6.09358 4.51151 3.52777 12.2969 12.8045 5.44493 4.20404 9.06512 8.36447 3.51706 7.97597 11.6476 7.57332 7.31148 6.34102 2.8156 17.5349 11.3184
threshold=17.500000000000004 21.500000000000004 12.500000000000002 5.5000000000000009 22.500000000000004 20.500000000000004 2.5000000000000004 22.500000000000004 1.0000000180025095e-35 37.500000000000007 37.500000000000007 1.5000000000000002 1.0000000180025095e-35 19.500000000000004 1.0000000180025095e-35 3.5000000000000004 19.500000000000004 3.5000000000000004 4.5000000000000009 37.500000000000007 18.500000000000004 2.5000000000000004 37.500000000000007 4.5000000000000009 5.5000000000000009 37.500000000000007 1.5000000000000002 22.500000000000004 4.5000000000000009 37.500000000000007
decision_type=2 2 2 2 2 2 2 2 2 2 2 2 2 2 2 2 2 2 2 2 2 2 2 2 2 2 2 2 2 2
left_child=2 5 -1 -3 -5 6 7 12 9 -9 -10 -12 -2 -14 15 -8 -17 -16 20 -20 -19 25 23 -23 -25 26 -7 -4 -29 -30
right_child=1 3 27 4 -6 21 14 8 10 -11 11 -13 13 -15 17 16 -18 18 19 -21 -22 22 -24 24 -26 -27 -28 28 29 -31
leaf_value=0.00029191599756370868 0.015981497988104821 -0.0033183547077127377 -0.0051464799099291371 -0.0026576900621876121 0.019476272245447037 0.019191009200671141 0.034816819857116099 -0.041421970197310053 0.034340047667611319 0.033628693098823235 -0.018316848955761928 0.030378851460085978 -0.012888942004314492 0.0088923444557521079 -0.015999595917485381 -0.018536235076876788 0.025007485598325732 0.030961252417829301 0.0028319063891029481 -0.023507404433829444 -0.003122937958687544 0.022317603865155466 0.034351244568824768 -0.031393973777691528 0.0083272519210974387 -0.021798346592829781 -0.010775058826914541 -0.0056770599160213464 0.026193108611247119 0.00039022718501441621
leaf_weight=3120 48 416 600 32 32 51 27 24 53 24 26 27 70 36 81 52 25 27 98 49 54 54 34 24 24 26 27 430 85 85
leaf_count=3120 48 416 600 32 32 51 27 24 53 24 26 27 70 36 81 52 25 27 98 49 54 54 34 24 24 26 27 430 85 85
internal_value=0 0.00163682 -0.000545987 -0.00175467 0.00840929 0.0033308 0.00174806 0.00701943 0.0128375 -0.00389664 0.0204152 0.00649039 0.00120137 -0.00549152 -0.00218313 0.00578228 -0.00439866 -0.00486404 -0.000907986 -0.00594786 0.00823846 0.00808562 0.0133786 0.00638774 -0.0115334 0.00116402 0.00881814 -0.00272453 -0.000302587 0.0132917
internal_weight=0 1441 4320 480 64 961 721 308 154 48 106 53 154 106 413 104 77 309 228 147 81 240 136 102 48 104 78 1200 600 170
internal_count=5761 1441 4320 480 64 961 721 308 154 48 106 53 154 106 413 104 77 309 228 147 81 240 136 102 48 104 78 1200 600 170
is_linear=0
shrinkage=0.05


Tree=131
num_leaves=31
num_cat=0
split_feature=2 0 1 0 0 2 1 0 0 0 2 1 1 2 1 0 2 1 1 2 1 1 0 1 1 1 1 1 1 0
split_gain=2.02308 4.20037 11.0791 5.29219 6.91673 16.4252 16.9923 25.8774 9.34876 9.21359 16.301 10.0218 22.1485 5.95978 5.21552 5.02449 19.0178 29.5404 45.8145 10.2539 15.4544 8.9888 4.68585 65.6658 29.8533 4.90787 8.146 4.57607 4.5143 9.84603
threshold=3.5000000000000004 1.0000000180025095e-35 22.500000000000004 10.500000000000002 5.5000000000000009 4.5000000000000009 22.500000000000004 2.5000000000000004 3.5000000000000004 4.5000000000000009 5.5000000000000009 1.0000000180025095e-35 22.500000000000004 5.5000000000000009 37.500000000000007 8.5000000000000018 4.5000000000000009 22.500000000000004 37.500000000000007 4.5000000000000009 22.500000000000004 1.0000000180025095e-35 7.5000000000000009 1.0000000180025095e-35 22.500000000000004 22.500000000000004 37.500000000000007 1.0000000180025095e-35 22.500000000000004 2.5000000000000004
decision_type=2 2 2 2 2 2 2 2 2 2 2 2 2 2 2 2 2 2 2 2 2 2 2 2 2 2 2 2 2 2
left_child=-1 2 -2 4 5 6 7 -3 14 10 11 -7 -13 -11 -8 16 17 27 -19 20 -17 -21 23 -18 -24 -25 -27 -6 -12 -30
right_child=1 3 -4 -5 15 9 8 -9 -10 13 28 12 -14 -15 -16 19 22 18 -20 21 -22 -23 24 25 -26 26 -28 -29 29 -31
leaf_value=0.00081374692014105467 -0.027233541728212286 -0.031739152704055112 0.0054054229162060303 -0.0027334673087401158 0.015487471691988134 0.042915999847981667 -0.032008995778030819 0.022988033156704019 -0.049364293842679929 -0.026003921777009966 0.0049360613629687577 -0.019567997463875348 0.028464613663446572 0.003652138449251652 -0.00093107212472845014 -0.038339011453919943 0.066669488128493812 0.099286324047931918 0.0071767773893144406 0.030425526749561817 0.0079907778650522236 0.00073959180838702361 -0.042711986009688944 0.0019441383069052417 0.023546563647687438 -0.038627563679919527 -0.004016273424905889 -0.013623017748748814 0.0057677914148939642 -0.033455197000876069
leaf_weight=3284 52 36 52 1333 27 36 27 54 36 36 64 36 72 32 27 36 34 27 27 34 36 102 34 34 34 34 34 27 32 32
leaf_count=3284 52 36 52 1333 27 36 27 54 36 36 64 36 72 32 27 36 34 27 27 34 36 102 34 34 34 34 34 27 32 32
internal_value=0 -0.00107886 -0.0109141 -0.000647823 0.00202541 -0.00205218 -0.0142653 0.00109716 -0.0296277 0.00441358 0.00852901 0.0200693 0.0124537 -0.0120481 -0.01647 0.006103 0.010116 0.0270819 0.0532316 8.3509e-05 -0.0151741 0.00816108 0.00113406 0.00649245 -0.00958271 -0.0135666 -0.0213219 0.000932227 -0.00445382 -0.0138437
internal_weight=0 2477 104 2373 1040 520 180 90 90 340 272 144 108 68 54 520 312 108 54 208 72 136 204 136 68 102 68 54 128 64
internal_count=5761 2477 104 2373 1040 520 180 90 90 340 272 144 108 68 54 520 312 108 54 208 72 136 204 136 68 102 68 54 128 64
is_linear=0
shrinkage=0.05


Tree=132
num_leaves=31
num_cat=0
split_feature=0 0 1 2 2 2 2 1 2 1 0 1 2 2 0 0 2 1 2 0 2 0 0 2 1 1 2 1 0 2
split_gain=1.94023 2.98967 2.9054 6.54233 6.05729 5.76282 8.14641 6.55067 16.6941 29.3716 10.0802 4.48597 17.1658 5.26071 2.88001 2.87617 3.602 4.77169 17.3403 63.9755 21.982 11.1577 2.99253 7.00063 5.84906 18.6953 5.13213 3.59927 2.60983 5.23333
threshold=17.500000000000004 21.500000000000004 1.0000000180025095e-35 4.5000000000000009 2.5000000000000004 5.5000000000000009 2.5000000000000004 37.500000000000007 1.5000000000000002 22.500000000000004 22.500000000000004 37.500000000000007 4.5000000000000009 3.5000000000000004 22.500000000000004 15.500000000000002 3.5000000000000004 1.0000000180025095e-35 5.5000000000000009 16.500000000000004 4.5000000000000009 16.500000000000004 16.500000000000004 2.5000000000000004 1.0000000180025095e-35 22.500000000000004 1.0000000180025095e-35 37.500000000000007 20.500000000000004 2.5000000000000004
decision_type=2 2 2 2 2 2 2 2 2 2 2 2 2 2 2 2 2 2 2 2 2 2 2 2 2 2 2 2 2 2
left_child=15 28 3 4 14 6 7 8 9 -4 -9 12 13 -8 -3 -1 22 21 20 -20 -19 -18 26 24 -24 -26 -17 -27 29 -2
right_child=1 2 5 -5 -6 -7 11 10 -10 -11 -12 -13 -14 -15 -16 16 17 18 19 -21 -22 -23 23 -25 25 27 -28 -29 -30 -31
leaf_value=-7.3822000493540456e-05 0.0066277731022519343 -0.0027882558007079825 0.030713996641776143 0.024464291099866389 -0.017701988874210251 -0.020008093989842261 0.012703484296798706 0.027026444272353102 -0.044254600877563166 -0.035007737368783536 -0.017001960140008193 -0.0053098560812381602 -0.017793820390943439 0.039734092468602794 0.020745735192814699 0.022363333113025876 0.027145809422318753 -0.024948586918482629 -0.096233440314730023 0.019214494774738949 0.020166476567586265 -0.019175927455608661 0.0085023394823074347 0.013270904485964114 -0.054727590005844831 0.011642998307943346 -0.00053461542388854124 -0.015187081694602967 0.007714554610817383 -0.0019836768178724778
leaf_weight=3840 308 26 34 32 36 48 36 26 36 34 26 52 32 36 26 32 26 54 24 24 54 26 25 36 25 25 104 25 240 413
leaf_count=3840 308 26 34 32 36 48 36 26 36 34 26 52 32 36 26 32 26 54 24 24 54 26 25 36 25 25 104 25 240 413
internal_value=0 0.00158876 -0.00163372 0.005104 -0.0019361 -0.00387963 -0.00139833 -0.00947767 -0.0167226 -0.00214687 0.00501224 0.00668101 0.0126764 0.0262188 0.00897874 -0.000529954 -0.00417901 -0.00913208 -0.0135044 -0.0385095 -0.00239106 0.00398494 -0.000391375 -0.00563589 -0.0124423 -0.0194239 0.00485314 -0.00177204 0.00319832 0.001695
internal_weight=0 1441 480 120 88 360 312 156 104 68 52 156 104 72 52 4320 480 208 156 48 108 52 272 136 100 75 136 50 961 721
internal_count=5761 1441 480 120 88 360 312 156 104 68 52 156 104 72 52 4320 480 208 156 48 108 52 272 136 100 75 136 50 961 721
is_linear=0
shrinkage=0.05


Tree=133
num_leaves=31
num_cat=0
split_feature=0 0 2 0 0 0 2 0 1 2 1 2 2 2 2 2 2 1 0 2 0 0 1 2 0 2 1 1 1 2
split_gain=1.75106 2.69817 3.02638 2.82973 2.61235 4.95321 6.39842 13.0769 7.7325 33.5537 22.6679 102.825 27.6699 19.4542 41.7087 12.6438 16.6833 9.85569 9.29462 8.40051 5.61105 7.07323 5.08931 4.65501 9.82325 14.7117 9.04472 19.989 5.84897 6.9617
threshold=17.500000000000004 21.500000000000004 5.5000000000000009 22.500000000000004 7.5000000000000009 4.5000000000000009 1.0000000180025095e-35 5.5000000000000009 1.0000000180025095e-35 4.5000000000000009 22.500000000000004 2.5000000000000004 3.5000000000000004 2.5000000000000004 4.5000000000000009 3.5000000000000004 1.5000000000000002 37.500000000000007 6.5000000000000009 5.5000000000000009 6.5000000000000009 5.5000000000000009 22.500000000000004 4.5000000000000009 1.0000000180025095e-35 5.5000000000000009 1.0000000180025095e-35 22.500000000000004 37.500000000000007 1.5000000000000002
decision_type=2 2 2 2 2 2 2 2 2 2 2 2 2 2 2 2 2 2 2 2 2 2 2 2 2 2 2 2 2 2
left_child=4 -2 -3 -4 5 23 7 -7 9 15 11 -10 -13 -12 20 16 -8 -16 -14 -19 21 -15 -9 28 -25 26 -26 -28 -1 -30
right_child=1 2 3 -5 -6 6 8 22 10 -11 13 12 18 14 17 -17 -18 19 -20 -21 -22 -23 -24 24 25 -27 27 -29 29 -31
leaf_value=-0.00067334468339302748 0.0030384072485407981 -0.0031092720467803211 -0.0019436295493505896 0.019083633177069716 -0.001603194448922295 0.042264455219265078 -0.047978365529949468 -0.010981673770584167 0.079322565127821543 0.025933225803515494 -0.020181207377098356 -0.050840166431886186 -0.0043175986179938685 0.020477228839364318 -0.032036365627073779 -0.052990720724617996 0.0021237620618194341 -0.020083940608633888 0.032296191800672273 0.020571660871307056 0.011972686275839806 0.051820378824292371 0.017217698926106095 -0.013140769324073679 0.040773886400792339 -0.004227436343535374 -0.018585908868246608 0.027045074896886945 0.0014917002990841866 -0.017122101193138711
leaf_weight=645 961 416 32 32 2400 32 24 32 51 51 102 27 52 36 51 27 54 27 26 24 36 36 32 68 36 128 36 72 80 135
leaf_count=645 961 416 32 32 2400 32 24 32 51 51 102 27 52 36 51 27 54 27 26 24 36 36 32 68 36 128 36 72 80 135
internal_value=0 0.00150932 -0.00155204 0.00857 -0.000503456 0.000871216 0.00414981 0.0161668 0.00230104 -0.00733944 0.00551453 0.0210766 -0.00721427 -0.00226652 0.0064349 -0.0235004 -0.0132923 -0.0164941 0.007887 -0.000951893 0.0280901 0.0361488 0.00311801 -0.00109594 0.00385685 0.00810625 0.0190695 0.0118347 -0.00305402 -0.010196
internal_weight=0 1441 480 64 4320 1920 720 96 624 156 468 156 105 312 210 105 78 102 78 51 108 72 64 1200 340 272 144 108 860 215
internal_count=5761 1441 480 64 4320 1920 720 96 624 156 468 156 105 312 210 105 78 102 78 51 108 72 64 1200 340 272 144 108 860 215
is_linear=0
shrinkage=0.05


Tree=134
num_leaves=31
num_cat=0
split_feature=2 1 0 0 0 2 0 2 0 0 0 2 0 0 2 2 0 0 0 0 1 0 0 2 0 1 2 1 0 1
split_gain=1.74116 4.1042 9.05581 6.12771 16.0403 41.7477 8.69941 7.92107 7.47426 11.329 15.2275 5.25229 5.08766 8.56508 28.3191 6.40879 4.3453 5.23164 5.16522 3.84534 11.9595 9.70779 8.83162 24.3619 23.2183 15.1655 11.3854 8.3592 14.0798 8.09326
threshold=3.5000000000000004 1.0000000180025095e-35 22.500000000000004 2.5000000000000004 4.5000000000000009 1.5000000000000002 1.5000000000000002 2.5000000000000004 12.500000000000002 13.500000000000002 14.500000000000002 1.0000000180025095e-35 10.500000000000002 8.5000000000000018 1.0000000180025095e-35 1.5000000000000002 12.500000000000002 9.5000000000000018 17.500000000000004 7.5000000000000009 37.500000000000007 6.5000000000000009 4.5000000000000009 1.5000000000000002 5.5000000000000009 22.500000000000004 1.5000000000000002 22.500000000000004 1.5000000000000002 22.500000000000004
decision_type=2 2 2 2 2 2 2 2 2 2 2 2 2 2 2 2 2 2 2 2 2 2 2 2 2 2 2 2 2 2
left_child=1 2 3 6 5 -5 -1 8 12 -10 -11 -12 13 14 -6 -16 17 -9 -18 20 22 -22 23 29 -24 -26 -27 -25 -29 -3
right_child=-2 19 -4 4 7 -7 -8 16 9 10 11 -13 -14 -15 15 -17 18 -19 -20 -21 21 -23 24 27 25 26 -28 28 -30 -31
leaf_value=0.0038154994301936203 -0.0010008735114902742 -0.023554561324417592 0.028701578192412855 0.019511676160618663 0.027873836690559983 -0.058978335311015456 0.034791193858665581 0.011754633593890403 0.037812713325023652 -0.034466462790966039 -0.0049879776983289053 0.01230243031068572 -0.02088176815211773 0.014431814327836037 -0.045447202541981827 -0.014694281877018512 -0.0062633935093051865 0.039594481895781228 0.017693102955818177 -0.0016562032416625753 -0.0095895176393394708 0.01897236184381387 0.038901305647895623 0.0037302190065383913 0.019814975318663261 0.0081220537715125836 -0.032867460806543632 0.0010591090346376102 0.0414275237876508 -0.0010639211256057025
leaf_weight=68 2477 80 35 32 32 36 34 45 25 25 64 140 50 50 32 36 45 27 45 1647 238 34 68 90 68 32 36 36 54 80
leaf_count=68 2477 80 35 32 32 36 34 45 25 25 64 140 50 50 32 36 45 27 45 1647 238 34 68 90 68 32 36 36 54 80
internal_value=0 0.000754922 0.00381649 0.00270837 0.00100355 -0.0220419 0.0141407 0.00354752 0.000160631 0.00585341 0.0023644 0.00687799 -0.0070692 -0.00246501 -0.0109134 -0.0291662 0.0130392 0.0221946 0.00571485 -0.0002656 0.00254117 -0.00601928 0.0068214 0.00188663 0.015046 0.00311835 -0.0135783 0.0145052 0.0252802 -0.0123092
internal_weight=0 3284 821 786 684 68 102 616 454 254 229 204 200 150 100 68 162 72 90 2463 816 272 544 340 204 136 68 180 90 160
internal_count=5761 3284 821 786 684 68 102 616 454 254 229 204 200 150 100 68 162 72 90 2463 816 272 544 340 204 136 68 180 90 160
is_linear=0
shrinkage=0.05


Tree=135
num_leaves=31
num_cat=0
split_feature=2 1 0 0 0 2 0 2 0 0 0 2 0 0 2 2 0 0 0 2 0 1 0 2 1 2 1 0 0 1
split_gain=1.5714 3.70404 8.17287 5.53026 14.4764 37.6773 7.85122 7.14876 6.74552 10.2245 13.7428 4.74019 4.59161 7.72998 25.558 5.78394 4.4514 3.68674 4.8385 3.81107 3.60491 12.2842 14.1645 13.1495 15.6559 8.15161 12.1629 7.73778 6.5193 20.0443
threshold=3.5000000000000004 1.0000000180025095e-35 22.500000000000004 2.5000000000000004 4.5000000000000009 1.5000000000000002 1.5000000000000002 2.5000000000000004 12.500000000000002 13.500000000000002 14.500000000000002 1.0000000180025095e-35 10.500000000000002 8.5000000000000018 1.0000000180025095e-35 1.5000000000000002 18.500000000000004 16.500000000000004 20.500000000000004 1.5000000000000002 2.5000000000000004 22.500000000000004 1.5000000000000002 4.5000000000000009 1.0000000180025095e-35 4.5000000000000009 37.500000000000007 8.5000000000000018 5.5000000000000009 22.500000000000004
decision_type=2 2 2 2 2 2 2 2 2 2 2 2 2 2 2 2 2 2 2 2 2 2 2 2 2 2 2 2 2 2
left_child=1 2 3 6 5 -5 -1 8 12 -10 -11 -12 13 14 -6 -16 -9 -13 19 -19 21 23 25 24 -2 -23 -27 28 29 -22
right_child=20 -3 -4 4 7 -7 -8 16 9 10 11 17 -14 -15 15 -17 -18 18 -20 -21 27 22 -24 -25 -26 26 -28 -29 -30 -31
leaf_value=0.0036247231614063772 -0.062770100676075177 -0.00025231953845686463 0.027266500177127975 0.018536090920679271 0.026480139885097745 -0.056029420801334912 0.033051632366636219 0.016817452603330216 0.035922077864408493 -0.032743134915828705 -0.0047385782963829115 0.026013829756309004 -0.019837678372859956 0.013710224494338036 -0.043174842768348758 -0.013959567041860688 -0.0031186094714535611 0.011436031901222818 0.021988020415624809 -0.011906690688596832 0.012033252494457441 0.033838114059633682 -0.017361274422952332 -0.0053344257055512427 -0.008925430200718067 -0.016732232678024209 0.025560330434852993 -0.0021288539594828621 0.0095813587922841705 -0.013313230069784019
leaf_weight=68 27 2463 35 32 32 36 34 126 25 25 64 34 50 50 32 36 36 34 36 36 156 36 52 102 27 34 34 1541 312 156
leaf_count=68 27 2463 35 32 32 36 34 126 25 25 64 34 50 50 32 36 36 34 36 36 156 36 52 102 27 34 34 1541 312 156
internal_value=0 0.000717176 0.00362566 0.00257295 0.00095337 -0.0209398 0.0134337 0.00337014 0.000152599 0.00556074 0.00224618 0.00653409 -0.00671574 -0.00234176 -0.0103677 -0.0277079 0.0123872 0.0116873 0.00709201 -0.000568797 -0.00095083 -0.00597548 0.00394578 -0.0158967 -0.0358478 0.0145993 0.00441405 -0.000226724 0.00447069 -0.000639989
internal_weight=0 3284 821 786 684 68 102 616 454 254 229 204 200 150 100 68 162 140 106 70 2477 312 156 156 54 104 68 2165 624 312
internal_count=5761 3284 821 786 684 68 102 616 454 254 229 204 200 150 100 68 162 140 106 70 2477 312 156 156 54 104 68 2165 624 312
is_linear=0
shrinkage=0.05


Tree=136
num_leaves=31
num_cat=0
split_feature=0 0 2 0 0 1 2 2 1 2 1 2 2 1 2 1 2 2 2 2 2 0 2 2 0 2 1 2 1 1
split_gain=1.49157 2.65085 2.91814 2.55383 2.51135 3.65014 12.916 11.5801 6.05293 12.0655 38.6364 18.5429 11.1694 21.0597 17.9287 13.7745 8.15673 9.36453 12.0611 5.5062 17.0218 13.7019 3.95775 8.51438 2.29549 4.65705 3.88435 7.04969 24.4004 7.41981
threshold=17.500000000000004 21.500000000000004 5.5000000000000009 22.500000000000004 14.500000000000002 1.0000000180025095e-35 5.5000000000000009 4.5000000000000009 37.500000000000007 5.5000000000000009 22.500000000000004 4.5000000000000009 1.0000000180025095e-35 22.500000000000004 1.5000000000000002 22.500000000000004 5.5000000000000009 3.5000000000000004 2.5000000000000004 1.5000000000000002 1.0000000180025095e-35 16.500000000000004 1.0000000180025095e-35 1.5000000000000002 20.500000000000004 2.5000000000000004 22.500000000000004 1.0000000180025095e-35 37.500000000000007 37.500000000000007
decision_type=2 2 2 2 2 2 2 2 2 2 2 2 2 2 2 2 2 2 2 2 2 2 2 2 2 2 2 2 2 2
left_child=4 24 -3 -4 -1 6 7 19 9 11 -11 12 13 -7 15 -14 17 18 22 20 -6 -21 -10 -24 25 26 -2 28 -28 -29
right_child=1 2 3 -5 5 8 -8 -9 16 10 -12 -13 14 -15 -16 -17 -18 -19 -20 21 -22 -23 23 -25 -26 -27 27 29 -30 -31
leaf_value=7.4476443269910926e-05 0.00053694615890453391 -0.003170519650918253 -0.0016899638692848386 0.018285938774351963 -0.012371133267879487 -0.022303829311082761 0.037153004296123983 -0.032024211850431229 -0.020050146058201792 -0.077154841025670384 0.012562730442732574 0.021275121056371266 -0.015973587085803351 0.043933953655262786 -0.0079665522493514006 -0.069542976965506875 0.029406801673273249 -0.01874074311754494 0.035665111630051226 0.010574079737826078 0.047178950564314925 -0.033049833457227111 0.026241413364186884 -0.014688804414537219 0.0071441533509641886 -0.0019714942208737063 -0.039779440282533572 0.032194473773662774 0.031518688797950743 0.0057373054887888573
leaf_weight=3600 154 416 32 32 24 24 24 27 24 24 24 54 24 24 162 24 24 54 27 54 24 27 24 27 240 413 24 53 24 53
leaf_count=3600 154 416 32 32 24 24 24 27 24 24 24 54 24 24 162 24 24 54 27 54 24 27 24 27 240 413 24 53 24 53
internal_value=0 0.00139301 -0.00164139 0.00829799 -0.000464657 -0.00316033 0.00300589 -0.00224751 -0.00521573 -0.00895892 -0.0322961 -0.00536859 -0.0109452 0.0108151 -0.0159189 -0.0427583 0.00227063 -0.00190416 0.00700932 0.00398482 0.0174039 -0.00396722 -0.00330676 0.00457247 0.00290862 0.00149874 0.006152 0.0117671 -0.00413038 0.0189659
internal_weight=0 1441 480 64 4320 720 180 156 540 360 48 312 258 48 210 48 180 156 102 129 48 81 75 51 961 721 308 154 48 106
internal_count=5761 1441 480 64 4320 720 180 156 540 360 48 312 258 48 210 48 180 156 102 129 48 81 75 51 961 721 308 154 48 106
is_linear=0
shrinkage=0.05


Tree=137
num_leaves=31
num_cat=0
split_feature=2 0 1 0 0 2 1 0 0 0 2 1 1 2 1 1 2 1 0 0 2 2 0 0 1 2 0 1 0 2
split_gain=1.36242 3.43038 9.12719 4.18877 5.70444 13.6995 15.6351 21.6546 8.44589 7.96523 13.2773 7.90283 18.5954 5.18641 4.9729 4.32083 27.751 49.5259 14.881 13.2486 21.6237 20.9112 41.5974 12.8841 12.6597 9.45616 7.49241 3.8802 8.74038 13.063
threshold=3.5000000000000004 1.0000000180025095e-35 22.500000000000004 10.500000000000002 5.5000000000000009 4.5000000000000009 22.500000000000004 2.5000000000000004 3.5000000000000004 4.5000000000000009 5.5000000000000009 1.0000000180025095e-35 22.500000000000004 5.5000000000000009 37.500000000000007 22.500000000000004 4.5000000000000009 37.500000000000007 7.5000000000000009 7.5000000000000009 5.5000000000000009 4.5000000000000009 6.5000000000000009 9.5000000000000018 1.0000000180025095e-35 5.5000000000000009 6.5000000000000009 37.500000000000007 19.500000000000004 4.5000000000000009
decision_type=2 2 2 2 2 2 2 2 2 2 2 2 2 2 2 2 2 2 2 2 2 2 2 2 2 2 2 2 2 2
left_child=-1 2 -2 4 5 6 7 -3 14 10 11 -7 -13 -11 -8 19 17 -17 26 21 23 -6 -23 24 -21 -20 -18 -5 29 -29
right_child=1 3 -4 27 15 9 8 -9 -10 13 -12 12 -14 -15 -16 16 18 -19 25 20 -22 22 -24 -25 -26 -27 -28 28 -30 -31
leaf_value=0.00066778623022467479 -0.024585761102991037 -0.028276130758846801 0.0050387981992501482 -0.0039080328781157733 -0.015962743127925529 0.038614042330947188 -0.030377595237007851 0.02178699647386869 -0.0464698928511805 -0.024240409924338263 -0.0038061446401115974 -0.017777764134936865 0.026233812292209932 0.0034246604423969988 -3.1132057861045551e-05 0.069684469575683278 -0.003263294390019249 -0.0044968844784630665 0.024689589040698831 0.012579455940673749 0.01973527934557448 -0.007942132717546296 0.070270834835794035 -0.045021137533088527 -0.02935260298351447 -0.0058111255639232695 -0.036457052520092799 0.01323442878086626 0.014688334964215755 -0.011625797849908276
leaf_weight=3284 52 36 52 1000 36 36 27 54 36 36 128 36 72 32 27 45 34 45 54 36 48 34 34 36 36 48 34 81 100 152
leaf_count=3284 52 36 52 1000 36 36 27 54 36 36 128 36 72 32 27 45 34 45 54 36 48 34 34 36 36 48 34 81 100 152
internal_value=0 -0.000885349 -0.00977348 -0.000495815 0.00188246 -0.00182059 -0.0129744 0.00176175 -0.0277106 0.00408438 0.00791086 0.018326 0.0115633 -0.0112216 -0.0152044 0.00558552 0.0101433 0.0325938 -0.00174228 0.00102775 -0.00818783 0.0148511 0.0311644 -0.0205981 -0.00838657 0.0103363 -0.0198602 -0.00235134 0.00232343 -0.0029834
internal_weight=0 2477 104 2373 1040 520 180 90 90 340 272 144 108 68 54 520 260 90 170 260 156 104 68 108 72 102 68 1333 333 233
internal_count=5761 2477 104 2373 1040 520 180 90 90 340 272 144 108 68 54 520 260 90 170 260 156 104 68 108 72 102 68 1333 333 233
is_linear=0
shrinkage=0.05


Tree=138
num_leaves=31
num_cat=0
split_feature=0 0 2 0 0 0 1 2 0 2 2 1 2 2 2 0 0 0 0 2 0 2 2 0 1 0 1 2 2 1
split_gain=1.33857 2.44444 2.63243 2.30484 2.19452 3.71984 7.88385 13.0832 37.5417 24.4579 19.2941 68.2197 11.0862 30.05 29.7791 20.7023 10.5133 7.94227 6.76191 2.83704 12.4003 10.592 37.199 8.58658 16.6318 8.03058 34.3828 16.8252 25.0897 10.135
threshold=17.500000000000004 21.500000000000004 5.5000000000000009 22.500000000000004 7.5000000000000009 5.5000000000000009 22.500000000000004 4.5000000000000009 6.5000000000000009 2.5000000000000004 1.0000000180025095e-35 1.0000000180025095e-35 4.5000000000000009 2.5000000000000004 1.5000000000000002 6.5000000000000009 6.5000000000000009 6.5000000000000009 6.5000000000000009 3.5000000000000004 4.5000000000000009 1.5000000000000002 1.0000000180025095e-35 4.5000000000000009 1.0000000180025095e-35 2.5000000000000004 22.500000000000004 4.5000000000000009 5.5000000000000009 22.500000000000004
decision_type=2 2 2 2 2 2 2 2 2 2 2 2 2 2 2 2 2 2 2 2 2 2 2 2 2 2 2 2 2 2
left_child=4 -2 -3 -4 5 19 7 9 -9 10 -7 -12 13 14 15 -8 -15 -11 -14 20 -1 22 -22 25 -25 29 -27 -28 -29 -21
right_child=1 2 3 -5 -6 6 12 8 -10 17 11 -13 18 16 -16 -17 -18 -19 -20 23 21 -23 -24 24 -26 26 27 28 -30 -31
leaf_value=-0.0012666058591019142 0.0027750411547204862 -0.0030465814033120227 -0.0016425176232587547 0.017334586766082793 -0.0014481404436616383 -0.012317622033879162 -0.020726382383145392 -0.0075450273340239241 0.066757293352309399 -0.0019144901798831091 -0.015316573963226641 0.08484480547554353 -0.0031001258860616126 0.048716606142827211 -0.049133046281834444 0.036148278095060958 0.010504276036388344 -0.035127328460415205 -0.034634199519367782 -0.014450768315687014 0.038591490473481829 0.028428018408724005 -0.037647208175621928 -0.05073633560767541 -0.0045597574601952849 0.027572972821788146 -0.040724246330662739 0.030182834714651108 -0.03066508253104985 0.0035725582110432866
leaf_weight=680 961 416 32 32 2400 32 32 34 34 36 34 34 34 36 36 32 36 36 34 156 32 72 32 26 78 104 36 36 32 156
leaf_count=680 961 416 32 32 2400 32 32 34 34 36 34 34 34 36 36 32 36 36 34 156 32 72 32 26 78 104 36 36 32 156
internal_value=0 0.00131963 -0.00159423 0.00784603 -0.000440181 0.000819768 0.00463167 0.0110396 0.0296061 0.00369936 0.019698 0.0347641 -0.00177627 0.0049806 -0.0127529 0.00771095 0.0296104 -0.0185209 -0.0188672 -0.000450867 0.00148988 0.0152723 0.000472141 -0.00298877 -0.0161039 -0.000365741 0.00724431 -0.0130844 0.00154852 -0.00543911
internal_weight=0 1441 480 64 4320 1920 480 240 68 172 100 68 240 172 100 64 72 72 68 1440 816 136 64 624 104 520 208 104 68 312
internal_count=5761 1441 480 64 4320 1920 480 240 68 172 100 68 240 172 100 64 72 72 68 1440 816 136 64 624 104 520 208 104 68 312
is_linear=0
shrinkage=0.05


Tree=139
num_leaves=31
num_cat=0
split_feature=0 0 2 0 2 1 1 0 1 1 1 2 2 2 2 2 0 1 1 2 2 2 2 2 1 1 1 1 2 2
split_gain=1.23791 3.81891 4.76467 22.2774 4.60348 17.9678 7.01349 5.11414 6.79987 8.81965 4.9183 19.6258 15.3522 4.74869 3.83793 3.51564 2.50183 12.3675 27.9493 6.88482 13.9419 6.02856 12.912 18.9204 12.7151 6.51279 21.5698 3.30879 2.5888 2.49885
threshold=19.500000000000004 21.500000000000004 5.5000000000000009 20.500000000000004 1.5000000000000002 37.500000000000007 1.0000000180025095e-35 20.500000000000004 22.500000000000004 1.0000000180025095e-35 1.0000000180025095e-35 2.5000000000000004 4.5000000000000009 3.5000000000000004 3.5000000000000004 1.0000000180025095e-35 22.500000000000004 37.500000000000007 22.500000000000004 4.5000000000000009 1.5000000000000002 1.5000000000000002 4.5000000000000009 5.5000000000000009 22.500000000000004 22.500000000000004 37.500000000000007 1.0000000180025095e-35 3.5000000000000004 2.5000000000000004
decision_type=2 2 2 2 2 2 2 2 2 2 2 2 2 2 2 2 2 2 2 2 2 2 2 2 2 2 2 2 2 2
left_child=-1 2 4 -4 5 6 -2 8 9 -6 -9 -12 13 -13 -10 -8 17 18 19 20 -3 24 25 -24 -18 -23 -27 -22 -20 -19
right_child=1 16 3 -5 7 -7 15 10 14 -11 11 12 -14 -15 -16 -17 21 29 28 -21 27 22 23 -25 -26 26 -28 -29 -30 -31
leaf_value=-0.00032774373410844593 -0.0088495464228531898 0.020113395527005196 -0.037407229654490948 0.021591408574022353 0.023898157775402069 -0.032278588101925222 0.031021683383733036 0.019886995468820848 0.01681120302528143 -0.01159760783825602 -0.038497121280266181 0.040577839149369133 -0.022311154132088028 0.010923379438894766 0.04023606507107616 0.0082444660676022369 0.011113036171916654 0.02620347963216213 -0.048318406865000725 0.022114925167988988 -0.0083827070064014849 0.0053453232610115309 -0.037904188316315417 0.016467858268879355 -0.032128964057740045 0.061502793876247276 -0.0016985566527755174 -0.033136259847217138 -0.027251991033554079 0.0056119194966466994
leaf_weight=4801 34 34 32 32 35 34 32 35 36 35 27 27 24 27 34 36 34 26 35 32 27 54 32 32 34 27 27 27 25 34
leaf_count=4801 34 34 32 32 35 34 32 35 36 35 27 27 24 27 34 36 34 26 35 32 27 54 32 32 34 27 27 27 25 34
internal_value=0 0.00163906 0.00479264 -0.00790791 0.00674657 -0.000800455 0.00969226 0.0104123 0.0171696 0.00615027 0.00365491 -0.00175578 0.0109624 0.0257506 0.028189 0.0189632 -0.00151452 -0.00512428 -0.0116774 0.00225434 -0.00496769 0.00209524 0.0070779 -0.0107182 -0.010508 0.0176237 0.0299021 -0.0207595 -0.0395407 0.0145349
internal_weight=0 960 480 64 416 136 102 280 140 70 140 105 78 54 70 68 480 240 180 120 88 240 172 64 68 108 54 54 60 60
internal_count=5761 960 480 64 416 136 102 280 140 70 140 105 78 54 70 68 480 240 180 120 88 240 172 64 68 108 54 54 60 60
is_linear=0
shrinkage=0.05


Tree=140
num_leaves=31
num_cat=0
split_feature=2 1 0 0 0 2 0 2 0 0 0 1 2 0 2 2 0 1 0 2 0 0 2 1 2 0 0 0 0 0
split_gain=1.18279 3.3538 7.32666 5.08228 12.9298 34.0037 7.08572 6.50799 6.28124 4.29377 3.32669 19.5053 22.2324 16.5537 32.0534 8.53179 22.4715 25.6248 20.6174 41.5633 17.8149 23.6105 20.8632 12.2279 32.0009 19.7563 48.6394 14.2021 21.0263 13.9804
threshold=3.5000000000000004 1.0000000180025095e-35 22.500000000000004 2.5000000000000004 4.5000000000000009 1.5000000000000002 1.5000000000000002 2.5000000000000004 5.5000000000000009 18.500000000000004 6.5000000000000009 37.500000000000007 1.5000000000000002 4.5000000000000009 1.0000000180025095e-35 1.5000000000000002 10.500000000000002 37.500000000000007 7.5000000000000009 1.0000000180025095e-35 9.5000000000000018 8.5000000000000018 2.5000000000000004 22.500000000000004 2.5000000000000004 13.500000000000002 16.500000000000004 22.500000000000004 21.500000000000004 14.500000000000002
decision_type=2 2 2 2 2 2 2 2 2 2 2 2 2 2 2 2 2 2 2 2 2 2 2 2 2 2 2 2 2 2
left_child=1 2 3 6 5 -5 -1 8 -6 -9 11 12 13 -3 -15 18 17 20 19 -12 21 22 -17 24 25 -18 -27 28 -25 -26
right_child=-2 10 -4 4 7 -7 -8 9 -10 -11 15 -13 -14 14 -16 16 23 -19 -20 -21 -22 -23 -24 27 29 26 -28 -29 -30 -31
leaf_value=0.0034860916654853263 -0.00082492248545640301 -0.011638560270657764 0.025773302093148234 0.017651891312561931 -0.024308071129024028 -0.053185344466732613 0.031441655360600528 0.016079036704456758 0.0014742486322155367 -0.0035008652653131219 -0.012522145663388074 -0.0091115476457918655 0.018607184750079695 0.053834119893144822 -0.01693556602112949 -0.064369557880693012 -0.065792225025318285 0.0054552024256231055 0.00024606462734267303 0.080531764911332487 -0.061538115128253905 0.012138061929080221 -0.010539558923078909 0.0050200925330923067 0.034625838945309323 0.039120910185630679 -0.041089977298878019 0.034381292594803707 -0.034891107678413393 -0.0028222179615203249
leaf_weight=68 2477 160 35 32 25 36 34 126 429 36 24 238 252 32 32 36 27 72 783 24 36 36 36 396 36 27 63 36 36 81
leaf_count=68 2477 160 35 32 25 36 34 126 429 36 24 238 252 32 32 36 27 72 783 24 36 36 36 396 36 27 63 36 36 81
internal_value=0 0.000622208 0.00338977 0.00239305 0.000840448 -0.0198502 0.0128046 0.00312448 5.45174e-05 0.0117279 -0.000300313 0.0025757 0.00841932 -0.00304204 0.0184493 -0.00147439 -0.00479697 -0.0188998 0.00219603 0.0340048 -0.0310773 -0.0209237 -0.0374546 -0.000457636 -0.00979002 -0.0282803 -0.0170267 0.00420855 0.00169416 0.00870026
internal_weight=0 3284 821 786 684 68 102 616 454 162 2463 714 476 224 64 1749 918 216 831 48 144 108 72 702 234 117 90 468 432 117
internal_count=5761 3284 821 786 684 68 102 616 454 162 2463 714 476 224 64 1749 918 216 831 48 144 108 72 702 234 117 90 468 432 117
is_linear=0
shrinkage=0.05


Tree=141
num_leaves=31
num_cat=0
split_feature=0 0 1 2 2 1 2 1 2 2 1 2 1 2 2 2 2 2 0 2 2 0 2 1 2 2 0 1 2 1
split_gain=1.17911 2.19023 3.23755 11.8764 10.1932 5.44126 10.6645 34.8693 17.0874 10.1178 19.0064 16.121 12.4315 7.72958 8.33231 10.7955 5.03261 15.3622 12.366 3.53338 7.77886 2.05731 2.07271 2.72742 31.8856 7.18116 6.23755 5.3892 14.608 24.1902
threshold=17.500000000000004 14.500000000000002 1.0000000180025095e-35 5.5000000000000009 4.5000000000000009 37.500000000000007 5.5000000000000009 22.500000000000004 4.5000000000000009 1.0000000180025095e-35 22.500000000000004 1.5000000000000002 22.500000000000004 5.5000000000000009 3.5000000000000004 2.5000000000000004 1.5000000000000002 1.0000000180025095e-35 16.500000000000004 1.0000000180025095e-35 1.5000000000000002 21.500000000000004 5.5000000000000009 1.0000000180025095e-35 3.5000000000000004 2.5000000000000004 22.500000000000004 37.500000000000007 1.5000000000000002 22.500000000000004
decision_type=2 2 2 2 2 2 2 2 2 2 2 2 2 2 2 2 2 2 2 2 2 2 2 2 2 2 2 2 2 2
left_child=1 -1 3 4 16 6 8 -8 9 10 -4 12 -11 14 15 19 17 -3 -18 -7 -21 -2 23 24 26 27 -23 28 29 -25
right_child=21 2 5 -5 -6 13 7 -9 -10 11 -12 -13 -14 -15 -16 -17 18 -19 -20 20 -22 22 -24 25 -26 -27 -28 -29 -30 -31
leaf_value=9.0355438581253927e-05 0.0025737351828529018 -0.011770885810256005 -0.021145535508791606 0.035620794538408516 -0.0300975587632921 -0.019004537537693978 -0.07297165159446499 0.012260034463057916 0.020536806389551472 -0.015131803633024297 0.041780355270020664 -0.0075861561572018238 -0.066022727141777676 0.028647791345914206 -0.017713883044888024 0.033686260437523881 0.0098982356212757253 0.044801688908288881 -0.031544477240768851 0.024972444714512678 -0.014149966063322845 -0.0053663059989256523 0.0069420959509443499 0.028913689240374987 -0.049460360539310119 0.0071996490363604761 0.024484637502048698 0.0051711529941083148 -0.040297309640381078 -0.030730119243483334
leaf_weight=3600 961 24 24 24 27 24 24 24 54 24 24 162 24 24 54 27 54 24 27 24 27 35 64 34 34 156 35 52 36 34
leaf_count=3600 961 24 24 24 27 24 24 24 54 24 24 162 24 24 54 27 54 24 27 24 27 35 64 34 34 156 35 52 36 34
internal_value=0 -0.000413131 -0.00293056 0.00287671 -0.00216084 -0.00486632 -0.00841534 -0.0303558 -0.00503988 -0.0103931 0.0103174 -0.015127 -0.0405773 0.00223171 -0.00183231 0.00657559 0.00368638 0.0165154 -0.003916 -0.00318426 0.00426058 0.00123853 -0.00143465 -0.00272338 -0.00973568 -0.000385951 0.00955917 -0.00797155 -0.0145429 -0.000908215
internal_weight=0 4320 720 180 156 540 360 48 312 258 48 210 48 180 156 102 129 48 81 75 51 1441 480 416 104 312 70 156 104 68
internal_count=5761 4320 720 180 156 540 360 48 312 258 48 210 48 180 156 102 129 48 81 75 51 1441 480 416 104 312 70 156 104 68
is_linear=0
shrinkage=0.05


Tree=142
num_leaves=31
num_cat=0
split_feature=0 0 2 0 2 1 1 0 2 2 1 1 2 2 2 2 2 0 0 0 2 1 1 1 1 0 0 0 0 2
split_gain=1.12082 3.27983 4.31195 20.1053 4.2573 16.1993 6.35913 4.61551 6.8876 10.6407 6.75873 4.40598 17.3134 13.8064 4.23668 3.17287 2.13166 9.83857 6.63777 7.40194 16.989 35.42 17.5527 16.5247 21.3999 12.9098 9.93428 14.5637 8.10899 6.16315
threshold=19.500000000000004 21.500000000000004 5.5000000000000009 20.500000000000004 1.5000000000000002 37.500000000000007 1.0000000180025095e-35 20.500000000000004 2.5000000000000004 4.5000000000000009 22.500000000000004 1.0000000180025095e-35 2.5000000000000004 4.5000000000000009 3.5000000000000004 1.0000000180025095e-35 1.5000000000000002 18.500000000000004 13.500000000000002 6.5000000000000009 1.0000000180025095e-35 22.500000000000004 1.0000000180025095e-35 22.500000000000004 1.0000000180025095e-35 9.5000000000000018 11.500000000000002 9.5000000000000018 9.5000000000000018 1.0000000180025095e-35
decision_type=2 2 2 2 2 2 2 2 2 2 2 2 2 2 2 2 2 2 2 2 2 2 2 2 2 2 2 2 2 2
left_child=16 2 4 -4 5 6 -2 8 -6 10 -10 -9 -13 14 -14 -8 17 18 19 -1 23 22 -22 24 28 -25 27 -23 -21 -19
right_child=1 -3 3 -5 7 -7 15 11 9 -11 -12 12 13 -15 -16 -17 -18 29 -20 20 21 26 -24 25 -26 -27 -28 -29 -30 -31
leaf_value=-0.0019400306425398283 -0.0086094683803179684 -0.0013629193084004026 -0.035624310187995438 0.020424397313036025 0.035135357537203364 -0.030805651887374764 0.029329610546119513 0.018810048699378967 -0.016220695297751161 0.033750648330897096 0.014417715118421862 -0.036183453209836174 0.038299960063563454 -0.02128304143746694 0.010289769688690151 0.0076912522522939583 -0.00094844882709088315 0.035905990749597549 -0.0057846739508750043 -0.016282281000167133 0.016974290886095592 -0.010997308495764932 0.056562223302067394 0.03059419443209966 -0.038023926111470374 -0.0037085330375703053 -0.026541679131332787 0.032549344754079355 0.022165100439451635 0.0057481854222714906
leaf_weight=448 34 480 32 32 36 34 32 35 36 32 36 27 27 24 27 36 3517 32 320 24 56 48 56 48 56 64 32 32 32 36
leaf_count=448 34 480 32 32 36 34 32 35 36 32 36 27 27 24 27 36 3517 32 320 24 56 48 56 48 56 64 32 32 32 36
internal_value=0 0.00155962 0.00448216 -0.00759996 0.00634094 -0.000916776 0.00904618 0.00986612 0.0162856 0.00976071 -0.00090149 0.00344663 -0.00167451 0.0102709 0.0242949 0.017874 -0.000311859 0.00143182 0.00039682 0.0026045 0.00714902 0.0168858 0.0367683 -0.00258775 -0.0161681 0.0109926 -0.00299666 0.00642135 0.00568765 0.0199401
internal_weight=0 960 480 64 416 136 102 280 140 104 72 140 105 78 54 68 4801 1284 1216 896 448 224 112 224 112 112 112 80 56 68
internal_count=5761 960 480 64 416 136 102 280 140 104 72 140 105 78 54 68 4801 1284 1216 896 448 224 112 224 112 112 112 80 56 68
is_linear=0
shrinkage=0.05


Tree=143
num_leaves=31
num_cat=0
split_feature=0 0 2 0 2 1 1 1 1 0 2 2 2 2 1 2 0 0 0 2 1 1 1 1 0 0 0 0 2 1
split_gain=1.01154 2.96005 3.89154 18.1451 3.84222 14.6199 5.73911 4.24407 5.11227 10.9736 9.94597 3.57522 2.86351 2.02715 17.9886 1.92383 8.87931 5.99059 6.68025 15.3326 31.9665 15.8413 14.9135 19.3134 11.6511 8.96568 13.1437 7.31837 5.56225 5.14071
threshold=19.500000000000004 21.500000000000004 5.5000000000000009 20.500000000000004 1.5000000000000002 37.500000000000007 1.0000000180025095e-35 1.0000000180025095e-35 22.500000000000004 20.500000000000004 3.5000000000000004 3.5000000000000004 1.0000000180025095e-35 1.0000000180025095e-35 22.500000000000004 1.5000000000000002 18.500000000000004 13.500000000000002 6.5000000000000009 1.0000000180025095e-35 22.500000000000004 1.0000000180025095e-35 22.500000000000004 1.0000000180025095e-35 9.5000000000000018 11.500000000000002 9.5000000000000018 9.5000000000000018 1.0000000180025095e-35 37.500000000000007
decision_type=2 2 2 2 2 2 2 2 2 2 2 2 2 2 2 2 2 2 2 2 2 2 2 2 2 2 2 2 2 2
left_child=15 2 4 -4 5 6 -2 -6 -9 11 -11 -10 -8 14 -3 16 17 18 -1 22 21 -21 23 27 -24 26 -22 -20 -18 -26
right_child=1 13 3 -5 7 -7 12 8 9 10 -12 -13 -14 -15 -16 -17 28 -19 19 20 25 -23 24 -25 29 -27 -28 -29 -30 -31
leaf_value=-0.0018430294702868975 -0.0081789969959679774 0.016929145727772266 -0.03384309359826148 0.019403176032938063 0.020034921142671788 -0.029265369069488612 0.027863127272576095 -0.0052139259342636381 0.014352123956713411 0.015652767899963591 -0.022056835670681563 0.036961041190250614 0.007306687947776583 -2.0287049567111985e-05 -0.036087019549449907 -0.00090102658857042512 0.034110693167895077 -0.0054954403918600295 -0.015468173396463196 0.016125578020832369 -0.010447442209503305 0.053734114269276947 0.029064483692248663 -0.036122730800083706 0.010647606482962146 -0.025214593963755763 0.03092187613947317 0.021056845458224418 0.0054607736257215348 -0.017693819443229588
leaf_weight=448 34 32 32 32 70 34 32 70 36 36 34 34 36 416 32 3517 32 320 24 56 48 56 48 56 32 32 32 32 36 32
leaf_count=448 34 32 32 32 70 34 32 70 36 36 34 34 36 416 32 3517 32 320 24 56 48 56 48 56 32 32 32 32 36 32
internal_value=0 0.00148164 0.00425805 -0.00721996 0.0060239 -0.000870938 0.00859387 0.00937282 0.00581878 0.0113351 -0.00266333 0.0253336 0.0169803 -0.00129477 -0.00957894 -0.000296266 0.00136023 0.000376979 0.00247427 0.00679157 0.0160415 0.0349298 -0.00245836 -0.0153597 0.010443 -0.00284682 0.00610029 0.00540327 0.0189431 -0.00352311
internal_weight=0 960 480 64 416 136 102 280 210 140 70 70 68 480 64 4801 1284 1216 896 448 224 112 224 112 112 112 80 56 68 64
internal_count=5761 960 480 64 416 136 102 280 210 140 70 70 68 480 64 4801 1284 1216 896 448 224 112 224 112 112 112 80 56 68 64
is_linear=0
shrinkage=0.05


Tree=144
num_leaves=31
num_cat=0
split_feature=0 0 2 0 2 1 1 1 1 0 2 1 2 2 1 2 2 0 1 2 1 0 1 2 2 1 2 0 0 1
split_gain=0.912912 2.67144 3.51211 16.3759 3.4676 13.1944 5.17955 3.83027 4.61382 9.90366 8.97624 3.32893 2.58432 1.84078 2.6145 28.5783 6.22898 5.62939 5.07787 13.3427 20.881 8.58668 4.43462 14.6964 4.7444 1.99587 1.73625 8.01358 5.48943 10.5967
threshold=19.500000000000004 21.500000000000004 5.5000000000000009 20.500000000000004 1.5000000000000002 37.500000000000007 1.0000000180025095e-35 1.0000000180025095e-35 22.500000000000004 20.500000000000004 3.5000000000000004 37.500000000000007 1.0000000180025095e-35 5.5000000000000009 1.0000000180025095e-35 3.5000000000000004 2.5000000000000004 22.500000000000004 37.500000000000007 1.5000000000000002 22.500000000000004 22.500000000000004 37.500000000000007 4.5000000000000009 3.5000000000000004 22.500000000000004 1.5000000000000002 18.500000000000004 16.500000000000004 1.0000000180025095e-35
decision_type=2 2 2 2 2 2 2 2 2 2 2 2 2 2 2 2 2 2 2 2 2 2 2 2 2 2 2 2 2 2
left_child=26 2 4 -4 5 6 -2 -6 -9 11 -11 -10 -8 14 15 17 18 -3 19 20 -16 -20 23 24 -18 -15 27 28 -1 -30
right_child=1 13 3 -5 7 -7 12 8 9 10 -12 -13 -14 25 16 -17 22 -19 21 -21 -22 -23 -24 -25 -26 -27 -28 -29 29 -31
leaf_value=0.0015104088671197295 -0.007770044367541285 -0.0052225375681051187 -0.032150940317660574 0.018433016422204674 0.019033175776047365 -0.027802099595668123 0.026469974126666785 -0.004953232029719013 0.034970608401511401 0.01487012861503495 -0.020953992228297628 0.01316323102584907 0.0069413564685318202 0.015493844775483013 0.027138355149723153 -0.046918182513293105 0.012565349725385509 0.023135857922690257 0.025854622529676331 -0.038213284686207771 -0.02827581956106074 -0.014781369716645435 -0.0050132185793839972 -0.015323681558948012 0.038235270319920446 -0.0021655434975400567 -0.00085597490500695828 0.017995934681419065 0.015481578779872508 -0.017742177707805239
leaf_weight=1088 34 35 32 32 70 34 32 70 35 36 34 35 36 32 34 34 36 35 26 36 34 26 52 32 36 32 3517 68 32 96
leaf_count=1088 34 35 32 32 70 34 32 70 35 36 34 35 36 32 34 34 36 35 26 36 34 26 52 32 36 32 3517 68 32 96
internal_value=0 0.00140756 0.00404515 -0.00685896 0.0057227 -0.000827389 0.00816418 0.00890418 0.00552784 0.0107684 -0.00253016 0.0240669 0.0161313 -0.00123003 -0.00244452 -0.00931012 -0.000155995 0.00895666 -0.00722082 -0.0135995 -0.000568732 0.00553663 0.00690883 0.0128699 0.0254003 0.00666415 -0.000281453 0.00129222 0.00035813 -0.00943624
internal_weight=0 960 480 64 416 136 102 280 210 140 70 70 68 480 416 104 312 70 156 104 68 52 156 104 72 64 4801 1284 1216 128
internal_count=5761 960 480 64 416 136 102 280 210 140 70 70 68 480 416 104 312 70 156 104 68 52 156 104 72 64 4801 1284 1216 128
is_linear=0
shrinkage=0.05


Tree=145
num_leaves=31
num_cat=0
split_feature=0 0 1 2 0 2 2 1 2 2 2 0 0 0 1 2 0 2 2 2 0 1 1 1 0 0 1 0 0 2
split_gain=0.839867 2.97446 7.18371 12.2081 33.8814 21.7774 16.144 60.3104 9.57231 28.1672 24.751 16.9215 9.39323 7.00331 6.67318 2.47116 10.9265 9.39109 31.9519 7.97442 8.18514 26.9568 24.3226 7.9754 7.13755 6.44523 8.47023 9.67856 25.6075 9.17935
threshold=7.5000000000000009 5.5000000000000009 22.500000000000004 4.5000000000000009 6.5000000000000009 2.5000000000000004 1.0000000180025095e-35 1.0000000180025095e-35 4.5000000000000009 2.5000000000000004 1.5000000000000002 6.5000000000000009 6.5000000000000009 6.5000000000000009 37.500000000000007 3.5000000000000004 4.5000000000000009 1.5000000000000002 1.0000000180025095e-35 4.5000000000000009 1.5000000000000002 22.500000000000004 22.500000000000004 37.500000000000007 1.0000000180025095e-35 4.5000000000000009 1.0000000180025095e-35 2.5000000000000004 1.5000000000000002 5.5000000000000009
decision_type=2 2 2 2 2 2 2 2 2 2 2 2 2 2 2 2 2 2 2 2 2 2 2 2 2 2 2 2 2 2
left_child=1 15 3 5 -5 6 -3 -8 9 10 11 -4 -11 -7 -10 16 -1 18 -18 20 22 -22 -17 24 -21 26 29 28 -28 -26
right_child=-2 2 8 4 -6 13 7 -9 14 12 -12 -13 -14 -15 -16 19 17 -19 -20 23 21 -23 -24 -25 25 -27 27 -29 -30 -31
leaf_value=-0.001058554464732023 -0.00042682965239097749 -0.01090035526722204 -0.019798006513155997 -0.0069793823668185401 0.063607816091355157 -0.0020845803949568007 -0.014921414545353721 0.079254900181994714 -0.033398668687133225 0.046329842231029442 -0.0459115161250035 0.031621626554988326 0.010210380475554202 -0.03327244052456485 -0.0020721638465628907 -0.025715337362554339 0.035859312841785139 0.026853906178277816 -0.034798211744055153 -0.019649635704562948 0.0043315658242338234 -0.038935047554938748 0.032406381434864469 0.013569850515683785 0.036543672097225983 -0.015057486660924614 -0.019733550898073354 -0.015727384936283617 0.041632658681448775 -0.00026110510807484392
leaf_weight=680 3841 32 32 34 34 36 34 34 34 36 36 32 36 36 34 36 32 72 32 51 72 72 36 102 36 51 34 68 34 32
leaf_count=680 3841 32 32 34 34 36 34 34 34 36 36 32 36 36 34 36 32 72 32 51 72 72 36 102 36 51 34 68 34 32
internal_value=0 0.000853882 0.00426255 0.0103793 0.0283142 0.0032888 0.0183853 0.0321667 -0.00185425 0.00442436 -0.0127446 0.00591181 0.0282701 -0.0176785 -0.0177354 -0.000282339 0.00152895 0.0144664 0.000530551 -0.00265094 -0.0104193 -0.0173017 0.00334552 0.00146173 -0.00257431 0.000840755 0.00481532 -0.00238892 0.0109496 0.0192238
internal_weight=0 1920 480 240 68 172 100 68 240 172 100 64 72 72 68 1440 816 136 64 624 216 144 72 408 306 255 204 136 68 68
internal_count=5761 1920 480 240 68 172 100 68 240 172 100 64 72 72 68 1440 816 136 64 624 216 144 72 408 306 255 204 136 68 68
is_linear=0
shrinkage=0.05


Tree=146
num_leaves=31
num_cat=0
split_feature=0 1 2 2 0 2 1 2 2 1 1 1 2 2 0 2 2 0 2 2 1 1 2 2 2 2 2 2 0 0
split_gain=0.850413 2.50097 17.5363 9.19092 24.3946 7.94674 26.4622 7.70608 4.03573 34.8633 2.91272 2.38655 8.40884 7.22737 10.4369 17.9391 9.77141 5.32731 6.5872 4.8911 51.4239 11.3227 14.291 13.8698 4.20557 2.12411 1.89117 1.54136 7.26682 5.02336
threshold=19.500000000000004 1.0000000180025095e-35 5.5000000000000009 3.5000000000000004 21.500000000000004 5.5000000000000009 37.500000000000007 1.5000000000000002 1.0000000180025095e-35 22.500000000000004 22.500000000000004 22.500000000000004 4.5000000000000009 1.5000000000000002 22.500000000000004 2.5000000000000004 3.5000000000000004 20.500000000000004 3.5000000000000004 4.5000000000000009 37.500000000000007 37.500000000000007 2.5000000000000004 1.5000000000000002 3.5000000000000004 1.0000000180025095e-35 1.5000000000000002 1.5000000000000002 18.500000000000004 13.500000000000002
decision_type=2 2 2 2 2 2 2 2 2 2 2 2 2 2 2 2 2 2 2 2 2 2 2 2 2 2 2 2 2 2
left_child=27 2 3 7 -5 8 10 25 9 -3 -7 12 13 -10 15 -15 -17 18 -13 21 -21 22 23 -19 26 -2 -23 28 29 -1
right_child=1 5 -4 4 -6 6 -8 -9 11 -11 -12 17 -14 14 -16 16 -18 19 -20 20 -22 24 -24 -25 -26 -27 -28 -29 -30 -31
leaf_value=0.0022421034507195663 0.0051048417546553544 0.035127466724952684 0.040236830187495798 0.015344257652759553 -0.044550934784552632 -0.042736216448247433 0.023617484798887745 0.019202734467883908 0.013155788328084681 -0.028790829260833564 -0.021402866486459973 0.0058362087959216704 0.02209006407065317 -0.0549639423136358 0.014208693374638204 0.016220579158376765 -0.0263178702029917 0.024293463249449379 0.033930985399467109 -0.063703931371370953 0.03980119408418735 -0.010861862085207745 0.035329760624854649 -0.026386672147998103 -0.022843395339118111 -0.012599765568221403 0.0053449909858129642 -0.00081296574958182512 0.017117479624336258 -0.0050559153065842114
leaf_weight=896 32 32 32 34 34 32 32 72 36 64 32 54 32 27 27 27 27 27 34 24 24 27 54 27 27 36 54 3517 68 320
leaf_count=896 32 32 32 34 34 32 32 72 36 64 32 54 32 27 27 27 27 27 34 24 24 27 54 27 27 36 54 3517 68 320
internal_value=0 0.00135852 0.0057788 0.000477564 -0.0146033 -0.000114906 -0.0135072 0.00780257 0.00194545 -0.00748473 -0.0320695 0.00366002 -0.00109391 -0.0062459 -0.0127131 -0.0216871 -0.00504865 0.00603699 0.016691 0.00248565 -0.0119514 0.00569388 0.0171416 -0.0010466 -0.00575382 -0.00426819 -5.72934e-05 -0.000271648 0.00121108 0.000321572
internal_weight=0 960 240 208 68 720 96 140 624 96 64 528 176 144 108 81 54 352 88 264 48 216 108 54 108 68 81 4801 1284 1216
internal_count=5761 960 240 208 68 720 96 140 624 96 64 528 176 144 108 81 54 352 88 264 48 216 108 54 108 68 81 4801 1284 1216
is_linear=0
shrinkage=0.05


Tree=147
num_leaves=31
num_cat=0
split_feature=0 1 2 2 0 2 1 2 2 1 0 1 2 2 0 2 2 0 2 2 1 1 2 2 2 2 2 0 0 1
split_gain=0.767497 2.25713 15.8265 8.2948 22.0161 7.17193 23.8822 6.95474 3.64224 31.4642 2.74513 2.15386 7.58897 6.5227 9.4193 16.19 8.81869 4.8079 5.94495 4.41422 46.4101 10.2187 12.8976 12.5175 3.79553 1.91701 1.70678 1.46299 2.68445 6.4833
threshold=19.500000000000004 1.0000000180025095e-35 5.5000000000000009 3.5000000000000004 21.500000000000004 5.5000000000000009 37.500000000000007 1.5000000000000002 1.0000000180025095e-35 22.500000000000004 21.500000000000004 22.500000000000004 4.5000000000000009 1.5000000000000002 22.500000000000004 2.5000000000000004 3.5000000000000004 20.500000000000004 3.5000000000000004 4.5000000000000009 37.500000000000007 37.500000000000007 2.5000000000000004 1.5000000000000002 3.5000000000000004 1.0000000180025095e-35 1.5000000000000002 7.5000000000000009 5.5000000000000009 22.500000000000004
decision_type=2 2 2 2 2 2 2 2 2 2 2 2 2 2 2 2 2 2 2 2 2 2 2 2 2 2 2 2 2 2
left_child=27 2 3 7 -5 8 10 25 9 -3 -7 12 13 -10 15 -15 -17 18 -13 21 -21 22 23 -19 26 -2 -23 28 -1 -30
right_child=1 5 -4 4 -6 6 -8 -9 11 -11 -12 17 -14 14 -16 16 -18 19 -20 20 -22 24 -24 -25 -26 -27 -28 -29 29 -31
leaf_value=-0.00026830827327406346 0.0048496028350200511 0.033371096808332369 0.03822498774388805 0.01457704385085141 -0.042323384455898228 -0.020110798627138139 0.022436610347358513 0.01824260043601195 0.012497999125884639 -0.027351287007331849 -0.040821331512415786 0.0055443986974380638 0.020985559280961755 -0.052215745065499232 0.013498260453343392 0.015409549518867775 -0.025001972817160469 0.023078788885915722 0.032234432320932253 -0.060518741297225155 0.037811136742432916 -0.010318769473168586 0.033563272551529938 -0.025067338899329855 -0.021701226411042392 -0.011969780567516056 0.0050777410605439442 -0.00097059554777456289 0.0098602852892751489 -0.0017616203629101318
leaf_weight=1440 32 32 32 34 34 32 32 72 36 64 32 54 32 27 27 27 27 27 34 24 24 27 54 27 27 36 54 2881 240 240
leaf_count=1440 32 32 32 34 34 32 32 72 36 64 32 54 32 27 27 27 27 27 34 24 24 27 54 27 27 36 54 2881 240 240
internal_value=0 0.00129059 0.00548986 0.000453687 -0.0138732 -0.000109161 -0.0128318 0.00741245 0.00184817 -0.00711049 -0.0304661 0.00347702 -0.00103921 -0.00593361 -0.0120775 -0.0206027 -0.00479621 0.00573514 0.0158565 0.00236137 -0.0113538 0.00540919 0.0162845 -0.000994275 -0.00546613 -0.00405478 -5.44291e-05 -0.000258065 0.000811102 0.00404933
internal_weight=0 960 240 208 68 720 96 140 624 96 64 528 176 144 108 81 54 352 88 264 48 216 108 54 108 68 81 4801 1920 480
internal_count=5761 960 240 208 68 720 96 140 624 96 64 528 176 144 108 81 54 352 88 264 48 216 108 54 108 68 81 4801 1920 480
is_linear=0
shrinkage=0.05


Tree=148
num_leaves=31
num_cat=0
split_feature=0 1 2 2 0 2 1 2 2 1 1 1 2 2 0 2 2 0 2 2 1 1 2 2 2 2 2 2 0 2
split_gain=0.692666 2.03706 14.2835 7.48606 19.8695 6.47267 21.5537 6.27665 3.28712 28.3964 2.62872 1.94386 6.84905 5.88674 8.50092 14.6115 7.95887 4.33913 5.36532 3.98383 41.8851 9.22241 11.6401 11.297 3.42546 1.7301 1.54037 1.39128 6.58918 5.01993
threshold=19.500000000000004 1.0000000180025095e-35 5.5000000000000009 3.5000000000000004 21.500000000000004 5.5000000000000009 37.500000000000007 1.5000000000000002 1.0000000180025095e-35 22.500000000000004 22.500000000000004 22.500000000000004 4.5000000000000009 1.5000000000000002 22.500000000000004 2.5000000000000004 3.5000000000000004 20.500000000000004 3.5000000000000004 4.5000000000000009 37.500000000000007 37.500000000000007 2.5000000000000004 1.5000000000000002 3.5000000000000004 1.0000000180025095e-35 1.5000000000000002 1.5000000000000002 18.500000000000004 1.0000000180025095e-35
decision_type=2 2 2 2 2 2 2 2 2 2 2 2 2 2 2 2 2 2 2 2 2 2 2 2 2 2 2 2 2 2
left_child=27 2 3 7 -5 8 10 25 9 -3 -7 12 13 -10 15 -15 -17 18 -13 21 -21 22 23 -19 26 -2 -23 28 -1 -30
right_child=1 5 -4 4 -6 6 -8 -9 11 -11 -12 17 -14 14 -16 16 -18 19 -20 20 -22 24 -24 -25 -26 -27 -28 -29 29 -31
leaf_value=0.00031651363024138847 0.0046071193282841705 0.031702541647246112 0.036313736764714125 0.013848191921544427 -0.040207217600854009 -0.039076097962970381 0.021314778138184921 0.01733046691450808 0.011873098007506794 -0.025983721768716352 -0.018809422478079797 0.0052671771694871566 0.019936282915296033 -0.049604958575218919 0.012823346160628177 0.014639071347536864 -0.023751872791736215 0.021924845791525312 0.030622715722112094 -0.057492800119022525 0.035920582308123512 -0.0098028288257342791 0.03188511000739204 -0.023813970607739907 -0.020616163478957283 -0.011371288575335509 0.0048238546070125373 -0.00075945147800883972 0.030719361267983913 0.0035019348168538675
leaf_weight=1216 32 32 32 34 34 32 32 72 36 64 32 54 32 27 27 27 27 27 34 24 24 27 54 27 27 36 54 3517 32 36
leaf_count=1216 32 32 32 34 34 32 32 72 36 64 32 54 32 27 27 27 27 27 34 24 24 27 54 27 27 36 54 3517 32 36
internal_value=0 0.00122606 0.00521537 0.000431001 -0.0131795 -0.000103702 -0.0121902 0.00704182 0.00175577 -0.00675497 -0.0289428 0.00330317 -0.000987253 -0.00563693 -0.0114736 -0.0195726 -0.0045564 0.00544839 0.0150636 0.0022433 -0.0107861 0.00513873 0.0154703 -0.000944562 -0.00519282 -0.00385204 -5.17065e-05 -0.000245162 0.00116353 0.0163101
internal_weight=0 960 240 208 68 720 96 140 624 96 64 528 176 144 108 81 54 352 88 264 48 216 108 54 108 68 81 4801 1284 68
internal_count=5761 960 240 208 68 720 96 140 624 96 64 528 176 144 108 81 54 352 88 264 48 216 108 54 108 68 81 4801 1284 68
is_linear=0
shrinkage=0.05


Tree=149
num_leaves=31
num_cat=0
split_feature=0 0 1 2 0 2 2 1 2 2 0 2 2 2 0 2 0 1 2 2 2 0 1 0 1 0 1 2 1 0
split_gain=0.726516 2.42272 5.85117 11.0892 30.5779 19.5028 14.6479 54.4302 8.57605 26.4533 6.32049 6.28672 12.0592 11.401 6.10262 2.12238 9.86116 9.35276 20.8704 12.5433 7.61004 7.22949 15.1386 7.73886 29.6935 14.4106 20.6856 10.0304 8.57858 12.5386
threshold=7.5000000000000009 5.5000000000000009 22.500000000000004 4.5000000000000009 6.5000000000000009 2.5000000000000004 1.0000000180025095e-35 1.0000000180025095e-35 4.5000000000000009 3.5000000000000004 6.5000000000000009 1.0000000180025095e-35 2.5000000000000004 1.5000000000000002 6.5000000000000009 3.5000000000000004 4.5000000000000009 37.500000000000007 1.0000000180025095e-35 1.5000000000000002 2.5000000000000004 4.5000000000000009 1.0000000180025095e-35 2.5000000000000004 22.500000000000004 3.5000000000000004 37.500000000000007 4.5000000000000009 22.500000000000004 1.5000000000000002
decision_type=2 2 2 2 2 2 2 2 2 2 2 2 2 2 2 2 2 2 2 2 2 2 2 2 2 2 2 2 2 2
left_child=1 15 3 5 -5 6 -3 -8 9 11 -7 -4 13 -13 -10 16 -1 18 -18 -20 -21 23 -23 28 27 -26 -27 -25 -17 -30
right_child=-2 2 8 4 -6 10 7 -9 14 -11 -12 12 -14 -15 -16 21 17 -19 19 20 -22 22 -24 24 25 26 -28 -29 29 -31
leaf_value=-0.0010107916067628301 -0.00039698350662983851 -0.010976287766243332 0.013584470376372337 -0.0070448095745900101 0.060013032660764812 -0.0023947450849745012 -0.014686940024223397 0.074780562344719387 -0.0017032575081376471 0.042405207682814861 -0.03202321297592587 -0.0024317321134731174 0.011641409289505748 -0.043449241461025349 -0.031660630367696285 -0.013290760112114441 0.062081586930435154 -0.0089727692963445897 -0.02131343735381961 0.040899741937647817 0.0033595430078329869 -0.047501801642087789 -0.0034467844555202201 0.047683698414928387 0.007171449666986099 -0.061588311138061382 0.0014831068209157541 0.015044411841560813 0.013314455545220811 -0.016755949064659385
leaf_weight=680 3841 32 32 34 34 36 34 34 34 36 36 32 36 36 34 156 24 34 24 27 27 26 78 36 52 26 26 68 104 52
leaf_count=680 3841 32 32 34 34 36 34 34 34 36 36 32 36 36 34 156 24 34 24 27 27 26 78 36 52 26 26 68 104 52
internal_value=0 0.000794173 0.00387049 0.0093909 0.0264841 0.00263311 0.0169194 0.0300468 -0.00164991 0.00429298 -0.017209 -0.00579555 -0.0117586 -0.0241469 -0.0166819 -0.000231266 0.00144733 0.013738 0.0213082 0.00876254 0.0221296 -0.00242636 -0.0144605 -1.95218e-05 0.00745103 -0.0114406 -0.0300526 0.0263426 -0.00499989 0.00329099
internal_weight=0 1920 480 240 68 172 100 68 240 172 72 136 104 68 68 1440 816 136 102 78 54 624 104 520 208 104 52 104 312 156
internal_count=5761 1920 480 240 68 172 100 68 240 172 72 136 104 68 68 1440 816 136 102 78 54 624 104 520 208 104 52 104 312 156
is_linear=0
shrinkage=0.05


end of trees

feature_importances:
hour=2047
dayofweek=1488
minute=965

parameters:
[boosting: gbdt]
[objective: regression]
[metric: rmse]
[tree_learner: serial]
[device_type: cpu]
[data: ]
[valid: ]
[num_iterations: 150]
[learning_rate: 0.05]
[num_leaves: 31]
[num_threads: 0]
[deterministic: 0]
[force_col_wise: 0]
[force_row_wise: 0]
[histogram_pool_size: -1]
[max_depth: -1]
[min_data_in_leaf: 20]
[min_sum_hessian_in_leaf: 0.001]
[bagging_fraction: 1]
[pos_bagging_fraction: 1]
[neg_bagging_fraction: 1]
[bagging_freq: 0]
[bagging_seed: 3]
[feature_fraction: 0.9]
[feature_fraction_bynode: 1]
[feature_fraction_seed: 2]
[extra_trees: 0]
[extra_seed: 6]
[early_stopping_round: 0]
[first_metric_only: 0]
[max_delta_step: 0]
[lambda_l1: 0]
[lambda_l2: 0]
[linear_lambda: 0]
[min_gain_to_split: 0]
[drop_rate: 0.1]
[max_drop: 50]
[skip_drop: 0.5]
[xgboost_dart_mode: 0]
[uniform_drop: 0]
[drop_seed: 4]
[top_rate: 0.2]
[other_rate: 0.1]
[min_data_per_group: 100]
[max_cat_threshold: 32]
[cat_l2: 10]
[cat_smooth: 10]
[max_cat_to_onehot: 4]
[top_k: 20]
[monotone_constraints: ]
[monotone_constraints_method: basic]
[monotone_penalty: 0]
[feature_contri: ]
[forcedsplits_filename: ]
[refit_decay_rate: 0.9]
[cegb_tradeoff: 1]
[cegb_penalty_split: 0]
[cegb_penalty_feature_lazy: ]
[cegb_penalty_feature_coupled: ]
[path_smooth: 0]
[interaction_constraints: ]
[verbosity: -1]
[saved_feature_importance_type: 0]
[linear_tree: 0]
[max_bin: 255]
[max_bin_by_feature: ]
[min_data_in_bin: 3]
[bin_construct_sample_cnt: 200000]
[data_random_seed: 1]
[is_enable_sparse: 1]
[enable_bundle: 1]
[use_missing: 1]
[zero_as_missing: 0]
[feature_pre_filter: 1]
[pre_partition: 0]
[two_round: 0]
[header: 0]
[label_column: ]
[weight_column: ]
[group_column: ]
[ignore_column: ]
[categorical_feature: ]
[forcedbins_filename: ]
[precise_float_parser: 0]
[parser_config_file: ]
[objective_seed: 5]
[num_class: 1]
[is_unbalance: 0]
[scale_pos_weight: 1]
[sigmoid: 1]
[boost_from_average: 1]
[reg_sqrt: 0]
[alpha: 0.9]
[fair_c: 1]
[poisson_max_delta_step: 0.7]
[tweedie_variance_power: 1.5]
[lambdarank_truncation_level: 30]
[lambdarank_norm: 1]
[label_gain: ]
[lambdarank_position_bias_regularization: 0]
[eval_at: ]
[multi_error_top_k: 1]
[auc_mu_weights: ]
[num_machines: 1]
[local_listen_port: 12400]
[time_out: 120]
[machine_list_filename: ]
[machines: ]
[gpu_platform_id: -1]
[gpu_device_id: -1]
[gpu_use_dp: 0]
[num_gpu: 1]

end of parameters

pandas_categorical:[]
